username,followers,reels,avg_views,max_views,avg_comments,max_comments,avg_likes,last_upload_days,posts_per_week,verdict,error
1life_tem,0,12,5216,28142,69.2,225,35.5,204.0,7.6,ok,
1min.living,0,12,2958,7445,34.8,97,9.1,0.1,6.0,ok,
100art_official,0,12,158078,567013,2076.1,9393,657.9,15.8,0.2,ok,
0bong100,0,12,272,968,0.6,5,31.4,111.0,0.1,ok,
1min.pick,0,12,4812,7379,64.2,207,14.2,16.1,16.8,ok,
1min__livingpick,0,12,910,2456,2.1,5,2.2,0.0,7.6,ok,
1min_soldout,0,12,1935,8998,13.8,57,14.3,111.4,0.7,ok,
1min_lo,0,12,58438,662744,178.3,1787,110.1,0.1,16.8,ok,
1minsnack,0,12,141004,889055,37.4,265,500.3,2.3,8.4,ok,
1minute_honeytem,0,12,1736,3572,9.9,37,6.4,154.9,6.0,ok,
1sun17,0,8,41,61,0.8,2,6.9,906.6,0.3,ok,
20s_pick,0,12,9338,61081,43.6,278,31.1,1.1,9.3,ok,
217fashion_kr,0,12,132121,1327395,290.1,1808,108.8,18.2,0.5,ok,
2_zzangu,0,12,538,1419,20.3,57,8.2,3.0,6.0,ok,
2905_home,0,12,118365,277014,237.2,898,368.5,0.9,1.7,ok,
2floor.home,0,12,71479,249561,493.8,2605,304.2,2.1,1.0,ok,
2daero_recipe,0,6,2326,5868,55.7,112,31.0,0.0,8.4,ok,
365dailynote,0,12,33219,366202,1208.2,14113,197.1,9.5,0.8,ok,
3nam_fam,0,12,1926,4310,52.2,129,13.9,36.5,7.6,ok,
40brich,0,12,88955,762344,162.8,1786,163.8,167.0,0.5,ok,
3rabbit_us,0,12,61879,230549,1463.0,3460,362.2,3.0,2.3,ok,
4eu_pick,0,12,5048,11567,116.6,279,47.6,0.3,7.6,ok,
46month.kr,0,12,452718,2506068,41.3,208,15404.8,59.1,0.1,ok,
5bok_house,0,12,507607,3413165,2087.7,20405,3215.6,3.2,0.1,ok,
5bok_billion_home,0,12,137898,484063,826.4,3743,385.7,0.1,1.2,ok,
5452__home,0,12,1275032,11397450,560.8,2579,8764.6,0.1,0.2,ok,
5f.zip,0,12,766064,5828078,2256.8,14661,40743.2,0.3,0.4,ok,
7sosoyoung8,0,12,17373,106069,101.8,189,226.8,0.5,1.1,ok,
5s.shopping,0,12,5966,15611,21.6,56,10.6,0.0,42.0,ok,
____rorohome,0,12,9148,20907,60.2,420,22.6,3.4,1.7,ok,
___luckyhome,0,12,6395,65864,15.7,157,25.8,0.3,4.7,ok,
__heyhome,0,12,277235,1246229,1769.5,8608,1350.7,0.9,2.8,ok,
__flowo,0,12,1869,3680,81.6,205,35.5,0.5,7.6,ok,
__home.zip,0,12,144886,726189,667.8,4223,750.1,17.0,0.9,ok,
_amour_j,0,12,40476,89060,183.8,382,3.0,0.1,3.4,ok,
_bearnco_,0,12,134262,1293401,905.6,7996,73.2,1.5,0.5,ok,
_bestitem_,0,12,32934,181762,44.5,342,64.8,2.2,12.0,ok,
_bonihome_,0,12,32478,66551,433.2,1320,125.8,0.1,21.0,ok,
_bonihome__,0,12,17249,51881,383.3,1704,93.1,1.3,3.1,ok,
_chocohomee_,0,12,162624,486305,1205.2,9524,586.9,3.9,2.0,ok,
_beautyflowerrr_,,,,,,,,,,unknown,
_dami_home,0,12,1828,7693,11.8,28,8.3,7.3,1.6,ok,
_deco.with.me,0,12,9265,19035,132.1,457,33.1,198.5,2.8,ok,
_diet_.my,0,12,107739,310989,81.6,108,482.9,2.1,2.3,ok,
_good_good11,0,12,597,1708,35.6,59,26.1,80.7,0.5,ok,
_homefiinds,0,12,10202,89533,49.9,459,26.1,1.0,7.0,ok,
_ggultem.moa_,,,,,,,,,,unknown,
_itemhome_,0,12,400651,3091188,2316.7,20326,3295.6,2.1,0.2,ok,
_jennyreview,0,12,11445,20185,635.1,1893,95.5,65.0,5.2,ok,
_home.edit,,,,,,,,,,unknown,
_lilys_home,0,12,133767,597642,4886.3,20673,591.4,56.5,0.6,ok,
_leo_ayoh_,0,12,3414,6260,16.7,31,156.9,22.0,0.1,ok,
_miso.home,0,12,49629,307307,959.0,5522,273.8,1.0,6.5,ok,
_mj._.home,0,12,197667,1956357,1250.9,9614,3.0,2.9,0.6,ok,
_mung_to_pia_,0,12,3971,43371,36.3,409,8.4,0.1,16.8,ok,
_moment_home,0,12,251153,2093389,4668.7,28418,1034.8,0.4,0.5,ok,
_oh.item_,0,12,35503,378017,1494.4,17136,266.1,0.1,1.6,ok,
_pick_item_,0,12,189962,1295210,895.3,6887,3684.6,67.1,0.2,ok,
_thanks.home_,0,12,4753,9847,67.8,190,20.5,0.4,3.7,ok,
_salimstory,0,12,3044,5543,21.1,72,7.5,73.2,21.0,ok,
_shine_home,0,12,4760,36746,16.2,54,9.5,0.0,16.8,ok,
_ygadd,0,12,13296,70303,23.3,109,28.8,0.4,14.0,ok,
a_home84,0,11,19179,45604,117.5,514,29.8,3.4,3.7,ok,
a.cl_edu,0,12,1237,2961,0.2,2,3.1,44.4,0.3,ok,
a__favorites,0,12,3916,31063,12.4,32,90.8,2.4,1.1,ok,
abi_b00,0,12,91585,522863,979.9,7766,192.0,0.5,14.0,ok,
aedarella.life,0,12,2254,3437,11.7,32,6.5,2.3,4.7,ok,
aetem_pick,0,12,3217,11843,82.0,203,29.0,93.5,3.1,ok,
again_mukjji,0,12,414303,1640174,76.8,332,4873.2,2.9,0.3,ok,
ah_ha_temm,0,12,34005,242794,287.5,1198,92.4,2.5,1.1,ok,
ailce_pang,0,12,23192,54055,18.0,56,420.8,0.9,0.4,ok,
alchan_cam,0,12,32935,288452,130.2,971,79.7,1.0,7.6,ok,
aljam_home.zip,0,12,475753,3297738,1099.6,7625,1526.0,4.1,0.9,ok,
aljja_item,0,12,426,1430,6.8,20,3.9,6.3,5.2,ok,
allabout.homedecor,0,12,37825,299128,36.8,67,1141.8,284.1,1.5,ok,
allday.item,0,12,57564,648346,1070.0,12524,115.0,11.9,0.3,ok,
allwhite_style,0,12,3068200,14079924,1988.1,13741,18448.7,9.0,0.1,ok,
alsaltem1,0,12,36200,236706,91.6,765,194.8,3.3,5.6,ok,
altem.collector,0,12,16289,177571,418.4,4807,99.8,2.1,3.7,ok,
ancco.home,0,2,16862,23171,0.0,0,71.5,496.4,3.5,ok,
alpacatem,,,,,,,,,,unknown,
altem,,,,,,,,,,unknown,
androf.shop,0,12,262750,1169711,103.2,370,5371.1,2.7,2.5,ok,
anna__wish,0,12,4106,18505,36.8,268,9.9,0.0,7.0,ok,
androf,,,,,,,,,,unknown,
annystory99,0,12,798,2874,2.3,5,3.5,128.5,9.3,ok,
any._home,0,12,54704,339912,489.6,5081,156.3,1.4,1.3,ok,
anya_bumag,0,12,895162,2386186,695.5,2128,9012.1,2.7,5.6,ok,
apartment.soo,0,12,106655,524469,47.2,122,1146.6,0.2,0.2,ok,
antenna_view,,,,,,,,,,unknown,
apollolabs_official,0,12,915284,6521276,18.2,142,9706.4,0.1,0.1,ok,
appa_jangbi,0,12,8677,64273,18.5,155,13.1,111.2,0.6,ok,
appa_pick,0,12,22138,180046,611.2,4850,209.4,176.5,2.1,ok,
apricot_tree11,0,12,101633,509074,651.9,2746,449.3,0.1,3.4,ok,
ara.ggomzirack,0,12,68058,342154,584.5,4626,278.7,140.3,0.6,ok,
archiwife_home,0,12,76691,472461,464.6,2349,1369.2,23.2,0.5,ok,
ari___rang_,0,12,153119,759347,158.5,1187,4987.1,0.3,0.4,ok,
arin_saedaek,0,10,14814,141991,157.2,1435,254.8,15.0,1.2,ok,
ari_home_oo,0,12,17808,208494,411.4,4843,115.8,0.9,1.3,ok,
arnew_official,0,12,571011,6178126,1173.1,12458,24985.0,2.1,0.2,ok,
artart.today,0,12,419516,1214123,20.4,73,4317.0,0.1,1.9,ok,
art__artefact,0,12,4690,22187,10.2,22,95.2,8.7,0.1,ok,
artatelier_lab,0,12,192047,1166301,260.8,2352,1629.0,0.0,0.3,ok,
ashleyvailxoxo,0,12,4478146,42045462,87.4,562,301350.1,0.5,0.1,ok,
arume_home,0,12,258934,1429007,6040.5,28615,792.6,0.3,1.8,ok,
at.home_official,0,12,17710,112522,80.0,272,61.8,11.0,3.8,ok,
atbusyhome,0,12,608171,3184859,32.8,143,5869.0,2.1,0.2,ok,
arum_home,,,,,,,,,,unknown,
athe_home,0,12,96574,538838,412.8,1993,373.9,184.5,1.0,ok,
atomiccrew_mkt,0,10,781,3292,1.3,2,12.5,235.2,2.5,ok,
attractive_ilsang,0,12,8432,23740,59.4,163,45.4,1.0,5.6,ok,
autocar_item,0,12,485828,3487406,1450.4,9608,3976.3,12.9,0.2,ok,
b_b.salim,0,11,29882,193459,257.5,1650,99.5,123.9,1.2,ok,
b_cafetero_b,0,12,46662,350414,192.1,1938,166.6,15.1,0.1,ok,
babmukja_0,0,12,575972,4323792,56.7,235,22014.5,2.9,0.3,ok,
bagnbuy.life,0,12,5193,23147,23.8,47,14.9,137.5,3.7,ok,
baggum_tem,0,12,6851,36971,70.2,211,58.0,54.2,4.4,ok,
bakbak.living,0,12,1016,2451,2.5,7,4.6,3.1,2.3,ok,
baek,,,,,,,,,,unknown,
banana.tem,0,12,36177,183838,17.2,35,172.3,230.5,2.4,ok,
baro._.now,0,6,370,576,7.3,19,27.5,244.5,1.5,ok,
balrabom,,,,,,,,,,unknown,
bauhome_official,0,12,19578,111242,284.5,1234,61.7,5.0,1.8,ok,
bangterior,,,,,,,,,,unknown,
bbanggootem,0,12,442745,2580361,1748.4,7724,1774.6,167.0,0.9,ok,
bbanzzak.home,0,12,115950,608523,1545.2,12532,283.1,20.3,1.2,ok,
bbg.meng,0,12,33373,214105,0.6,4,130.0,9.3,3.5,ok,
bbiyaki._.tem,0,12,12611,32374,572.9,2713,90.3,0.3,7.0,ok,
bbodeuk.home,0,12,13877,70124,100.8,345,65.2,36.4,6.0,ok,
bbongbbangguri,0,12,669037,3169106,31.1,166,11033.2,3.1,0.1,ok,
bbori_2026,0,12,793,1864,15.0,25,7.9,129.5,28.0,ok,
bbgr,,,,,,,,,,unknown,
beautiful.home_,0,12,6295,17626,117.3,668,41.7,1.4,10.5,ok,
bear_labom,0,12,1402,2983,22.4,55,9.0,69.1,1.4,ok,
beauty.home_insta,0,12,36595,156638,285.8,1166,97.3,95.0,1.2,ok,
beautyflow__official,0,12,84632,350851,6139.5,28341,470.8,3.1,0.2,ok,
beauty.mompick,0,12,2686,6230,70.5,186,14.4,111.8,4.9,ok,
bebe_loah,0,12,89745,249378,439.6,1869,556.8,0.9,1.2,ok,
bee._.hub,0,12,52255,282020,791.4,7356,196.9,0.9,0.7,ok,
berry._.home,0,12,101273,754340,295.1,2353,144.7,10.4,0.2,ok,
best_ggul_tem,0,12,700,1542,14.6,27,13.3,229.5,8.4,ok,
becky.becca.me,,,,,,,,,,unknown,
bestkagu_new,0,12,249101,1151822,11.9,75,3.0,198.1,1.1,ok,
beehub,,,,,,,,,,unknown,
better__item,0,12,24860,99550,549.7,3219,100.2,18.5,7.6,ok,
betterpick_home,0,12,354530,1826119,3448.8,38173,1781.9,0.0,0.3,ok,
bever_tem,0,10,186058,1849344,17.1,134,491.8,248.1,0.3,ok,
bible0103,0,12,197,387,0.8,2,2.0,0.2,7.6,ok,
bin._.boxing,0,12,34052,185447,717.0,3409,160.3,18.2,0.5,ok,
bini_home.lab,0,12,10681,29469,118.6,251,41.2,0.2,12.0,ok,
blackkittytem,0,12,48304,217291,24.4,208,1961.4,179.9,0.7,ok,
blackpoint.home,0,12,80395,412954,2858.6,24542,534.5,3.8,0.6,ok,
blee_hometem,0,12,9230,95836,183.0,1924,3.0,0.5,7.6,ok,
bling._.hs,0,12,4819,14930,77.0,226,24.1,15.3,0.5,ok,
bling_blingmart,0,12,661,3945,29.6,301,7.2,52.0,0.4,ok,
blissatto,0,12,66080,439640,99.9,645,635.4,2.3,0.1,ok,
bobo_sallim,0,12,35784,359400,353.2,3266,372.4,170.4,7.6,ok,
blu.lemonayd,0,12,109615,1003621,50.5,460,10176.4,133.1,0.8,ok,
bodam_tem,0,12,149507,727704,754.7,2983,486.6,168.0,0.9,ok,
bodere81,0,12,574844,2629141,157.2,1086,9277.5,1.3,0.2,ok,
bodlelog,0,12,330864,2103342,2771.9,16291,1552.2,0.4,2.0,ok,
bolmanhi,0,12,43336,478060,729.8,8527,148.0,0.3,0.3,ok,
bombom_pick,0,12,2454,6519,47.6,91,22.0,137.5,2.5,ok,
bomjubu_sarlim,0,12,42775,89695,307.8,752,3.0,3.9,2.1,ok,
bongbongtem,0,12,2096,10011,63.7,170,32.9,0.5,8.4,ok,
bonihome,0,12,20367,159075,3.6,16,298.1,2.1,0.8,ok,
bora.home_pick,0,12,921,1763,53.5,73,26.8,0.4,4.9,ok,
bori_homtem,0,12,604,1002,11.3,21,5.9,2.2,21.0,ok,
bori_tem,0,12,415,1558,8.2,17,7.0,71.0,16.8,ok,
borine_home,0,12,25878,159948,190.5,1300,93.4,0.1,1.1,ok,
bovely_home,0,12,180171,1069459,2067.5,22045,886.8,271.8,0.4,ok,
brand_n_budget,0,12,120259,780670,1166.5,7201,317.2,13.8,2.0,ok,
broke.chulsu,0,12,14684,56811,100.8,297,31.7,0.1,28.0,ok,
bshoppinglife,0,7,4992,29640,5.6,38,10.7,26.0,0.2,ok,
bungu,0,1,197,197,0.0,0,3.0,103.9,,ok,
bubu.pick,0,12,9230,29868,36.8,125,9.6,51.3,4.7,ok,
bunnyket0.0,0,12,3896,15548,15.2,41,19.2,99.9,0.3,ok,
bungu.store,0,12,4080013,20660446,449.3,1867,196732.4,2.6,0.1,ok,
buruk_market,0,10,6390,10699,262.2,650,39.0,7.9,0.5,ok,
buy5je,0,12,110493,701158,1002.8,9408,827.8,146.1,0.4,ok,
buyhome_26,0,12,1794,4738,9.3,21,5.2,0.0,14.0,ok,
by.rian.salim,0,12,41314,483367,22.8,45,179.6,0.1,1.8,ok,
by_homedam,0,12,10460,36873,236.3,1098,56.3,0.0,12.0,ok,
bunnysalim,,,,,,,,,,unknown,
by_syuing,0,12,9038,49463,152.2,395,79.0,161.4,2.8,ok,
bymiroom,0,12,339508,1605343,4651.8,23414,2063.5,0.4,0.2,ok,
byandroom,0,12,45416,447387,608.4,6305,649.1,175.4,4.0,ok,
by.potatotip,,,,,,,,,,unknown,
camp.now,0,12,6441,25967,85.9,258,20.8,0.1,14.0,ok,
c0t0.c0t0,0,12,11075,40711,0.8,6,100.0,1.0,5.6,ok,
cafe_almond30,0,12,178418,1013706,3623.8,35917,727.9,0.0,0.3,ok,
campdog.5bok.billion,0,12,69160,456578,385.3,2330,123.2,0.0,0.5,ok,
camping.code,0,12,49835,189037,307.2,916,183.4,6.5,6.5,ok,
camping.log_,0,12,43983,284331,206.7,1527,268.4,4.4,1.3,ok,
camping_ella,0,12,548063,3087705,1878.5,16485,3565.8,1.0,0.1,ok,
camping_on_tem,0,12,1581,3447,1.4,9,1.9,12.0,3.4,ok,
campingcart_pick,0,12,43057,240577,107.8,569,439.6,17.5,3.1,ok,
candycat111,0,12,2211,3459,5.8,14,4.8,1.4,5.2,ok,
campdog.obok.billion,,,,,,,,,,unknown,
captainplant38,0,12,194086,947097,197.6,2139,883.5,3.9,28.0,ok,
car.item.guide,0,12,32971,45305,92.2,281,37.2,20.0,8.4,ok,
casa__home__,0,12,4220,13973,31.9,83,19.7,2.5,2.5,ok,
casalumi_home,0,12,3972,11414,39.7,73,25.6,55.9,1.1,ok,
carte.rior,0,12,15851,168341,313.8,3642,58.1,180.5,1.1,ok,
celeb.beautytem,0,12,2677,6516,11.2,61,7.8,33.0,3.0,ok,
ch_sang826,0,12,21702,247107,558.8,6303,170.0,7.4,0.8,ok,
chachaunni11,0,12,2052,3473,9.8,34,14.7,229.4,7.6,ok,
casa_minim0,,,,,,,,,,unknown,
chae2home,0,10,147865,529706,4144.3,20028,3.0,0.4,8.8,ok,
chaeri_homes,0,12,4392,21486,50.2,227,10.4,25.0,5.2,ok,
chaesoon_home,0,12,127804,679088,252.4,1690,941.1,2.2,0.2,ok,
chaezip.home,0,12,786130,5217625,6040.6,48073,5904.8,3.0,0.3,ok,
charm._.tem,0,12,566,1613,12.6,23,8.5,5.0,1.0,ok,
charme._.home,0,12,6532,30832,114.2,273,72.8,32.4,2.0,ok,
charming__home,0,12,8241,14562,150.9,429,66.0,1.4,4.7,ok,
cherry.__.home,0,12,2033,3992,40.7,105,18.6,11.4,6.5,ok,
cheesecat.lab,0,12,17373,90613,13.3,35,57.4,57.4,2.3,ok,
cherry_meal,0,12,802175,3383472,2036.0,13299,8611.6,1.9,0.5,ok,
changsu.1999,,,,,,,,,,unknown,
cherub.456,0,12,77014,259879,2236.5,15421,322.0,1.0,0.4,ok,
chikii_pick,0,12,30536,155705,249.5,1606,197.2,2.0,7.6,ok,
choice_yi,0,12,1887,2978,7.7,25,5.5,2.1,6.5,ok,
chunbae_home,0,12,10058,98530,0.6,2,10.7,1.0,5.6,ok,
churai_home,0,12,967,2827,10.2,33,7.4,69.0,2.5,ok,
chuuchuu_tem,0,12,12970,27652,117.4,302,81.0,22.5,4.4,ok,
clark.reviews,0,12,54766,282705,61.4,182,222.3,1.8,0.7,ok,
claudel_unnie,0,12,202841,1596026,676.8,6862,795.0,197.9,2.1,ok,
cleanking_uni,0,12,31819,122876,401.6,1929,177.8,93.0,5.2,ok,
coco_haus_,0,12,140509,553302,2663.5,10939,739.7,0.3,3.8,ok,
coconesallim,0,12,599,1239,9.0,15,4.8,1.4,6.0,ok,
coco_home_7,0,12,1593,3712,15.0,45,6.2,4.8,4.0,ok,
comeon_salim,0,12,376746,3393305,1602.2,11967,2061.4,2.2,0.2,ok,
com_salim,0,12,45235,514980,24.7,85,338.8,30.0,2.0,ok,
coming.__.home,0,12,23055,263774,470.4,5018,127.7,56.4,1.0,ok,
cong_lyfe,0,12,169248,556763,1074.1,5547,3.0,7.0,0.9,ok,
commeci_kitchen,0,12,66906,407792,103.8,833,440.7,0.3,3.2,ok,
connectto____,0,12,9208,62931,8.0,56,12.2,6.2,7.0,ok,
cook.samuso,0,12,194950,2159160,2176.8,20468,2507.3,0.1,0.4,ok,
cooktime,0,12,470,1613,0.5,2,2.9,487.0,0.1,ok,
cooktime_official,0,12,3013,7919,1.8,7,15.5,1.0,7.0,ok,
cool_item_int,0,12,290813,3095077,223.1,2104,2505.8,2.3,2.5,ok,
cool_item_official,0,12,9561,46106,137.2,400,57.1,56.2,2.5,ok,
corub_i,0,12,775359,5235288,3525.1,9579,5723.2,1.0,1.5,ok,
coquelicot_day,0,12,1090716,8637860,1808.3,19328,753.9,2.0,0.2,ok,
cottony_log,0,12,45646,442977,460.2,3012,1659.0,1.9,7.0,ok,
cou.cou_mom,0,12,125448,537941,2144.7,11085,541.1,0.7,3.7,ok,
cozy.hany,0,12,29293,182602,679.6,5300,117.7,2.5,1.4,ok,
cozy.home.log,0,12,497651,2943400,1862.8,6116,1255.1,1.4,0.3,ok,
cozy_diystudio,0,12,56375,406388,549.6,3584,147.0,12.1,0.4,ok,
cozy_homezz,0,12,15731,41891,383.1,1284,109.5,9.5,1.2,ok,
cozynest_shop,0,2,169,325,0.0,0,2.0,2051.1,0.0,ok,
creators,0,12,17197817,33574868,1914.7,4512,75083.5,2.8,4.9,ok,
cuteeeefox,0,12,26027,145998,180.2,1937,89.0,29.9,1.5,ok,
d.ho_home,0,12,4410,8318,95.7,238,33.8,0.5,10.5,ok,
curation101,0,12,68576,394492,446.0,2016,329.3,0.8,1.6,ok,
d.nine.84,0,12,150034,506866,908.4,5107,3.0,1.4,6.0,ok,
cunningfrog123,,,,,,,,,,unknown,
da.il_home,0,12,37071,336387,341.4,1679,111.2,0.2,6.5,ok,
da_da__mom,0,12,185266,639995,543.6,2033,2021.2,1.5,2.5,ok,
dada_salrim,0,12,525710,3034782,1448.5,3445,4205.3,2.1,0.1,ok,
daerangmom,0,12,97860,329232,362.7,3134,267.3,100.0,0.2,ok,
daejeon_muk,0,12,1618,6876,5.9,24,18.0,26.0,5.6,ok,
dahae._.bom,0,12,3281,9222,78.2,122,35.2,130.4,9.3,ok,
daddylab.official,0,12,356203,3193313,114.3,1148,5762.9,0.3,0.2,ok,
daillypick,0,12,1375,3796,32.2,68,18.1,0.1,9.3,ok,
daily.s__,0,12,101713,364652,38.1,132,201.5,1.1,8.4,ok,
daily.item.up,0,12,292,491,26.0,32,15.8,0.9,8.4,ok,
daily_gom_pick,0,12,16137,30294,468.1,1253,134.8,65.1,9.3,ok,
daily.daily.home,,,,,,,,,,unknown,
daily_homez,0,12,8257,67450,82.2,391,33.3,0.5,2.0,ok,
daily__home__picks,,,,,,,,,,unknown,
daily_upitem,0,12,9330,107491,4.7,20,19.7,117.0,0.7,ok,
daily_pick5,0,12,509,753,7.1,13,5.2,107.5,7.6,ok,
dailypick_y,0,12,1232,10335,9.8,68,5.6,5.3,0.6,ok,
dajeongjubu,0,12,233327,1120692,2347.4,13769,1562.8,2.0,0.4,ok,
dailyuse.pick,0,12,2099,3467,5.7,32,9.5,3.1,8.4,ok,
dajung.papa,0,12,142950,793595,2089.2,13195,1543.5,200.5,1.8,ok,
dailyfinds026,,,,,,,,,,unknown,
dajung_salim,0,12,190317,923716,1336.2,12648,402.8,18.3,0.5,ok,
dajunghome,0,12,609,1806,17.6,51,9.3,0.5,14.0,ok,
daldal989,0,12,551,1547,0.2,2,2.2,0.5,8.4,ok,
dalhayan.zip,0,12,362494,1473864,347.6,2247,4129.2,3.4,0.4,ok,
dali_table,0,12,16443,41836,97.8,579,94.4,0.3,10.5,ok,
dally._home,0,12,4800,9590,94.7,312,19.6,0.2,12.0,ok,
dalyu_home,0,12,117832,844844,6.4,35,503.5,13.2,2.0,ok,
dam._.ddaa,0,12,3564,12990,192.9,1931,27.5,77.5,7.0,ok,
damadurim,0,12,1354,7547,2.1,10,1.4,0.4,12.0,ok,
dam.da.da,0,12,61510,448431,47.6,96,442.8,4.3,1.6,ok,
dam_a_dum,0,12,34139,215485,132.9,1353,175.2,95.4,0.5,ok,
dam.a._.dum,,,,,,,,,,unknown,
damda.home,0,12,174595,788950,933.6,3696,2985.4,2.5,0.6,ok,
dandan__home,0,12,277255,1600295,1196.1,3419,1514.8,4.3,0.1,ok,
dangdang2.pick,0,12,53306,296027,783.7,3175,639.0,0.1,7.0,ok,
danielyolo41,0,12,1426,9870,15.8,135,6.2,1.2,6.5,ok,
danjeong_salim,0,12,18895,153385,279.7,2972,101.1,0.5,4.2,ok,
dannikafaith,0,12,16647995,129135904,4867.4,30649,204234.8,1.8,0.1,ok,
dansunhyun,0,12,34342,90078,143.8,428,98.4,1.0,4.2,ok,
daolmarket77,0,12,991,1614,3.1,17,3.8,206.1,4.7,ok,
daram.note,0,12,42894,178685,427.8,3923,264.4,193.5,1.9,ok,
darimi_unni,0,12,2229154,22620895,6905.5,22505,9794.9,1.3,0.1,ok,
dasallim_tem,0,12,8014,22601,239.6,907,50.9,1.1,14.0,ok,
day_sian_,0,12,1021,2643,5.1,16,4.7,5.0,0.9,ok,
daolmarket,,,,,,,,,,unknown,
days_mompick,0,12,368,691,30.8,41,3.0,104.0,5.2,ok,
dayzarkive,0,12,20660,45799,548.8,1390,75.2,47.1,2.4,ok,
dayzcore,0,12,73094,197600,1092.1,2894,245.5,4.0,3.0,ok,
ddajumma_365,0,12,6380,10381,126.9,224,60.7,207.1,3.8,ok,
dayzhome,0,11,73870,197600,1231.2,2894,234.6,4.0,2.4,ok,
ddak.ittem,0,12,400327,2419510,1868.4,7260,3657.8,24.1,0.4,ok,
ddiyong_homecart,0,12,240407,1128698,280.4,2495,738.6,39.2,0.2,ok,
ddalkkaktem,0,12,17210,158729,204.5,1560,79.9,58.4,0.7,ok,
ddock_sun,0,12,130280,701461,3123.9,23600,1039.7,0.3,0.4,ok,
ddok._sori,0,12,18273,176016,148.0,1587,100.9,0.3,3.1,ok,
ddang.kongkuki,,,,,,,,,,unknown,
ddok.ping,0,12,7795,12286,251.6,637,66.9,0.1,16.8,ok,
ddok__tem,0,12,75157,327741,476.2,4082,1243.8,108.8,0.6,ok,
ddok_picks,0,12,3376,9529,60.0,264,21.8,0.0,3.7,ok,
ddoddo_ne_,,,,,,,,,,unknown,
ddongle._.life,0,12,2560,3705,36.6,114,15.2,18.2,1.3,ok,
ddooki_table,0,12,979459,5458184,268.6,2309,8840.8,4.1,0.6,ok,
ddosaggi,0,12,38191,431018,590.7,6712,162.3,51.8,1.4,ok,
de_elisa_shop,0,12,1526373,12420874,2478.5,8794,12557.2,1.9,0.1,ok,
dealsenselab,0,12,3933,14130,16.1,52,7.8,0.1,9.3,ok,
decidebuy_,0,12,1487,2314,15.9,52,4.7,7.0,3.4,ok,
de_melie,0,12,10168,35497,6.4,27,188.4,0.0,4.4,ok,
decomyhome_official,0,12,112413,654432,621.7,4159,641.0,41.1,1.3,ok,
departmnt.store,0,12,430481,2081386,52.5,229,1527.6,16.0,0.2,ok,
diary_of_saleena,0,12,26933,124964,51.5,119,101.0,0.1,2.4,ok,
deco_my_home_,,,,,,,,,,unknown,
dingdong__home,0,12,60620,386441,1549.8,10051,269.2,15.1,0.4,ok,
detective_homez,,,,,,,,,,unknown,
diva.pick,0,12,79605,274421,1222.9,5662,295.4,3.0,2.5,ok,
diy_salrim,0,12,460662,1693258,1474.2,3840,3370.3,2.3,0.1,ok,
do_it_with_hewitt,0,12,490963,5115347,1566.8,5520,3299.9,1.8,6.0,ok,
doda.hom,0,12,4395,23700,27.6,101,10.9,1.1,4.7,ok,
dio.pick,,,,,,,,,,unknown,
doit_tem,0,12,333289,3942667,57.0,367,2875.3,186.1,1.4,ok,
dontopia2025,0,12,34256,76184,40.9,133,74.9,2.9,7.0,ok,
dongi_home,0,12,3823,21416,29.0,47,3.0,0.1,16.8,ok,
doongjeee,0,12,5593,8394,60.8,145,33.2,31.0,10.5,ok,
doongji.life,0,12,6595,24366,165.8,535,65.6,181.5,6.5,ok,
doongx2_mom,0,12,260119,1047470,2362.3,13589,1628.8,3.2,0.1,ok,
doodlely93,,,,,,,,,,unknown,
doodlely,,,,,,,,,,unknown,
dtem.box,0,12,282535,1338597,2668.4,23983,3050.2,47.9,0.2,ok,
du._.rum._.ma,0,12,1063,2751,42.0,64,24.2,96.0,5.2,ok,
dorodong33,,,,,,,,,,unknown,
du_ri_nee,0,12,83872,330323,204.8,601,381.8,0.0,7.0,ok,
doto8243,,,,,,,,,,unknown,
dubu_home.tem,0,12,10063,33605,163.8,527,44.7,0.5,1.8,ok,
dul2home,0,12,18106,76699,526.4,2711,65.5,115.9,8.4,ok,
dullzzi._.mom,0,12,84312,227191,1499.2,5264,582.2,1.0,1.0,ok,
dulli.tem_,0,12,30156,223321,147.8,816,60.8,54.1,4.7,ok,
easyjubu,0,12,908983,4261203,236.8,737,4758.5,1.2,0.1,ok,
dugundugun45,,,,,,,,,,unknown,
dumbo_muksta,0,12,2682,6063,4.8,13,87.4,11.9,0.4,ok,
easyoppe,0,12,20850,95340,977.2,6806,196.1,0.1,3.4,ok,
easyspoon_baby,0,12,70587,351240,722.4,6645,217.9,1.5,1.4,ok,
editor.pick.tem,0,12,705,4004,25.6,69,16.2,0.0,12.0,ok,
ecowarmwinterplan,0,12,376277,3622786,27.9,200,2078.1,0.1,0.6,ok,
eeel_house,0,12,13285,149270,42.5,477,23.3,0.3,10.5,ok,
eeutzip_sallim,0,12,3089,5801,68.2,137,27.2,101.5,12.0,ok,
eeung.cook,0,12,7710,26091,152.4,461,62.0,0.4,8.4,ok,
eggrollpick,0,12,483322,3035013,7067.0,46884,2268.8,3.2,0.2,ok,
ego_master,0,11,111601,758518,102.5,873,355.2,0.3,0.1,ok,
egomoya_real,0,12,767,1154,0.2,2,1.8,23.0,4.4,ok,
ellys.home,0,12,133212,994213,620.9,2012,3.0,3.4,0.2,ok,
elena_nali,0,12,19268023,106941815,1694.8,15685,454889.3,0.1,0.5,ok,
elmom.home,0,11,108202,1022577,27.3,75,245.5,15.1,0.5,ok,
emerald.lving.home,0,12,17273,180437,29.3,214,60.3,186.4,6.0,ok,
elnazhamai,0,12,13837230,68751299,6420.9,48337,150599.3,0.7,0.4,ok,
emoti_home,0,12,204207,1563427,87.5,240,977.3,157.5,0.8,ok,
endor._.camping,0,12,334728,1786857,2211.1,7035,1343.8,0.2,0.5,ok,
eok_3man,0,12,799,1389,7.3,16,3.1,0.6,4.4,ok,
engji.pick,0,12,76748,405555,247.6,1410,738.2,0.4,7.6,ok,
eoni.daily,0,12,31006,261427,282.0,2300,438.6,0.5,1.2,ok,
eoseo_shop,0,12,8963,39481,81.9,419,78.0,0.3,7.0,ok,
eunyoung__jj,0,12,80417,293840,574.6,2777,3.0,1.3,2.9,ok,
eric.noon,0,12,1909,4059,38.2,103,18.2,16.2,5.6,ok,
eric,0,12,346818,3021048,1524.5,16362,6999.5,16.7,0.5,ok,
everyitemm,0,11,5198,48359,38.2,157,17.8,47.3,3.3,ok,
eye_spinning5,0,12,1563,6124,2.2,10,4.3,1.9,6.0,ok,
ez_life_living,0,12,222484,1684859,84.7,456,1480.5,0.2,0.4,ok,
everythingenvy,0,12,740716,5805537,418.5,3863,8303.7,1.6,3.7,ok,
family.pick,0,12,327,846,32.2,94,18.8,233.5,8.4,ok,
fancyfind_homedecor,0,12,163691,1679556,3.7,12,216.2,380.9,42.0,ok,
ez_comfy_life,,,,,,,,,,unknown,
favorite_dony,0,12,146152,715546,2742.9,16517,780.7,3.0,0.2,ok,
fans_item,,,,,,,,,,unknown,
favoritehouse.e,0,12,24919,116682,494.5,4141,109.2,0.9,4.0,ok,
fashionstyle._.s,,,,,,,,,,unknown,
feel._.athome,0,12,107306,421706,729.8,6306,674.7,2.3,0.3,ok,
feel_so_goodtem,0,12,1084,2172,21.9,78,6.2,115.3,6.5,ok,
findroom.co,0,12,313824,1530463,774.1,3334,3.0,0.2,21.0,ok,
fish.bread_living,0,12,18016,72229,431.1,2820,94.2,0.4,10.5,ok,
fitonfit_v,0,12,4068,7470,37.4,110,21.1,54.5,4.7,ok,
frau.heo,0,12,733812,4097762,371.7,1731,8916.6,0.4,0.1,ok,
freetem_,0,12,5503,8253,68.8,182,13.6,5.2,2.9,ok,
foryou_picks,0,12,15810,181507,1134.3,13588,273.8,5.0,0.4,ok,
fun_and_happy_risa,0,12,785740,9116921,29.1,78,415.7,0.9,0.2,ok,
fromjolie_home,0,12,61569,279345,407.8,3251,220.8,1.0,7.6,ok,
fun_stuffs75,0,12,2606450,23865240,2446.9,27587,80996.5,0.0,0.5,ok,
gadget_nissan_,0,12,348044,1683270,1481.9,8695,1301.6,0.1,7.6,ok,
gaeeeeurii,0,12,117201,278995,125.6,1074,818.8,7.7,0.5,ok,
gadget.life.withme,0,12,19653398,138758165,5601.0,32976,256500.3,1.9,0.1,ok,
gaemsung._.goods,0,12,4557,21887,114.8,307,46.8,118.5,1.4,ok,
g_home,,,,,,,,,,unknown,
gajigaji_house,0,12,26878,74988,211.2,698,82.8,8.3,2.6,ok,
gamdasallim,0,12,1852,3792,31.2,63,33.2,248.5,7.6,ok,
gamsung_salrim,0,12,526,1218,12.5,26,8.7,2.5,5.2,ok,
gappun.home,0,12,1437,3438,22.3,43,11.7,0.1,7.6,ok,
gamsung_salim7,0,12,75275,424989,116.2,819,1777.2,1.4,0.4,ok,
ganaeun_tem,0,12,27969,297473,741.6,7845,102.5,1.0,2.2,ok,
gasungbimoa,0,12,10056,102800,9.9,70,30.2,230.5,1.7,ok,
gentle_homes_,0,12,6578,56767,253.8,2547,79.0,191.5,3.1,ok,
gethoneyitem,0,12,75082,448306,767.9,3620,420.3,214.0,1.1,ok,
geniedeco_official,0,12,25120,288468,215.6,2493,178.1,92.2,1.2,ok,
gg_home__,0,12,59288,454297,1700.8,16565,270.9,0.2,0.5,ok,
geumson_tem,0,12,955,2461,1.9,14,1.7,0.1,5.2,ok,
ggachi._.tem,0,12,4391,7699,283.0,423,124.4,85.5,4.7,ok,
ggggul_ttem,0,12,3463,10251,49.2,377,12.3,3.3,4.0,ok,
ggimjjinlol,0,12,1441,3232,10.4,42,2.8,1.0,8.4,ok,
ggmimomo,0,12,723892,4052981,8032.7,53426,6027.1,1.4,0.2,ok,
ggom.tem,0,12,2787,5877,22.7,76,14.8,207.1,8.4,ok,
ggom_susalim,0,12,356011,1304463,4821.8,25350,1541.2,0.9,0.2,ok,
ggom_tem,0,12,4997,8993,161.5,440,50.1,0.5,3.8,ok,
ggomggom_nammae,0,12,2774,9679,47.7,192,24.7,128.5,5.2,ok,
ggomi_pic,0,12,153340,525008,104.0,936,1293.2,0.0,0.4,ok,
ggom.soo_,,,,,,,,,,unknown,
ggooww.2,0,12,36023,239857,744.2,6104,197.9,0.1,0.6,ok,
ggul.sallim,0,12,4918,10089,55.7,101,29.2,2.5,3.2,ok,
ggul_yang,0,12,453878,1612923,7068.9,25010,4260.9,1.0,0.6,ok,
ggulmat_salim,0,12,199299,1036307,2718.0,15890,1174.7,11.0,1.6,ok,
ggulggul._.tem,0,12,1887,6567,32.3,82,16.8,12.1,3.1,ok,
ggulpick_king,0,12,140436,1041170,39.5,348,720.8,76.1,0.4,ok,
ggultang.pick,0,12,63645,740665,1109.8,12937,386.8,22.0,0.5,ok,
ggultem.finder_,0,12,30851,360162,18.6,202,151.6,25.9,3.8,ok,
ggultem.guri,0,12,5458,31046,10.8,24,16.8,215.5,3.1,ok,
ggultem.hari,0,12,293846,3212179,166.3,944,6124.2,149.3,0.7,ok,
ggultem.here,0,12,16689,105314,249.6,1809,78.6,0.1,7.6,ok,
ggultem_ida,0,1,215,215,9.0,9,5.0,237.7,,ok,
ggultem_nott,0,11,12129,80295,255.5,1698,29.7,12.0,2.3,ok,
ggultem_mate,0,12,19820,171907,8.3,37,353.2,30.1,0.9,ok,
ggung.unni_home,0,12,94410,500468,1106.8,7735,344.2,0.1,0.7,ok,
ggultem_jipsa,0,12,7102,39346,36.5,123,43.3,2.1,1.2,ok,
ggushu_couple,0,12,3717,8412,2.9,10,16.5,0.9,4.7,ok,
ggyum2_note,0,12,243555,2408055,3157.8,34135,1883.7,0.1,0.4,ok,
ghddudal0150,0,4,2898,4670,21.8,39,12.8,254.3,1.0,ok,
ggung_unni,,,,,,,,,,unknown,
girin.home_,0,12,173976,807013,2550.7,15817,552.0,0.5,0.9,ok,
go.reun,0,12,2788,8753,71.2,196,31.7,51.5,6.0,ok,
gimmina7104,,,,,,,,,,unknown,
go_tem82,0,12,5364,56667,52.9,580,24.8,0.2,7.0,ok,
godlife_8282,0,12,487,642,26.8,45,15.9,210.0,7.6,ok,
girin.home,,,,,,,,,,unknown,
godofdeco,0,12,645674,3140248,1973.7,10861,4322.1,168.0,0.2,ok,
godtem.home,0,12,77104,556513,456.5,3157,350.4,0.1,0.2,ok,
gogohometem,0,12,2447,4586,170.0,217,91.3,90.5,3.5,ok,
going_home11,0,12,408,982,3.6,7,7.2,186.1,3.7,ok,
gogoon_home,0,12,1282,3083,40.2,84,19.7,0.9,8.4,ok,
golden_hand_fafa,0,12,80516,723210,2956.5,32153,450.0,1.5,1.2,ok,
goldgem_jewelry,0,12,647430,7589145,3319.1,39258,4270.0,3.1,0.2,ok,
golladrim,0,12,302,978,3.0,5,1.1,7.5,7.6,ok,
golla.zoom,0,12,2344,6486,32.3,164,8.2,1.9,9.3,ok,
gom._.zipsa,0,12,1083,2334,22.9,47,13.1,28.1,6.5,ok,
gom_ju_bu,0,12,1915,6570,41.5,194,13.0,0.1,7.6,ok,
gom_mama,0,12,10759,23102,62.5,235,59.2,2.4,0.2,ok,
gomson.recipe,0,12,46919,183718,2264.8,7989,259.1,0.4,6.0,ok,
gomgom__tem,0,12,3110,19840,37.5,209,11.2,0.5,4.0,ok,
gomson.salim,0,12,56365,183718,2782.8,9580,273.2,0.1,1.3,ok,
gonggan_formula,0,12,3235,9817,71.8,193,32.0,0.5,7.6,ok,
gomtori_pick,0,12,341,1313,3.0,12,3.6,224.0,5.6,ok,
gongo_ogami,0,12,5794,15066,62.0,205,38.7,0.5,7.6,ok,
gomtem_,,,,,,,,,,unknown,
good_use_zip,0,12,114163,885820,344.0,1654,608.8,5.0,0.2,ok,
gonggan_siyeon,,,,,,,,,,unknown,
goodbuy_jihea,0,10,391,1038,1.3,3,4.7,247.5,3.9,ok,
gothometem,0,12,2012,16329,6.1,44,8.1,2.8,3.8,ok,
goro_tem,0,12,70984,244501,380.1,2088,201.9,25.0,0.7,ok,
grinrv_,0,12,1447,2766,2.5,12,4.8,24.5,14.0,ok,
grabitnow_home_,0,12,50209,562158,279.1,2882,153.4,123.1,0.6,ok,
goods_scanner,,,,,,,,,,unknown,
groundedinneutral,0,12,621701,6374321,457.8,1470,22940.0,2.6,3.7,ok,
gtem_hm,0,12,3129,8770,56.2,182,24.6,3.0,5.2,ok,
gureum_edit,0,12,29011,253866,762.3,7379,91.1,0.3,5.6,ok,
gukmin_sallim,0,11,126830,1320576,842.7,7981,2739.7,0.4,0.3,ok,
gyeongsang._.sister,0,12,3367,6717,64.5,162,25.3,138.5,7.6,ok,
gyugyu_house7,0,12,9745,53773,73.2,333,30.2,0.4,9.3,ok,
ha_ttae,0,12,31033,211957,111.1,679,50.0,2.0,7.6,ok,
haebadda,0,12,562665,2642442,123.8,689,9891.7,4.9,0.5,ok,
habom_official,0,12,115941,948432,250.7,1140,724.2,0.0,28.0,ok,
haebbi_home_,0,12,42077,142052,319.3,1542,126.2,0.4,28.0,ok,
haedal_home,0,12,97499,179278,938.1,2232,3.0,3.0,2.8,ok,
hago.zip,0,4,912,1227,35.8,60,76.5,41.0,0.2,ok,
haencamping,0,12,229260,1069429,6653.1,40678,2032.8,2.5,0.2,ok,
haha.salrim,0,12,312188,2908030,76.7,618,1578.3,2.0,0.9,ok,
half.worker,0,12,11206,73214,459.5,3884,99.5,2.1,7.0,ok,
hamboshu_,0,12,36899,126834,35.4,195,156.1,214.0,4.7,ok,
hamzzimarket,0,12,25920,181612,1145.6,7282,253.8,8.0,2.0,ok,
hantam_house,0,12,2603,5068,48.4,146,21.2,0.1,5.6,ok,
hannah.ouse,0,12,312336,1793100,500.9,4310,5833.3,0.8,0.6,ok,
haily_furniture,,,,,,,,,,unknown,
hanyanglive,0,12,9122,26606,5.7,37,18.1,116.1,8.4,ok,
happy_chachacha60,0,12,397,1331,0.0,0,0.4,28.0,2.4,ok,
happy_home.tem,0,12,3044,4468,26.1,58,19.0,47.4,1.7,ok,
happylittleshop0,0,12,2672,10799,5.3,18,7.4,0.5,0.5,ok,
happy_home1004,0,12,1618,3481,153.4,272,75.1,44.1,1.3,ok,
harry___home,0,12,11785,129701,116.8,1269,42.0,84.7,1.3,ok,
haru._.home,0,12,14281,117708,137.7,812,93.1,18.8,1.8,ok,
harmonyhome_1st,0,12,32161,295998,375.7,2861,150.3,0.5,1.9,ok,
haru._.item,0,12,84799,610674,1924.7,22001,310.2,64.4,0.9,ok,
haru._.salim,0,12,20364,98996,70.0,227,50.6,0.1,8.4,ok,
harumama_kurashi,0,12,696687,7031166,111.1,1246,11534.5,4.0,5.2,ok,
haru_sarlim,0,1,371,371,18.0,18,33.0,266.4,,ok,
harusongsong7,0,12,4811,48599,52.4,98,43.0,157.5,0.6,ok,
hatoto_mom,0,11,5396,30720,13.2,24,34.3,0.1,7.0,ok,
haustory,0,12,3858,14901,162.2,556,47.6,1.4,4.9,ok,
haru__item,,,,,,,,,,unknown,
haus.picks,0,12,181312,973706,3690.9,29865,1713.8,0.1,1.2,ok,
hea.lthy_9531,0,12,293462,776394,62.2,134,5403.0,68.6,0.4,ok,
health_minimal,0,12,11350,28324,69.3,277,32.2,73.0,0.7,ok,
hayhi_pick,0,12,5678,59615,38.1,426,16.2,2.4,2.8,ok,
hebertjayda778506,0,12,77020,189727,14.0,110,439.8,2.2,28.0,ok,
heble_hehe,0,12,150156,417254,22.5,175,807.7,30.0,0.7,ok,
hehe_home_tem,0,11,55020,125224,2002.7,5435,387.0,0.3,15.4,ok,
hej__home,0,12,2428,4462,82.5,137,43.8,138.0,7.6,ok,
heily__store,0,12,541,1410,0.7,4,3.0,0.2,14.0,ok,
hello_rouny,0,12,15772,139669,153.1,1258,69.8,0.5,6.5,ok,
hellotem_tory,0,12,28412,134675,1213.9,7864,278.7,183.0,3.8,ok,
hellomongle,0,12,660,1659,31.9,43,18.4,1.0,7.6,ok,
hellokeytem,0,12,1977,3440,25.1,55,12.2,2.2,4.0,ok,
hena_film_vlog,0,12,45450,188635,765.2,2810,564.1,5.8,0.7,ok,
heung_jubu,0,12,604043,2634526,2921.2,14301,5351.6,0.5,0.6,ok,
hey_h0h0,0,12,785,1860,12.7,32,7.0,0.5,7.6,ok,
hey_jeongmom,0,12,30399,225129,268.2,1867,70.7,0.4,4.7,ok,
hey.maknae,0,12,10321,20907,312.7,781,86.0,0.3,7.6,ok,
helphomes_official,,,,,,,,,,unknown,
heybrittinirae,0,12,5619144,22825097,4330.9,27030,31040.0,0.6,0.1,ok,
hhh___j_y,0,12,82161,417789,255.2,1312,907.3,0.3,10.5,ok,
hi.rina.daily,0,12,1813,10119,6.9,24,4.2,0.4,9.3,ok,
hidden.item,0,12,59172,222183,582.8,3907,437.0,0.1,2.5,ok,
hihi._.home,0,12,42300,344573,830.8,7715,238.6,82.0,1.3,ok,
heyude_official,,,,,,,,,,unknown,
hika.no.kurashi,0,12,736025,3547611,26.1,85,5782.0,17.1,0.3,ok,
hihisalim_01,0,12,1241,2734,3.2,10,7.1,0.1,5.6,ok,
hitchhome__,0,12,79259,410425,750.1,3766,292.8,5.0,1.1,ok,
hodu_egloo,0,12,1209287,7551028,773.9,6063,27527.6,0.2,0.2,ok,
ho_me_style,0,12,5999,14475,0.8,3,12.8,2.2,4.4,ok,
hola_.living,0,12,32364,376354,30.8,299,141.2,179.5,1.1,ok,
holictem,0,12,1238,1946,30.1,61,15.9,0.5,7.6,ok,
hom_resipi,0,12,1564,10093,22.1,177,15.2,0.0,28.0,ok,
home._.ddokddok,0,12,186129,822428,2801.0,20961,1149.3,0.1,0.5,ok,
home._.baguni,0,12,23718,203383,7.2,45,50.1,17.0,1.8,ok,
home._.guide,0,12,2930,7035,28.2,66,13.3,64.2,6.5,ok,
home._.ssuni,0,12,60452,439169,1315.4,10779,252.6,2.0,2.2,ok,
home._.tem,0,12,9469,28994,238.7,1471,94.8,216.3,6.0,ok,
home._.standard,0,12,61029,267918,2840.8,14970,307.9,0.1,16.8,ok,
home.and_joy,0,12,2338,5019,51.0,163,15.0,1.1,3.8,ok,
home.basket_0,0,12,77828,377600,410.7,2524,271.5,160.5,2.0,ok,
home.change_moment,0,12,67792,556106,180.4,1144,145.6,0.1,14.0,ok,
home.it_insta,0,12,461690,2487833,610.2,1712,3457.3,0.4,0.1,ok,
home.in.on,0,12,23548,70703,511.2,2309,100.8,0.3,28.0,ok,
home.it.tem,0,12,161748,1224007,12.2,84,1407.9,664.8,0.3,ok,
home.life.baby,0,12,1259,8739,27.6,46,19.3,14.9,3.8,ok,
home.living.lab,0,12,13519,109535,278.8,2133,114.9,163.1,1.2,ok,
home.living.log,0,12,348,721,22.1,54,12.2,66.5,1.9,ok,
home.n.goods,0,12,4680,7887,67.2,172,15.7,23.4,1.2,ok,
home.n.home,0,12,13912,46284,4.2,16,33.6,0.2,28.0,ok,
home.pamine,0,12,19512,144014,330.9,2478,231.2,4.5,4.0,ok,
home.n.picks,0,12,395,576,13.8,19,9.0,1.1,3.0,ok,
home.pick.shop,0,12,115957,628195,1946.2,12368,672.2,0.5,0.4,ok,
home.salim.kr,0,12,1140,2510,18.9,73,8.5,94.8,4.2,ok,
home.snap_,0,12,855221,10087114,3313.8,36607,3380.3,2.1,0.2,ok,
home.sential,0,12,16868,88430,197.4,1518,85.8,0.5,0.4,ok,
home.pago,,,,,,,,,,unknown,
home.sogood,0,12,40764,311763,648.6,4345,191.0,0.5,7.6,ok,
home.step.salim,0,12,1498,5605,21.8,36,13.2,127.9,6.5,ok,
home.spoon_,0,12,20396,119997,82.8,166,42.2,0.5,1.0,ok,
home.styling_insta_,0,12,7930,41393,128.1,424,57.9,186.1,8.4,ok,
home.sweet_mood,0,12,685,3217,12.7,58,10.8,225.2,3.4,ok,
home.tem.lab,0,11,156685,1082623,2584.3,24483,1054.8,39.0,0.6,ok,
home.tem.talk,0,12,1527,2573,23.9,49,11.7,0.5,7.0,ok,
home__blossom,0,12,3066,4251,60.9,133,11.9,0.4,7.0,ok,
home__code,0,12,157801,828652,603.3,3867,669.7,100.0,1.3,ok,
home__rabbit,0,12,1750,2893,45.8,71,24.9,0.1,16.8,ok,
home_d.one,0,12,9320,28678,202.2,961,73.7,0.1,28.0,ok,
home_deco_lab,0,12,31382,60880,800.5,2046,182.2,0.1,16.8,ok,
home_banjang_,0,11,32713,87447,387.8,1186,193.4,0.1,7.0,ok,
home_design_notes,0,12,253972,1163303,1166.7,8039,5688.5,27.5,0.4,ok,
home_do_ji,0,12,6879,43979,150.4,1179,71.3,0.0,8.4,ok,
home_billion_note,,,,,,,,,,unknown,
home_dot787,0,12,404,1775,1.2,6,2.2,132.4,4.2,ok,
home_e.dit,0,12,3101,8721,10.2,48,18.1,415.9,7.0,ok,
home_edition1,0,12,230,435,3.5,19,2.2,120.3,7.0,ok,
home_fairy_official,0,12,2746,9325,112.8,424,29.2,1.4,7.0,ok,
home_grim_life,0,12,1004,1282,17.2,27,8.8,120.1,4.9,ok,
home_haruda,0,12,185633,1933586,617.9,4070,1038.7,1.0,0.3,ok,
home_gardenerl,0,12,40322,323956,29.8,106,26.9,18.3,2.2,ok,
home_in___,0,12,1645,3255,3.5,13,6.1,0.0,0.3,ok,
home_it.em,0,12,442027,4180127,556.6,2720,6851.0,411.5,1.3,ok,
home_kkiri,0,12,2027,3535,43.1,111,19.2,150.1,6.5,ok,
home_kookoo,0,12,319392,1257638,1061.0,7821,2266.3,0.0,1.1,ok,
home_magic999,0,12,11751,113517,18.8,44,66.2,18.0,2.2,ok,
home_living_note,0,12,1025,2019,36.0,53,24.7,128.1,8.4,ok,
home_manual_,0,12,83047,688035,536.2,2626,966.5,1.4,0.4,ok,
home_mood_v,0,12,13812,101224,130.1,800,3.0,21.5,5.2,ok,
home_mumu_shop,0,12,35370,237327,6.8,53,118.9,94.1,2.3,ok,
home_of_pic,0,12,15791,63949,2.9,6,29.8,1.4,7.6,ok,
home_laum,,,,,,,,,,unknown,
home_pick_guide,0,12,268,391,23.4,37,13.2,80.5,3.7,ok,
home_saedack_home,0,12,20367,197405,447.9,3885,202.4,0.1,0.5,ok,
home_salimm,0,12,91416,283092,1807.2,6573,313.9,0.9,9.3,ok,
home_space_tips,0,12,43956,89054,1236.8,3537,300.6,1.1,2.9,ok,
home_range,,,,,,,,,,unknown,
home_tam_life_,0,12,3263,6006,101.6,168,55.6,132.0,7.6,ok,
home_sweet_salim,0,12,5550,12921,139.8,261,61.1,0.5,8.4,ok,
home_temterior,0,12,120958,399082,1201.1,6131,386.7,0.1,2.7,ok,
home_taya,0,12,14665,27546,35.1,93,74.9,0.2,14.0,ok,
home_style_us,,,,,,,,,,unknown,
home_tembly,0,12,29533,89997,319.2,898,164.0,0.5,14.0,ok,
home_tips_diary,0,12,37846,89061,1031.0,3537,248.8,1.1,28.0,ok,
home_trend_jp,0,12,463997,2269673,3619.8,22292,3075.4,11.3,2.5,ok,
home_trend_lab,0,12,365364,3261408,1039.6,6598,2232.7,114.9,0.4,ok,
home_up__,0,12,2401,11932,44.5,96,18.9,2.3,0.9,ok,
home_yojung,0,12,638771,5446853,2352.6,13300,51262.8,2.1,0.4,ok,
homearchive_lab,0,12,3617,14404,8.0,19,7.1,155.9,3.5,ok,
home_terior.pick,,,,,,,,,,unknown,
homeback.home,0,11,60815,535137,662.7,5207,715.5,243.4,2.8,ok,
homebody.tips,0,12,185251,1243492,748.8,5885,2769.1,215.5,0.8,ok,
homebody_life__,0,12,4372,14266,95.6,150,63.4,188.5,8.4,ok,
homeboy_appa,0,12,38614,231853,313.8,1590,101.9,1.9,1.1,ok,
homedirector2025,0,12,3120,6109,36.1,55,16.8,1.1,5.6,ok,
homeddakpick,0,12,16094,136742,48.7,345,28.9,0.1,2.2,ok,
homeditor_insta,0,12,123346,302886,4705.5,12994,3.0,2.5,2.5,ok,
homedukddak,0,12,56330,389034,183.8,729,104.9,0.2,1.3,ok,
homefinds.maggie,0,12,19722,27795,3.5,8,149.4,377.3,1.3,ok,
homefixer_bear,0,12,124917,818606,1217.8,9383,825.5,0.1,0.7,ok,
homeflow.studio,0,12,1500,4970,39.6,64,15.1,39.1,0.8,ok,
homedy_official,0,12,270848,2762994,612.8,6685,1109.4,0.2,0.3,ok,
homeggu_migi,0,12,8754,26667,62.3,304,49.2,143.4,1.3,ok,
homegang_s,0,12,1399,3036,9.9,26,6.8,43.1,1.8,ok,
homegoodscenter.kr,0,11,4716,14062,0.5,3,4.4,263.3,0.1,ok,
homehero22,0,12,23022,165115,288.6,1774,111.2,226.3,8.4,ok,
homegraphy_list,0,12,33752,110225,272.4,834,104.8,0.1,21.0,ok,
homeglowstory,,,,,,,,,,unknown,
homekkeul,0,12,1289,2312,16.6,51,5.2,0.4,7.0,ok,
homekkeullim,0,12,3153,8643,48.9,118,23.2,135.5,7.6,ok,
homekeyring,,,,,,,,,,unknown,
homekkun,0,12,5957,41473,109.5,544,50.2,98.5,1.9,ok,
homekkumi.official,0,12,120647,880896,128.2,984,540.2,1.2,0.3,ok,
homekoodi,0,12,72707,438959,1137.4,11845,392.6,11.4,0.5,ok,
homel_y777,0,12,2528,4320,35.7,88,14.5,34.1,5.2,ok,
homelyst.edit,0,12,1620,5785,27.3,82,14.3,0.1,7.6,ok,
homemaking11,0,12,334,458,2.0,4,1.7,19.0,1.8,ok,
homemaster00,0,12,57737,225281,2060.3,5210,248.2,6.6,0.6,ok,
homemate_15,0,12,1559,4166,17.3,48,13.5,140.0,3.4,ok,
homen_item,0,12,1347,2662,28.5,39,21.2,170.4,5.2,ok,
homenhouse.official,0,12,668156,6570464,188.3,1863,5117.8,2.5,0.1,ok,
homepixel_,0,12,2046,9613,14.0,54,8.6,0.5,8.4,ok,
homemood_pick,,,,,,,,,,unknown,
homepick_story_,0,12,50842,419659,789.2,7543,156.3,0.1,0.6,ok,
homequeen.salim,0,12,3252,11110,37.8,186,13.9,1.5,8.4,ok,
homepick.official,,,,,,,,,,unknown,
homes.tem,0,12,6512,27021,21.0,97,33.1,243.5,0.1,ok,
homequeen_12,0,12,2081,3272,28.6,59,11.7,1.4,6.5,ok,
homesallimtem,0,12,796,3814,12.5,78,2.1,0.3,6.5,ok,
homes_tips,0,12,37040,68827,341.4,934,102.7,0.4,16.8,ok,
homesrtsre,0,12,225948,1169997,4010.8,31527,722.7,17.3,0.5,ok,
homesalpick,0,12,324130,1849373,2103.5,14216,1379.8,0.4,0.3,ok,
homestar__official,0,12,4647,13674,28.2,115,3.0,143.9,1.4,ok,
homestory.official_,0,12,1727448,7278110,4168.2,25875,6773.3,0.1,0.1,ok,
homesweet_tem,0,12,24250,119316,501.1,4941,81.6,0.0,0.7,ok,
hometake_1st,0,12,68643,254203,786.8,3523,285.3,188.2,1.7,ok,
hometem_diary,0,12,15768,70082,53.2,155,89.5,149.5,1.0,ok,
hometem_honeytem,0,12,4287,10691,151.1,519,50.5,0.5,10.5,ok,
hometem_ssok,0,12,1483,2733,44.3,57,18.4,1.4,4.2,ok,
hometem_tip,0,12,60463,280544,396.0,2831,268.5,1.4,7.6,ok,
hometerior_insta,0,12,40766,86194,322.5,1092,79.9,0.4,12.0,ok,
hometheitem,0,12,16219,109699,76.0,612,39.0,3.0,1.1,ok,
hometip.insta,0,12,1690,3687,11.4,42,15.8,77.2,16.8,ok,
hometip_1,0,12,244030,1820714,829.8,4802,484.5,18.5,0.5,ok,
hometick2023,0,12,323617,969595,3851.4,19874,1749.8,0.0,0.1,ok,
hometip_diary,0,12,2394,3767,54.6,91,35.0,66.1,2.8,ok,
hometoryy,0,12,3424,5033,28.7,49,13.2,161.8,2.8,ok,
homevibe_tem,0,12,4273,17368,24.2,187,11.8,210.1,4.0,ok,
homewithbao,0,12,105972,392169,48.1,109,9659.9,5.7,0.2,ok,
homey__huess,0,12,1760879,20197251,479.9,5651,27396.8,0.8,0.2,ok,
homey_pick,0,12,42745,158768,341.9,1503,117.6,210.5,3.8,ok,
homeyion,0,12,35534,225686,401.6,3868,68.1,2.1,2.4,ok,
homevibe,,,,,,,,,,unknown,
homez.pick,0,12,154682,1835208,507.8,5230,3055.4,59.5,0.5,ok,
homie.wizard,0,12,16057,40542,446.6,1650,106.4,0.5,6.5,ok,
homgoods365,0,12,248025,2074374,911.0,4499,1372.3,73.1,0.5,ok,
homiehom3,0,12,92589,330903,1060.3,4474,510.9,3.3,1.0,ok,
homterior_pick,0,12,35981,79920,746.1,3126,163.0,0.3,14.0,ok,
honbap_wang,0,12,72518,380547,450.4,3188,772.6,3.5,2.3,ok,
homva_life,0,12,120952,590696,92.3,378,1892.8,38.0,0.5,ok,
honey.house___,0,12,53684,283766,565.3,6389,325.1,0.1,0.4,ok,
honey.item.pick,0,12,928,3515,27.6,46,21.1,220.5,6.5,ok,
honey_funny_house,0,12,3766,17936,8.1,50,16.4,0.0,8.4,ok,
honey_archive.zip,0,12,77219,543536,2200.3,23215,600.4,1.3,0.7,ok,
honeybee_zip,0,12,14140,65083,25.4,153,30.9,0.0,7.6,ok,
honeyfinds.zip,0,12,93867,855806,1909.3,12189,412.8,0.1,1.5,ok,
honeyhomeitems,0,12,50648,310341,178.2,1670,208.9,10.8,0.3,ok,
honeyjini_mood,0,12,1724,4286,27.3,43,7.9,3.2,3.8,ok,
honeytem_365,0,12,107178,1119233,951.8,6257,99.9,25.5,0.5,ok,
honeyhoney_4,,,,,,,,,,unknown,
honeytip_honeytem,0,12,785,2247,0.5,4,1.4,92.1,3.8,ok,
honeytem_duck,0,12,68586,815039,519.2,6167,1756.3,0.5,0.4,ok,
honeyhoney_6,,,,,,,,,,unknown,
honeyzumma,0,12,1927,6787,19.7,75,11.1,3.0,2.6,ok,
hongsii_house,0,12,117349,815512,352.2,2093,6218.0,0.1,16.8,ok,
hooni.home,0,12,715,1715,37.6,59,20.2,66.1,8.4,ok,
hooz_mom,0,12,89105,572294,620.9,4747,284.9,3.1,0.5,ok,
hot_item_agency,0,12,1907,4019,14.8,90,6.1,0.4,28.0,ok,
hotclick_pick,0,12,24001,277355,420.3,4842,159.3,3.0,0.7,ok,
hottem_road,0,12,4814,14839,102.3,412,16.4,1.9,3.0,ok,
hottembook,0,12,1106,2487,3.4,22,5.1,38.9,0.5,ok,
house._.tem,0,12,1248,2054,9.3,19,6.8,12.2,4.4,ok,
house_note_,0,12,1255,2129,9.0,25,5.6,142.4,16.8,ok,
housekeeping_office,0,12,7449,13652,122.4,530,32.7,0.4,16.8,ok,
house__moood,0,12,198944,761568,1857.2,12318,791.9,1.0,0.3,ok,
houseof_ring,0,12,141802,980275,855.1,4830,975.6,18.2,1.5,ok,
housetems,0,12,343,654,1.6,8,1.8,4.1,2.4,ok,
housetail.life,0,12,3473,10178,46.6,95,20.7,48.5,0.7,ok,
housewarming_party,0,12,28404,260926,485.5,3932,147.5,107.3,3.0,ok,
how___life,0,12,1803,2695,19.0,57,8.3,51.1,0.5,ok,
how_z_life_,0,12,31469,333331,258.8,2871,49.2,1.3,2.8,ok,
how__pick,0,12,133809,622405,1847.8,8491,550.5,0.1,0.5,ok,
hwisney_land,0,12,676902,4360708,188.9,863,1476.6,2.2,0.2,ok,
hy.ni_homes,0,12,2212,5257,51.5,84,33.2,9.2,0.6,ok,
hyel_room,0,12,220650,781666,692.1,1957,518.7,1.0,4.2,ok,
hyeonohx,0,12,216,676,0.9,3,5.3,32.8,1.7,ok,
hyeri_home29,0,12,2989,7449,63.2,203,24.3,9.5,8.4,ok,
hyung_deul_official,0,12,86336,215536,575.8,969,173.6,25.1,2.4,ok,
hyungmolra,0,12,4701,9817,37.6,93,7.1,0.1,21.0,ok,
hyunny_in_home,0,12,38274,164490,9.5,53,118.4,3.0,2.5,ok,
hyunji_jeok_view,0,12,239325,1093283,1390.2,5793,896.8,3.3,0.3,ok,
iammakeroom,0,12,61926,340668,712.9,4608,135.3,0.1,0.7,ok,
iam_dodameee,0,12,54080,255109,58.3,214,1852.1,2.4,0.6,ok,
ieung_home,0,12,60139,203146,562.2,2874,3.0,1.3,1.4,ok,
igobassyu,0,12,26066,303278,618.2,7262,115.0,0.1,0.4,ok,
icantaffordthisbutmaybeshecan,0,12,42357,228421,10.2,74,1518.2,8.9,0.2,ok,
ikeahacksandideas,0,12,417724,1551798,97.8,450,1923.2,0.9,0.3,ok,
iji.ez,0,12,64754,499455,65.8,704,255.3,130.0,4.4,ok,
iltasalim,0,12,92117,719319,491.7,3291,691.2,0.1,0.5,ok,
ilove_today_,0,12,3388,15477,13.0,35,12.8,45.3,0.4,ok,
infpreview,0,12,59552,473242,18.7,114,614.9,1.9,1.3,ok,
inahome__,0,12,1245,3351,27.9,48,14.8,3.1,3.5,ok,
in_damiland,0,12,27005,104280,1206.5,7435,192.2,2.5,1.1,ok,
inheay_home,0,12,38276,199013,288.8,1794,78.2,1.5,14.0,ok,
inhome_mood,0,12,1137,3053,58.3,113,32.1,0.3,5.2,ok,
injuu__m,0,12,16294,82532,37.8,148,34.5,0.4,14.0,ok,
insaeng.kr,0,12,1043277,6187177,1463.9,11954,10197.5,30.9,0.3,ok,
innostickers,0,12,4695,15052,16.4,124,42.9,0.8,8.4,ok,
insaeng_salim,0,12,1121,5143,6.6,13,2.9,114.5,4.2,ok,
inside_home_official,0,12,7450,13652,122.6,530,32.7,0.4,16.8,ok,
instagram,0,12,109203201,200080105,13049.3,22691,686393.2,2.8,4.9,ok,
insight.salim,0,12,10789,101527,624.7,6575,129.3,0.5,0.5,ok,
interior__tip,0,12,1622,11565,4.2,15,13.3,219.5,5.2,ok,
ira_at_home,0,12,319881,1971429,1125.0,10387,2385.2,2.3,0.2,ok,
interior_gongsik,0,12,3606,15197,65.3,582,13.2,0.5,7.6,ok,
irobi_life,0,12,930369,4640773,373.0,1081,5413.9,58.0,0.2,ok,
iroum.life,0,12,4386,15954,26.0,92,18.3,4.2,10.5,ok,
is_casa_rtee,0,12,137466,578429,246.1,1617,194.4,19.0,0.1,ok,
is_it_real_good,0,12,251040,1585521,774.1,4165,2708.8,0.0,28.0,ok,
issue_pedia,0,12,3103,6711,85.2,142,51.1,15.1,0.4,ok,
it._.tem,0,12,6133,64520,132.2,1518,39.5,10.4,0.8,ok,
it_tem_ida,0,12,478,1127,54.2,100,28.9,174.5,7.6,ok,
item.moa_,0,12,10336,122050,3.0,14,15.8,12.4,0.6,ok,
itembasket,0,12,5340,11771,129.2,320,35.8,9.5,10.5,ok,
item_pick_note,0,12,2295,4867,46.2,107,21.0,30.1,4.9,ok,
itemissue1,0,12,81020,435746,313.9,1548,676.8,1.4,0.9,ok,
item.ground,,,,,,,,,,unknown,
itemlog_itemlog,0,12,90692,511513,807.2,5879,727.9,153.3,0.7,ok,
items.note,0,12,2270,6538,48.6,117,25.7,0.1,10.5,ok,
its.blue.picks,0,12,37618,150080,738.4,3269,189.0,1.5,6.5,ok,
its_homepick,0,12,1063,2766,21.3,126,4.2,0.2,3.0,ok,
ittem_info_center,0,12,2139,5377,30.8,53,11.0,186.2,3.5,ok,
j_nero_come,0,12,111080,286063,323.3,1144,3.0,1.2,3.4,ok,
jabd_ongsan2,0,12,361,546,10.8,29,6.8,55.1,4.4,ok,
jal_satda,0,12,13303,139205,18.2,61,27.2,1.0,16.8,ok,
jamjam_at_home,0,12,506276,4215694,4430.0,30002,4633.9,1.3,0.2,ok,
jamongpick,0,12,12626,126976,14.8,135,15.6,60.2,16.8,ok,
itttem.pick,,,,,,,,,,unknown,
jaram.zip,0,12,89147,343580,668.8,5603,533.6,0.7,1.6,ok,
jardin_de._marie,0,12,21405,130265,40.2,75,265.4,2.0,2.6,ok,
jay,0,6,635904,967388,596.3,1078,24695.7,76.4,0.0,ok,
jays.iei,0,12,2604,10054,24.1,111,8.8,129.1,1.8,ok,
jcdesign1.1,0,12,564374,2027022,1553.2,5403,8725.5,3.8,1.1,ok,
jeffandlaurenshow,0,12,7488918,74689201,1094.2,11512,162643.2,0.7,0.1,ok,
jeju.gajang,0,12,250364,1022849,39.1,79,2661.4,3.4,0.8,ok,
jellybean_home,0,12,30582,220434,330.8,1179,173.6,1.0,2.4,ok,
jelly_c_home,0,12,8501,24229,231.0,1380,64.3,46.5,2.6,ok,
jen.jen.home,0,12,1332,3299,17.1,87,7.6,0.5,8.4,ok,
jellyy_home,0,12,11911,37781,13.9,25,97.1,1.5,4.2,ok,
jerryhome33,0,12,312,532,1.2,4,0.4,0.0,16.8,ok,
jia.travel_,0,12,13457,76340,91.0,282,99.5,2.2,7.6,ok,
jewvely_home,0,12,19802,94558,184.0,691,56.2,1.2,5.2,ok,
jiban_note,0,12,9992,87578,35.4,220,35.2,2.0,9.3,ok,
jibeuro_home,0,12,7044,47018,60.2,97,32.1,125.5,6.5,ok,
jevi._.tem,,,,,,,,,,unknown,
jibsunireview,0,12,13533,84111,59.5,535,81.8,11.1,3.4,ok,
jibbie_s_life,0,12,1551,5131,0.2,1,20.7,41.0,4.7,ok,
jinahome_living,0,12,2346,5267,9.0,29,5.6,1.9,7.6,ok,
jidino_salim,0,12,83610,260488,332.5,1208,395.3,1.1,0.6,ok,
jini._.homedit,0,12,95950,653399,1574.8,9153,594.2,101.0,1.4,ok,
jini__home_,0,12,586726,3498235,261.0,979,4544.1,3.4,0.1,ok,
jinimom.pick,0,12,20174,146479,295.6,3206,173.2,180.3,0.5,ok,
jinsil_hazzi,0,12,23220,217186,9.0,64,86.5,0.4,21.0,ok,
jinsim_unni,0,11,1413,2782,4.6,13,3.9,15.2,5.1,ok,
jinss_home,0,12,248171,1746202,1829.8,16690,1325.0,0.4,0.5,ok,
jip._.sooni,0,12,71934,405382,362.9,2140,165.8,0.1,3.2,ok,
jip.kimi,0,12,69344,718089,483.8,1727,178.8,2.5,1.7,ok,
jip_tem,0,12,252468,2505276,59.9,508,1593.7,100.5,0.7,ok,
jip.nam,0,12,328496,1518104,4210.9,21675,1865.1,4.1,0.4,ok,
jipsoon_kitchen,0,12,84333,247322,59.1,571,3.0,0.0,28.0,ok,
jipmanj.home_insta,0,12,406505,2403935,4426.7,29857,1500.4,0.5,0.2,ok,
jipssoonlife,0,12,97759,540432,1674.1,14567,1158.5,1.0,0.2,ok,
jjalcut,0,12,335778,1287881,23.2,80,4294.6,1.1,3.4,ok,
jipsuni.zip,0,12,3339,9079,40.2,81,21.8,0.1,16.8,ok,
jjeopdaejang,0,12,99728,239632,1095.9,2530,1109.7,0.8,9.3,ok,
jjin_camperny,0,12,1114873,7356448,3694.8,17900,7945.8,1.1,0.1,ok,
jjing_jjing33,0,12,4167,10789,91.2,248,52.7,0.2,1.1,ok,
jjinhomeitem,0,12,27916,114559,180.6,948,98.4,2.0,4.4,ok,
jjinjjin200,0,12,23973,79430,163.1,461,76.0,37.0,2.2,ok,
jjintem1,0,12,6340,34199,11.6,40,13.9,2.2,6.5,ok,
jjittem,0,12,1311,2387,5.4,27,7.0,235.5,8.4,ok,
jjun2_mam,0,12,94042,378449,48.8,119,178.8,3.3,0.2,ok,
jk777lee,0,12,631,1215,15.9,23,8.8,0.4,12.0,ok,
jkj780601,0,12,85682,422696,722.7,7399,351.4,0.0,0.3,ok,
joara_choice,0,12,5266,24230,25.7,53,18.6,104.5,5.6,ok,
joganghwa,0,12,636787,3769701,60.8,248,1080.7,2.0,0.4,ok,
jojjubu,0,12,54132,390014,123.7,1162,577.2,108.1,0.6,ok,
joohyun_pick,0,12,153061,867278,1130.2,6265,919.1,2.2,0.3,ok,
joomealyee,0,12,237679,1046578,22.8,40,2201.3,18.0,1.0,ok,
joopilpick,0,12,1874,7184,49.0,141,24.8,139.4,4.7,ok,
joongdok7,0,12,5266,13888,31.6,94,9.7,0.1,21.0,ok,
joshleeliving,0,12,340943,1685824,457.5,1961,4941.9,4.1,0.8,ok,
johana,,,,,,,,,,unknown,
joswisalrim,0,12,771,1744,1.0,1,1.2,12.1,3.1,ok,
joyful_mom_picks,0,12,145,177,0.6,4,1.4,245.1,7.6,ok,
ju._.blue,0,12,48951,282377,40.6,89,455.4,0.1,1.4,ok,
joyhomestory,0,12,95562,763633,663.9,4289,612.9,0.1,0.3,ok,
jubjubtem,0,12,6040,41064,3.3,9,16.8,0.7,6.0,ok,
jubu_majji,0,12,1302,3720,5.2,19,2.8,1.9,1.3,ok,
juhee._.home,0,12,12897,70529,49.0,221,32.8,0.0,16.8,ok,
jubunamja_pick,0,12,302593,1679154,3732.8,16840,940.0,1.0,0.7,ok,
julo_mom,0,12,48798,244418,512.3,4302,143.8,1.0,4.4,ok,
jungn_soo,0,12,322124,936918,37.0,99,2815.7,8.9,1.0,ok,
jumihome_,0,12,3688,14565,30.8,170,9.9,1.2,7.0,ok,
justjennsdesign,0,12,1636591,16657620,608.3,6652,46209.8,3.5,0.1,ok,
justme_th1ngs,0,12,270750,2746425,36.3,120,3576.7,173.5,0.9,ok,
juu_home_,0,12,44022,212372,583.2,2406,171.1,2.0,2.3,ok,
justright_at_home,0,12,670,3024,7.1,59,6.3,113.9,1.0,ok,
k.e.e.p.i.n.g,0,12,186826,1901600,304.8,3024,1746.1,5.0,0.4,ok,
kabegami_magic,0,12,237956,535973,22.5,39,1447.5,1.5,0.9,ok,
kbeauty_vivian,0,12,1255039,6086652,79.9,594,5233.7,1.5,0.3,ok,
kboomii,0,12,191962,1041677,42.8,181,15019.8,0.8,0.1,ok,
kidscleancar.official,0,12,93556,576781,187.3,1765,1013.3,49.4,0.1,ok,
kidorchid_studio,0,12,540606,4476828,2102.4,16194,7868.8,55.0,0.3,ok,
kidsitem.pick,0,12,55251,253217,656.6,4843,214.0,0.3,2.9,ok,
kim.zumma,0,11,384442,3064595,267.5,1259,2088.6,1.4,0.1,ok,
kiikiifit,0,12,39959,167548,33.9,138,226.2,0.1,7.0,ok,
kimcoach_bread,0,12,25285,128735,34.3,252,3.0,3.0,4.0,ok,
kimhamjju,0,12,7538,85425,79.5,895,26.9,1.2,1.4,ok,
kimzzi_tem,0,12,14283,34965,602.3,1797,129.7,12.5,7.6,ok,
kimjiyeonwriter,0,12,10290,22161,1.8,6,212.8,0.1,7.0,ok,
kind_salrim,0,12,284979,1915278,65.2,226,946.5,32.2,1.0,ok,
kiokio.home,0,12,136931,666531,6273.2,55340,1337.2,4.0,0.3,ok,
kiyomi_sale,0,12,65607,310029,815.6,4319,557.8,0.2,0.9,ok,
kjw2002007,0,12,6665,66869,12.3,59,13.0,0.1,14.0,ok,
kkalkkom.zip,0,12,11815,57100,191.0,454,77.9,0.5,7.6,ok,
kkoko._.pick,0,12,2160,4163,14.5,51,9.7,48.9,3.8,ok,
kkari.recipe,0,12,282827,1430520,221.5,1249,1450.8,1.3,3.7,ok,
kkom4rket,0,12,82351,627466,1086.7,9481,213.0,0.0,6.5,ok,
kittypick_,,,,,,,,,,unknown,
kkomi._.tem,0,12,1310,3468,47.8,61,25.6,108.5,4.0,ok,
kkomi.yoon,0,12,121954,431106,445.5,3490,405.6,3.0,2.0,ok,
kkomjihome,0,12,1664,4679,13.0,49,14.3,29.4,0.4,ok,
kkomsense.home,0,12,411944,2245618,6198.5,43032,1707.4,0.5,0.6,ok,
kkomnyang._.tem,0,12,12202,17238,347.5,638,76.7,7.0,12.0,ok,
kkomzipsa.salim,0,12,2307,7899,43.2,71,24.4,128.5,7.6,ok,
kkoreureukk,0,12,112336,317957,22.2,75,1185.6,0.0,2.6,ok,
kkooltem_kkoolsaeng,0,12,28784,71493,596.1,1725,141.0,2.0,3.7,ok,
kkul._.salrimso,0,12,1259,2807,52.8,77,30.3,0.5,7.6,ok,
kkul_sooni,0,11,288537,2106521,3870.3,21852,1236.5,97.3,0.3,ok,
kkul._.team,0,12,764,4796,1.0,4,4.3,48.0,0.8,ok,
kkul_tem_zip,0,12,499914,3661849,3190.9,15798,1376.2,110.3,0.2,ok,
kkultem._.go,0,12,2139,7612,48.6,90,32.2,113.0,3.8,ok,
kkultem_charge,0,12,67701,552649,186.8,1660,563.7,4.0,0.5,ok,
kkultem._.note,0,12,118693,601031,815.0,7673,654.5,130.5,0.7,ok,
kkultem_click,0,12,131625,873151,715.6,4289,546.4,0.1,7.6,ok,
kkumi_tem,0,12,25592,239904,345.8,2728,119.8,0.5,0.6,ok,
kkuldanji_home_,,,,,,,,,,unknown,
kkultemjubjub,0,12,51800,338260,307.6,1852,276.5,68.0,0.5,ok,
kkyum_,0,12,506,2396,1.0,3,19.6,432.4,0.1,ok,
ko.kkiri.pick,0,11,26558,136368,593.0,1490,155.2,0.4,19.2,ok,
knock.knock_home,0,12,157646,1211401,1149.8,9013,701.2,1.4,0.1,ok,
kongchu.pick,0,12,7283,41550,17.2,78,14.7,0.5,16.8,ok,
kok.pick,0,12,1743,7376,56.3,151,29.7,0.1,7.0,ok,
kkumisalim,,,,,,,,,,unknown,
koharufinds,0,4,1399062,2971528,7038.5,15737,3505.2,9.9,1.2,ok,
kongja.salim,0,12,5097,10288,152.9,329,26.4,0.9,7.6,ok,
kongsoon_home,0,12,357144,1323190,2169.4,6271,2132.3,2.0,0.2,ok,
kongn.ote,0,12,19683,103840,262.9,1765,106.6,46.5,0.6,ok,
kooltem_today,0,12,7036,66347,16.7,169,22.8,0.2,16.8,ok,
kore_pick,0,12,70888,407116,1599.1,9661,690.8,0.0,80.0,ok,
kongchu_select,,,,,,,,,,unknown,
kooltemlog,0,12,214094,1023157,2408.0,16103,1137.1,1.0,0.3,ok,
kustem_official,0,12,48024,223905,5.8,23,202.8,7.4,0.1,ok,
kyeongmin_____,0,12,68708,440547,7.8,19,3.0,0.4,14.0,ok,
la.la_home,0,12,1766,6124,22.3,39,11.4,1.5,2.7,ok,
kyj20.26,0,12,62066,305676,446.4,2176,147.6,2.4,6.0,ok,
la_ribo_home,0,11,85045,302430,111.1,478,205.8,1.4,3.0,ok,
lallina.home,0,12,76938,448536,629.7,2472,591.3,0.0,9.3,ok,
lady_shopping_cart,0,12,11494,17541,205.6,382,36.8,0.1,4.4,ok,
lamiacasa_curation,0,12,644,2385,1.7,6,44.2,112.8,0.3,ok,
layerhome.edit,0,12,15863,142920,349.2,3502,88.8,1.1,2.0,ok,
lazyrough,0,12,109590,340812,273.8,1710,219.6,2.3,1.8,ok,
leaslimani.decoration,0,12,49707,145356,116.6,654,701.4,2.7,1.4,ok,
lazy.salim,0,12,363383,1586042,77.2,166,2099.8,318.0,0.2,ok,
leezooboo0,0,12,599,2077,26.8,76,12.1,158.5,3.0,ok,
lemonbasket.kr,0,12,16981,41775,249.9,1136,3.0,2.4,12.0,ok,
lets.coco_,0,12,148197,761544,1028.3,3882,683.2,1.1,5.6,ok,
life.ggul.tem,0,12,1792,3763,77.5,107,39.8,98.1,7.6,ok,
life_peak7,0,12,449,1289,1.8,4,4.3,38.2,1.4,ok,
lhk_37,0,12,49529,392815,58.0,372,275.1,0.4,1.2,ok,
lifeaddit,0,12,4029,11732,132.6,229,66.8,0.5,7.6,ok,
life_picktem100,0,12,46896,324915,324.5,2196,97.2,1.9,0.4,ok,
lifechurp_,0,12,640,1443,5.1,11,2.6,1.0,2.5,ok,
lifestyle__savvy,0,9,1190,3522,48.8,71,36.3,229.5,7.0,ok,
lifeinside_instar,0,12,2561,12113,16.9,74,11.1,0.6,0.3,ok,
lifestyle_writer_,0,12,458961,1990861,259.9,903,16238.5,4.0,0.9,ok,
lifetoktok_home,0,12,110645,1180087,843.2,7944,1170.7,1.1,0.6,ok,
lifegodtem1,,,,,,,,,,unknown,
lifewith_home,0,12,106410,431387,881.9,4564,373.6,0.1,14.0,ok,
lighthands_works,0,12,809,2295,3.2,13,1.4,94.5,0.8,ok,
liketem.zip,0,12,32446,147967,101.5,479,235.6,88.9,0.8,ok,
lightshop_jgj,0,12,22847,66511,102.4,753,172.2,41.0,0.5,ok,
like.it.home,0,12,25297,103789,119.0,495,81.7,2.4,1.0,ok,
lilyzou88,0,12,10931,33555,17.2,110,86.2,1.5,4.9,ok,
lim_salim1020,0,2,368,659,1.0,2,2.5,310.8,0.1,ok,
lina.tem_,0,12,7308,43302,40.8,142,26.7,0.1,6.0,ok,
liv.garin,0,12,114150,504803,1861.4,6908,541.9,5.9,1.1,ok,
lisakanegae,0,12,817683,5351237,5525.2,30896,3.0,0.6,0.1,ok,
live._.in.terior,0,12,2057,5900,36.0,67,23.3,1.4,7.0,ok,
living._.home,0,12,11655,77796,47.9,223,30.3,235.1,7.6,ok,
living.dayday,0,12,16388,106401,113.3,850,57.4,55.0,1.1,ok,
live_on.zip,0,12,450,1874,11.2,23,7.2,232.1,3.7,ok,
living.pick7,0,12,56336,359480,103.2,471,112.3,0.2,16.8,ok,
living.n.me,0,12,440,2091,5.8,14,5.0,87.5,4.0,ok,
living.duck,0,12,5655,22331,91.3,245,21.5,0.1,8.4,ok,
living__days_,0,12,212274,1952403,749.8,8235,1247.1,223.1,0.3,ok,
living_.style,0,12,63501,180340,25.8,142,219.0,0.4,8.4,ok,
living__hack,0,12,116328,518642,252.9,1353,444.8,1.4,7.6,ok,
living__haru,0,12,8774,23267,287.6,972,53.0,38.5,8.4,ok,
living.tori,,,,,,,,,,unknown,
living_flex,0,12,44460,523592,108.9,1291,89.6,2.9,0.4,ok,
living_curation026,0,12,48855,532063,657.3,4888,178.1,18.5,0.5,ok,
living_note_tip,0,12,23118,95543,372.8,1749,152.8,1.1,14.0,ok,
living_with_you__,0,12,5194,11461,140.2,337,60.4,0.5,14.0,ok,
living_pluss,0,12,42765,85573,1386.6,3093,148.0,0.0,10.5,ok,
livingallim,0,12,530248,3173114,596.1,3001,884.8,0.3,0.7,ok,
livingarchive7,0,12,908,3577,35.2,155,20.3,91.5,0.8,ok,
livingbling_,0,12,796,1635,7.2,26,6.2,14.5,3.8,ok,
livingduck_,0,12,3815,16158,27.8,70,16.4,2.1,2.9,ok,
livingdaum,0,12,40516,119488,24.2,72,133.5,18.1,4.0,ok,
livingpick.home,0,12,1266,3923,74.8,105,39.4,19.0,2.7,ok,
livingitem_leb,0,12,1847,3895,9.2,35,14.9,1.9,1.1,ok,
livinghome.insta,0,12,597408,2614635,2645.8,14734,5735.5,11.9,0.1,ok,
livingsweet.insta,0,12,1423,3675,15.6,97,10.4,2.1,3.5,ok,
loden.studios,0,12,14743,127872,279.8,2361,73.6,0.2,21.0,ok,
lollypick_,0,12,18016,55153,631.2,3807,137.0,0.1,16.8,ok,
long_2_salim,0,12,230504,2099921,3173.4,28153,1141.3,0.2,1.3,ok,
lounge.tem,0,12,3547,5278,36.8,146,8.3,0.3,9.3,ok,
look._.tem,0,12,738,1623,16.6,29,9.8,4.4,2.4,ok,
louie.hacks,0,12,955269,5218848,90.5,571,28186.3,0.7,14.0,ok,
lovely_sunny_0510,0,12,108898,337040,120.2,807,219.6,1.0,16.8,ok,
loveme_unnie,0,12,758586,5377311,682.2,2909,1250.2,3.0,0.1,ok,
lovey_item,0,12,415248,2032470,2482.8,12251,2284.2,3.1,0.4,ok,
lowtonehouse,0,12,77869,514873,429.6,2664,704.0,26.1,0.6,ok,
lu_lu_tem,0,12,1096518,8724696,3030.8,16185,13108.4,0.1,0.4,ok,
lua_sebiga,0,11,2571,9723,5.3,8,105.3,465.8,0.3,ok,
low_risk__high_return,,,,,,,,,,unknown,
lucent_home23,0,12,20108,145868,303.2,1969,333.0,113.8,0.8,ok,
lucky.selects,0,12,1423,2970,46.0,73,23.6,1.0,7.6,ok,
lui_living_,0,11,2928,6542,19.1,186,10.8,18.6,1.1,ok,
lullu_salim,0,12,747,2515,6.8,11,9.0,106.1,4.0,ok,
luann_home,,,,,,,,,,unknown,
luluspick,0,11,65931,204617,1201.2,4657,180.8,3.1,2.3,ok,
lulupick_365,0,12,58893,473317,298.1,2182,444.1,33.5,0.5,ok,
lunasmood,0,12,57989,353124,71.8,635,194.1,0.4,0.8,ok,
lunaselect_item,0,12,235446,1030267,3871.9,25382,1406.4,0.0,0.4,ok,
lupang_note,0,12,393259,4613434,57.8,547,4260.9,139.0,0.9,ok,
luvv_dh,0,12,273859,2128588,924.3,4838,3.0,4.0,0.1,ok,
luxiai_official,0,11,1525,11232,1.8,20,2.4,0.0,0.7,ok,
luv_ddiddi,0,12,984299,6697642,63.1,508,4434.4,0.3,0.2,ok,
lv.up._.salim,0,12,771,1328,13.7,30,6.8,0.5,8.4,ok,
lydi.eat,0,12,322885,1044741,120.6,499,2265.2,3.3,0.4,ok,
m.n_cleanroom,0,12,4555,11136,57.2,139,22.1,0.3,10.5,ok,
m_o.o_a_home,0,11,300742,860976,3843.3,14364,1242.5,0.3,0.7,ok,
m.i.n.a.r.y.home,0,12,272164,1299512,52.4,180,1338.8,62.0,0.3,ok,
ma_ma_sister,0,12,3406,12772,17.5,130,10.0,0.3,8.4,ok,
mad.mum_,0,12,6091946,39270128,212.2,1114,15589.8,4.0,0.1,ok,
maeil_papa,0,12,6901,18517,221.0,1162,68.2,0.1,16.8,ok,
maeilinhome,0,12,6015,13506,231.2,615,84.3,53.5,7.0,ok,
maesilharu,0,12,1385,9738,12.7,55,7.6,0.1,7.6,ok,
magic.house999,0,12,38313,153914,12.2,57,470.8,0.0,4.9,ok,
maison_homedino,0,12,17189,30789,221.2,411,145.7,2.1,6.0,ok,
maison.rola,0,12,20658,171262,305.9,1414,155.6,0.5,3.1,ok,
maisondechance_official,0,12,67300,196057,186.7,1038,296.7,0.4,6.0,ok,
malang.0.pick,0,12,2550,8214,22.2,33,20.6,130.0,8.4,ok,
mama_zones,0,12,1037461,4717609,797.5,4288,3607.2,5.0,0.1,ok,
mamabear.kr,0,12,16171,79814,487.2,2766,78.8,1.1,8.4,ok,
mamazpick,0,12,19892,145520,912.4,9455,236.8,1.5,0.4,ok,
makdo0o,,,,,,,,,,unknown,
mamom_pick,0,12,30853,169300,172.1,1020,85.4,2.3,3.8,ok,
mami._.maru,0,12,7748,43497,76.8,232,45.8,0.5,6.5,ok,
mamiup_official,0,12,715,1297,3.5,15,3.7,4.0,0.3,ok,
mang9mee,0,12,829890,3538581,307.2,1218,7517.6,15.9,0.3,ok,
mandystarin,0,12,8017888,69981189,3441.8,25765,120458.5,0.5,0.1,ok,
manggu_pick,0,12,40970,238892,118.2,812,172.4,0.3,3.8,ok,
mangohou.se,0,12,9329,99170,19.5,35,54.1,3.1,0.3,ok,
mandacreative,,,,,,,,,,unknown,
manypany_life,0,12,48489,530537,871.2,10110,230.8,3.1,0.6,ok,
manitto_home,0,12,2708,10392,12.8,40,5.9,70.9,6.0,ok,
mari__ettle,0,12,91621,341793,222.8,2163,226.8,0.3,2.3,ok,
margm_tip,0,12,3127,6017,46.6,185,24.3,201.5,7.6,ok,
mas._.everyday,0,12,14978,152862,236.6,2727,46.4,17.5,1.6,ok,
marketunni,0,12,47177,212928,650.2,6832,146.8,22.1,3.7,ok,
masya__home,0,12,419809,1576301,2361.8,12864,1286.8,2.5,0.2,ok,
matdori.world,0,12,2145859,10523980,845.5,4224,6038.5,1.0,0.1,ok,
matkook_,0,12,1248766,14076949,37.5,205,28848.8,0.0,0.1,ok,
maybeeeeeen,0,12,1123086,6218349,118.4,699,7577.8,2.0,0.1,ok,
mdhome_pick,0,12,3430,15430,62.1,265,18.8,14.4,4.9,ok,
meer.pick,0,12,4820,24952,17.4,113,18.4,135.9,7.6,ok,
me_in_uuu,0,12,24272,152386,207.4,1501,78.8,2.0,5.2,ok,
mellow.pick,0,11,10264,46106,142.3,400,59.3,56.2,2.4,ok,
melanhome_,0,12,70780,629608,222.5,1272,669.2,4.5,1.5,ok,
memmem_home,0,12,75908,504858,1390.5,7048,888.8,2.4,0.1,ok,
memo.pick_,0,12,3506,7994,104.4,223,32.9,27.0,4.2,ok,
meowandpaw.store,0,12,10764,45766,16.2,53,381.1,5.6,0.9,ok,
mid_century_friends,0,9,522879,1639798,79.0,248,9302.3,0.8,4.2,ok,
midaeunni_pick,0,12,54180,493596,320.0,1143,352.1,0.4,2.5,ok,
menu__matjip,,,,,,,,,,unknown,
miiniful.home,0,12,81218,552397,74.8,579,856.6,12.8,1.3,ok,
miir_home,0,12,125262,851307,272.3,1459,333.2,0.1,0.1,ok,
milchak.tem,0,12,12422,49678,304.4,1032,103.2,0.5,7.6,ok,
milkyhome_tip,0,12,6161,11751,101.3,213,37.3,54.5,6.5,ok,
mim_mim_tem,0,12,749,1921,12.2,23,5.1,3.5,2.9,ok,
mimihouse86,0,12,2442,11310,67.8,131,40.8,130.5,7.0,ok,
min_diary90,0,12,14600,63619,306.4,1679,48.2,1.1,21.0,ok,
min.ddo_o,0,12,234459,706907,46.2,106,2320.3,0.1,16.8,ok,
minahsalim_o,0,10,86248,723097,2503.0,21209,1030.4,0.5,0.7,ok,
minchelin_guide__,0,12,21553,76722,191.5,543,125.8,0.0,7.6,ok,
ming_foodie_,0,12,186477,916451,169.8,1872,1217.5,0.1,0.2,ok,
mingni_home,0,12,50679,164398,1281.6,3948,291.5,0.2,2.3,ok,
minha_home_,0,12,36647,223816,673.5,5542,96.1,1.4,2.9,ok,
mingpick_review,0,12,78719,445587,7.1,60,475.5,3.0,0.7,ok,
minainseoul.jp,,,,,,,,,,unknown,
minichelle_zip,0,12,94088,300463,1941.9,8412,440.2,7.3,0.6,ok,
miniminhee_home,0,12,15214,147920,152.2,1601,78.3,2.1,0.9,ok,
minimal_home_goods,0,12,37539,442705,535.4,6187,246.8,2.3,3.1,ok,
mins_salim,0,12,216142,1740688,1934.2,11749,1094.2,2.9,0.2,ok,
minspick_daily,0,12,1825,11195,46.4,279,17.8,0.2,7.6,ok,
minutecurator,0,12,23080,54751,5.4,10,164.4,212.1,6.5,ok,
mirae._.beauty,0,9,5026,13966,114.4,365,35.3,15.3,0.5,ok,
misosalrim,0,12,3005,5480,43.2,96,13.8,27.1,1.3,ok,
misso_review,0,12,41055,233615,129.6,746,133.7,3.0,0.4,ok,
minshome_official,,,,,,,,,,unknown,
mister_minimalist,0,12,152753,843765,187.9,307,3970.8,2.0,2.0,ok,
moa_zoa,0,12,8105,21551,168.3,349,78.1,2.5,2.6,ok,
moai_tem,0,12,232928,1669329,1490.7,9044,3461.8,0.4,0.3,ok,
moatem_,0,12,2547,4448,30.0,49,11.2,0.5,7.0,ok,
modu_.home,0,12,412128,2239255,1198.7,10249,3061.6,112.1,0.6,ok,
molie_look,0,12,363753,583910,11218.0,18628,1511.5,2.9,1.0,ok,
mokri_house,0,12,235117,853524,4117.1,16346,1579.8,2.3,0.7,ok,
mollae_item_box,0,12,16645,98257,121.2,604,77.5,0.0,8.4,ok,
mom._.pic,0,12,3483,13655,53.2,117,19.8,0.5,6.0,ok,
mom._.room,0,12,5504,16559,125.0,519,29.8,2.4,1.0,ok,
mom_peon,0,12,1177,2311,14.3,48,15.8,245.1,4.2,ok,
momittem,0,12,14468,141876,157.7,1500,69.7,1.5,4.4,ok,
moman_home,0,12,2658,14302,73.4,383,9.2,3.1,7.0,ok,
mollyhome0,,,,,,,,,,unknown,
momkuremi_pick,0,12,6255,47122,42.8,165,16.4,2.5,12.0,ok,
mommy_pickk,0,12,2628,11521,59.3,139,44.1,241.5,6.0,ok,
mommishn,0,12,3873,15389,39.6,98,21.7,2.4,6.0,ok,
momo.ring._,0,12,183032,1886411,477.8,2928,279.7,0.2,5.2,ok,
momo.__.home,0,10,118111,1049740,1101.5,8336,1701.9,0.5,0.2,ok,
momo_m.house,0,12,10448,33423,291.0,462,105.5,125.5,4.9,ok,
moms_tem,0,12,5900,11173,103.4,527,38.7,46.4,2.9,ok,
moms__living,0,12,1281,1771,6.3,18,4.2,1.0,12.0,ok,
mompicks_list,0,12,84406,337668,3064.4,12953,667.4,0.5,1.9,ok,
monggle__home,0,12,66753,243561,720.6,2169,295.7,1.3,2.1,ok,
mongi._.home,0,12,11888,125994,116.9,1118,39.9,9.4,2.0,ok,
mon_choix_a,0,12,6081,21956,40.6,389,19.3,2.1,2.0,ok,
momssok.tem,0,12,16111,180528,339.5,3497,128.6,32.5,0.6,ok,
monthlyhome.pick,0,12,4011,10605,116.4,156,63.9,238.1,4.7,ok,
mongle_.home,0,11,237734,1483252,493.7,4965,1150.8,88.4,0.4,ok,
mongya220,0,12,242,336,1.2,6,33.8,244.9,1.6,ok,
mood.collect.zip,0,12,1336,7428,40.1,276,13.8,3.5,3.7,ok,
moodmarket.official,0,12,26282,274614,11.5,26,119.6,112.1,1.4,ok,
moongsil_mom,0,12,26114,55033,91.6,321,105.5,0.2,0.5,ok,
mono.living,,,,,,,,,,unknown,
moonzigi_zip,0,12,19635,105083,144.2,1385,89.7,24.0,0.6,ok,
moosim.ko,0,12,4062,8616,1.8,5,13.8,249.1,6.0,ok,
morepick_01,0,12,24447,231115,66.6,346,116.8,2.1,5.6,ok,
morefancy_,0,12,160162,816316,1877.4,7982,464.4,0.0,1.7,ok,
mosseri,0,12,6769901,13895066,2156.3,7348,30433.9,2.8,0.1,ok,
mr.salrim,0,12,252971,2115280,99.2,838,635.8,10.4,0.4,ok,
mrskatiecarlson,0,12,2277974,10532777,10518.9,69093,42790.3,2.8,0.2,ok,
mrs_tanhyun,0,11,17874,48834,22.5,120,63.3,1.2,0.5,ok,
mtree_luna,0,12,108,209,0.0,0,2.4,21.0,2.3,ok,
muhan_.shop,0,12,52057,192876,11.2,57,131.7,0.4,7.6,ok,
muk_hyonini,0,3,225,435,7.0,20,27.3,252.1,1.5,ok,
muk_joongsa,0,12,90677,334377,18.3,86,638.4,0.3,14.0,ok,
mumu_home_,0,12,23331,105584,143.5,408,41.9,0.2,7.0,ok,
musthave__item,0,12,228803,1126773,1932.5,12641,1628.7,61.0,0.2,ok,
muzipsa_home,0,11,63900,443506,53.0,147,242.2,76.0,1.9,ok,
my.__home_,0,12,6184,50801,36.7,231,12.5,1.0,7.0,ok,
my.salimtaste,0,12,6006,53165,77.6,363,36.8,0.4,6.5,ok,
my.sosopick,0,12,125073,528991,2616.2,12267,880.9,0.1,1.2,ok,
my_zipcode,0,11,135188,626078,3189.7,14034,547.1,1.3,7.0,ok,
mybb_pick,0,12,17323,113411,428.7,4402,114.9,48.0,2.3,ok,
myggul._.tem,0,12,2051,10380,8.7,21,8.2,27.5,1.3,ok,
myhome_hyun,0,11,397513,3926241,1444.9,11991,670.8,0.5,0.2,ok,
mykikku,0,12,70950,389841,822.4,6298,499.9,64.5,0.9,ok,
mylittleclass_,0,12,20612,37344,105.7,418,137.8,2.2,4.9,ok,
mytempick,0,12,16274,160484,222.7,1811,212.2,0.5,14.0,ok,
naebab.1000,0,12,35535,134615,134.4,463,440.2,2.1,6.0,ok,
nalssin_cook,0,12,218907,965137,467.5,2493,1262.1,3.0,1.8,ok,
myhousedecor_finds,,,,,,,,,,unknown,
naman.home,0,12,688,1871,3.7,16,2.2,2.3,3.8,ok,
namjaggultem,0,12,3271,15376,26.0,101,12.9,0.6,5.6,ok,
nana___pick,0,12,1714,3777,33.2,113,16.2,37.1,2.0,ok,
nana.home_s2,0,12,515551,3050119,4790.0,23787,2612.5,11.1,0.2,ok,
nana_tem0,0,12,97711,1161411,406.2,4849,341.7,1.1,0.3,ok,
narinhome_,0,12,33362,142679,103.0,596,339.8,4.0,1.8,ok,
naramom_,0,12,10864,36471,552.2,2009,92.1,0.1,16.8,ok,
nana_momstory,,,,,,,,,,unknown,
nata__nara,0,12,1161374,6027571,499.7,4113,16868.9,1.2,0.1,ok,
need.tem,0,12,12834,136997,117.8,1370,64.0,115.1,4.0,ok,
needlenina,0,12,1341292,10313750,616.8,3229,33383.2,1.9,0.1,ok,
newmal._.pick,0,12,810,3129,24.2,60,13.7,86.1,1.9,ok,
newnewni_,0,12,53726,127016,464.7,1468,184.9,2.9,0.6,ok,
newsretail1,0,12,9834,102890,105.7,1227,97.1,0.8,7.0,ok,
nini_salim00,0,12,86274,386735,1268.2,9277,436.6,0.1,2.2,ok,
nochonggak_review,0,12,10634,90596,40.9,286,70.2,0.3,0.2,ok,
nomoney_cook,0,12,1590644,5694018,189.2,902,26547.9,0.1,0.4,ok,
nori.dogam,0,12,58181,627474,834.7,9481,161.1,2.3,5.2,ok,
notspecial___zoe,0,12,168960,595445,3628.4,19227,3.0,1.0,1.2,ok,
now__it__tem,0,12,1901,2883,49.9,106,9.8,2.2,1.0,ok,
now.hottem,0,12,8598,23535,219.8,880,31.3,4.1,4.2,ok,
nsio.pd,0,12,97853,702998,1293.3,8969,487.1,1.0,1.5,ok,
nuenue_tem,0,12,11408,56512,247.3,776,69.5,53.1,2.5,ok,
nunapick,0,12,632089,6663619,4439.3,35162,2460.8,0.1,0.2,ok,
nunu.tem,0,12,2390,4418,42.0,60,16.7,119.1,4.7,ok,
nunune_home,0,12,183648,780675,2023.2,8583,1313.2,0.9,0.4,ok,
nutemlla,0,12,844,1484,33.4,52,19.5,130.0,7.6,ok,
nuya.pick,0,12,2140,8357,70.2,123,38.8,0.5,7.6,ok,
nyamnyam._.tem,0,12,80420,540242,1555.3,9160,378.7,0.3,0.6,ok,
nyang._.ggul,0,12,25204,264852,63.9,481,145.8,241.3,2.1,ok,
o.laple,0,12,65949,390610,79.8,442,78.8,0.2,0.2,ok,
o.ni_tip,0,12,13496,29779,444.8,1256,115.0,0.1,5.6,ok,
o_ho_ra3,0,12,2143,4632,66.8,127,36.2,44.5,3.1,ok,
oday_buy,0,12,337478,2225000,1983.7,12835,5530.3,0.5,0.3,ok,
official._.norunja,0,12,18179,182263,654.7,7403,97.2,1.2,0.7,ok,
ogam.nori,0,12,3102,5822,39.1,84,12.8,0.4,8.4,ok,
oh_daily_picks,0,12,440,1701,7.8,25,8.0,8.2,4.9,ok,
oh_finds,0,12,6175,50081,38.3,237,33.8,203.1,1.0,ok,
objey,,,,,,,,,,unknown,
oharu.haus,0,12,17165,158247,62.8,353,45.2,120.5,7.0,ok,
ohayo.to_travel,0,12,165022,861584,2228.3,9927,1879.3,0.1,2.0,ok,
ohdeuktem404,0,12,459156,3223597,1859.4,15569,1739.0,2.1,0.3,ok,
ohoo_house,0,12,186140,1643615,765.9,6633,3.0,1.4,0.2,ok,
ojirap_salim,0,12,35963,184032,18.7,44,227.9,82.0,2.5,ok,
okayu_life,0,12,2059966,14090314,147.8,948,17638.4,1.3,0.3,ok,
oliviahome,0,12,24352,62046,84.8,183,3.0,0.8,6.5,ok,
olnoo_oo,0,12,260,1238,4.8,10,10.3,226.0,3.8,ok,
omansang_craft,0,12,9977,99686,1.2,9,38.4,2.5,6.0,ok,
on._.zip_,0,12,12148,95579,608.0,6261,145.7,70.1,1.0,ok,
on.room_,0,12,2743,16614,91.8,359,37.7,0.5,1.6,ok,
on.the.tem,0,11,159421,1366189,3324.6,30195,605.5,96.4,0.5,ok,
on_the_home_,0,12,3961,11627,29.0,151,11.9,5.0,1.4,ok,
onair_myspace,0,12,267,382,5.8,15,3.2,137.5,2.0,ok,
onemiman_official,0,12,2647892,9786042,928.5,5250,19673.8,1.1,0.1,ok,
onesalim_,0,12,123886,1241620,10.6,35,3.0,0.9,5.6,ok,
oneul.sookso,0,12,41291,122236,1186.3,4072,224.6,1.4,5.2,ok,
oneultoy,0,12,40689,437441,257.8,2768,131.2,16.5,4.4,ok,
oni.ping,0,12,41125,379789,1641.8,16457,3.8,0.1,3.5,ok,
onshome_official,0,12,1278,2089,1.3,8,2.0,235.3,21.0,ok,
onterior_home,0,12,142377,1358879,2073.4,19490,747.4,180.4,0.7,ok,
onthe_daddy,0,12,4494,18015,135.6,391,42.8,0.2,8.4,ok,
onuju_gongan,0,12,109375,594921,601.6,4026,692.6,0.1,0.2,ok,
onnydesign,,,,,,,,,,unknown,
onul._.pick,0,12,5425,28557,49.0,181,16.8,39.5,1.2,ok,
onuldosabom,0,12,613,1174,2.7,7,2.8,0.1,9.3,ok,
open._.mytem,0,12,1097,5083,45.2,92,22.5,202.5,7.6,ok,
open_mulmandu,0,12,6015,43168,23.2,87,7.0,0.4,5.6,ok,
opic.kshop,0,12,432,2333,13.8,28,10.8,233.4,7.0,ok,
orange_bingsu,0,12,56924,244591,544.2,3201,295.8,114.9,1.0,ok,
otte_interior,0,12,157886,541856,862.4,2838,1666.8,124.1,7.0,ok,
our_home_living___,0,12,1286,2451,7.6,52,3.7,0.2,8.4,ok,
our_home_living,0,12,818,2372,2.7,18,4.8,7.0,2.0,ok,
ourhome._.panda,0,12,1693,2985,48.1,79,27.2,65.1,5.6,ok,
ournakwon,0,12,50370,242003,3283.2,17327,695.7,0.3,2.2,ok,
oxo._.dduddu,0,12,250739,2028308,2757.2,10177,3.0,1.0,0.2,ok,
panda_choice1,0,12,170145,1339998,1919.8,18056,979.4,55.9,0.3,ok,
paroma_casa,0,12,212,284,4.5,8,24.4,3.1,1.3,ok,
owl.homenote,,,,,,,,,,unknown,
peanutbutter_home,0,12,11760,52490,147.4,684,55.4,0.1,6.5,ok,
peng._.pick,0,12,2904,12778,16.6,44,15.6,212.9,7.6,ok,
panda._.home_,,,,,,,,,,unknown,
phc2589,0,12,8589,14106,28.8,50,536.8,2.4,0.8,ok,
pick.dori,0,12,44995,529262,216.2,2408,59.3,0.3,3.8,ok,
petit_deco_home,0,12,3536,10567,38.2,281,25.8,117.1,8.4,ok,
pick.house_92,0,12,1922,2960,2.5,12,4.9,4.2,14.0,ok,
pick_.tem,0,12,23710,143764,220.5,1539,156.6,0.0,0.5,ok,
pick_3300,0,12,5915,16015,60.9,121,44.5,232.1,12.0,ok,
pick_honeyitem,0,12,11660,136837,111.2,1329,46.3,6.1,2.5,ok,
pickly.home,0,12,4590,8642,76.2,176,46.2,232.1,5.2,ok,
pickinbloom1,0,12,1664,5011,8.8,35,5.1,112.5,14.0,ok,
pick_33,,,,,,,,,,unknown,
picknlife_select,0,12,1238,2684,22.0,92,7.8,2.0,4.7,ok,
pickmeup__shop,0,12,451848,2220203,4215.6,40935,2384.0,1.9,0.4,ok,
pickinbloom,,,,,,,,,,unknown,
picknliving,0,12,565,3208,7.3,41,6.6,0.4,7.6,ok,
pickof.j,0,12,27871,161715,367.6,2002,97.5,0.1,0.5,ok,
picknokio.kr,0,12,6788,48221,86.8,369,17.2,0.8,3.1,ok,
pickpickgallery,0,12,2637,7003,154.9,300,65.3,0.1,12.0,ok,
picku.kr,0,12,277,627,15.2,22,14.2,52.5,2.4,ok,
pickvault9,0,12,2287,5717,27.7,71,13.8,16.4,2.7,ok,
pickzip000,0,12,59570,704506,183.6,2043,250.2,0.4,3.1,ok,
pink__salim,0,12,797,1803,12.1,31,7.6,0.4,7.0,ok,
picky.poky,,,,,,,,,,unknown,
pickzip,,,,,,,,,,unknown,
pipi._.tem,0,12,3581,15850,51.5,238,22.8,1.0,7.0,ok,
pirpir_officiai,0,12,21138,159300,255.4,2562,125.4,26.2,0.4,ok,
pkhh_luv2,0,12,22885,35749,10.3,25,427.6,0.8,14.0,ok,
planthome.1t,0,12,27329,320396,538.6,6416,170.8,0.1,0.5,ok,
pinkgom101,,,,,,,,,,unknown,
playit_kids,0,12,58582,404395,589.4,4124,281.9,11.5,6.5,ok,
pocketpick_official,0,12,122044,1405145,354.8,3890,584.1,1.0,1.0,ok,
pogeunhaus,0,12,2273,3080,29.0,70,23.0,191.5,5.6,ok,
pokotto_home,0,12,437315,3108138,7233.2,32753,3734.2,0.0,12.0,ok,
pong_housee,0,12,11357,76769,42.2,222,22.2,1.4,28.0,ok,
pongle.zip,0,12,8781,48841,218.8,1646,79.2,0.1,0.8,ok,
poohsallim,0,12,5766,37238,71.6,499,82.1,40.5,0.9,ok,
ppobi_tem,0,12,2233,3951,35.0,81,20.2,15.5,5.6,ok,
protem.note,0,12,114374,642273,1935.4,13099,332.1,116.3,0.5,ok,
pudding_pick,0,12,61277,298724,32.8,105,287.4,0.5,1.3,ok,
purebeef8,0,12,9617,39347,0.3,3,22.2,0.5,7.0,ok,
pumjeolgak,0,12,56665,615953,93.5,856,142.0,147.2,3.7,ok,
pyeonhaejib,0,12,19759,193572,18.2,45,26.6,11.1,2.7,ok,
q_house_y,0,12,1048,2225,1.1,5,4.1,1.2,4.9,ok,
pypy12_11,0,12,941891,6787200,71.7,281,24249.5,0.4,0.1,ok,
queens.tem,0,12,6975,14009,106.0,486,35.2,7.5,0.7,ok,
quickfixdiy,0,12,5795,33635,0.0,0,4.7,1101.1,0.4,ok,
radung2_mom,0,12,6179,62415,6.3,23,30.8,3.1,3.8,ok,
queenz_hom2,0,12,1501,4287,5.2,18,2.3,0.8,5.6,ok,
ramensanenggak70,0,12,29374,211239,399.8,4062,178.8,0.0,5.2,ok,
ramisalrim,0,12,37381,221471,866.8,5585,234.3,0.0,6.5,ok,
ranzoooo,0,12,270547,1214130,848.1,6874,1587.4,2.0,0.1,ok,
ramy__home,0,12,121154,646026,647.9,3707,3.0,2.3,3.2,ok,
raon.box,0,12,1004644,6934434,3022.5,28295,4233.2,2.6,0.2,ok,
real_item1004,0,12,114391,919344,1174.6,8873,398.6,1.5,0.4,ok,
real_mompick,0,12,33852,245794,451.2,2650,169.1,135.3,2.7,ok,
realife.housewife,0,12,3483,16029,41.1,80,26.7,30.5,7.6,ok,
redplanet_hanam,0,12,941497,7827543,1171.2,5342,4070.1,2.1,0.1,ok,
remignon_salrim,0,12,318899,1367032,539.6,2155,2506.4,0.5,0.2,ok,
rapirapi001,,,,,,,,,,unknown,
remio.pick,0,12,442769,3641829,11892.0,94053,2160.3,5.0,0.3,ok,
renno.lab,0,12,16917,52018,99.2,611,161.1,0.0,16.8,ok,
rescue.salim,0,12,82475,167715,71.7,434,388.3,0.9,6.5,ok,
reureu_rumi,0,12,102666,612865,2413.2,16677,816.8,0.0,6.0,ok,
return_assi,0,12,240277,1364973,907.5,8958,1402.2,1.0,0.2,ok,
review._.kong,0,12,101640,1141393,99.3,737,1317.7,181.1,1.3,ok,
review_item1,0,12,523,1229,25.7,38,16.0,17.4,3.0,ok,
review_manim1,0,12,142912,915752,345.3,2753,512.5,17.4,0.4,ok,
review_mann,0,12,3492,10267,13.8,83,11.7,2.3,1.3,ok,
reureu_living,,,,,,,,,,unknown,
review_tang2,0,12,1129,1600,8.9,42,5.2,2.1,5.6,ok,
review_yeosin,0,12,2138,4753,51.2,162,21.9,0.9,0.6,ok,
review_tip,0,12,704864,4244652,63.2,347,5404.9,3.0,0.1,ok,
reviewunnie,0,12,5803,18890,158.1,639,46.7,0.5,16.8,ok,
reviewoffice,0,12,715863,3826157,32.0,262,4482.1,0.2,0.3,ok,
reviewyanolza,0,12,2498151,18915400,987.8,4451,13477.0,3.1,0.1,ok,
rina_homed,0,12,383984,1834773,2930.6,16570,2611.2,0.0,0.2,ok,
riola.log,0,12,8416,30314,33.2,214,56.9,2.1,2.9,ok,
reviewnam_official,,,,,,,,,,unknown,
rity_home,0,12,16921,133251,23.8,130,80.3,28.8,0.8,ok,
river___mom,0,12,23339,132733,58.2,132,122.8,2.0,0.8,ok,
richliving,,,,,,,,,,unknown,
ro_ni_home,0,12,3377,7371,41.4,127,13.3,10.4,4.9,ok,
roco_house_,0,12,11578,31468,4.7,25,24.5,0.0,42.0,ok,
rita_mom_kr,,,,,,,,,,unknown,
rodyhome_,0,12,123086,822889,1118.9,9666,530.9,0.9,0.4,ok,
romine_couple,0,12,6760,18449,122.3,360,28.6,37.2,0.5,ok,
ronie__home,0,12,26590,259433,8.7,26,133.3,40.5,0.6,ok,
roomandtail_official,0,12,277041,1693486,1339.0,12861,1321.5,0.1,0.4,ok,
roombly.home,0,11,1774,9891,41.1,111,16.2,21.1,1.5,ok,
roomcorner.salim,0,12,424138,2111783,2513.8,18443,2232.8,11.9,0.2,ok,
roomit.zip,0,12,343533,1929678,1810.0,13547,4886.1,19.1,3.1,ok,
rooming_home,0,12,470,763,2.2,6,1.5,130.5,8.4,ok,
roomoftem.kr,0,12,23156,53714,1486.3,4237,334.8,0.3,10.5,ok,
rorotalk,0,12,2086,4256,19.9,38,9.8,35.4,2.5,ok,
rosa_sallim,0,12,71496,437254,126.4,418,216.5,1.4,2.3,ok,
roommake47,,,,,,,,,,unknown,
rou_nmom,0,12,6055,65276,46.1,505,18.7,1.0,4.0,ok,
roun_salim,0,12,23541,245892,56.4,137,74.9,0.5,1.2,ok,
roy.mom_,0,12,10770,36479,545.0,2009,91.2,0.0,16.8,ok,
rua.home__,0,12,296665,1302708,1821.5,5211,2523.2,1.0,1.4,ok,
roomplay,,,,,,,,,,unknown,
ruheroom,0,12,189110,1316479,2106.4,18957,3.0,122.1,0.8,ok,
rulu_ming,0,12,2867,6462,70.0,269,28.6,0.4,7.0,ok,
rulucasa,0,12,6685,55522,45.1,97,27.8,0.5,8.4,ok,
rurupang_rurupi,0,12,803,2515,1.0,8,1.6,14.3,8.4,ok,
ryulee_home,0,12,278163,1106843,2635.3,13911,1465.8,1.0,0.3,ok,
ryo_mi__,0,12,103651,1012285,669.9,5454,300.8,0.3,0.4,ok,
saedaek_item,0,12,121604,742075,1441.8,12464,234.1,80.1,0.5,ok,
sadaboni_godtem,0,12,966,3594,10.3,29,5.5,0.0,14.0,ok,
safrarous,0,12,20466,188800,3.1,13,156.2,34.0,1.8,ok,
sagil4949,0,12,3168,16664,4.1,7,17.7,181.1,2.8,ok,
saja_go_,0,12,3651,7260,123.6,398,20.2,114.0,3.1,ok,
sakinee_kurashi,0,12,277222,2877606,6.3,62,873.6,5.1,0.5,ok,
salang_trip,0,12,100318,404948,1709.8,10114,705.4,0.2,4.9,ok,
sal.kung,0,12,88274,509754,771.2,4450,461.0,60.3,0.5,ok,
salgu.tem,0,12,61522,613873,32.9,87,302.8,92.0,0.6,ok,
saju.min,,,,,,,,,,unknown,
salim._.bee,0,12,1058,2078,42.8,74,23.1,130.0,9.3,ok,
salim._.bot,0,12,116784,846884,3504.1,20594,853.7,80.5,0.9,ok,
salim._.ggook,0,12,2962,5990,44.4,210,11.5,33.5,2.5,ok,
salim._.raccoon,0,12,10806,88909,490.2,4150,87.2,2.1,0.8,ok,
salim._.ittem,0,12,1699,2588,26.7,42,18.2,34.5,6.5,ok,
salim.kokko,0,12,84279,902877,286.8,2962,34.2,172.8,0.8,ok,
salim.log,0,12,911224,4933949,117.8,390,8371.1,1.0,0.1,ok,
salim.one.piece,0,12,10169,20260,251.1,1843,23.3,86.1,5.6,ok,
salim.salmam,0,12,1290,2129,13.9,27,6.3,2.1,5.6,ok,
salim.rang,0,12,9444,92021,7.9,64,30.7,13.1,3.5,ok,
salim.time0,0,12,294687,2187854,8119.8,87675,1970.3,54.4,0.5,ok,
salim_1point,0,12,55221,482472,534.7,2966,220.2,1.0,0.8,ok,
salim_9dan,0,12,8080,23537,213.2,880,30.3,4.1,3.8,ok,
salim___hacker,0,12,349975,1026187,33.8,202,1921.8,3.2,1.0,ok,
salim___corner,0,12,960,5145,3.5,26,3.6,121.0,4.4,ok,
salim__dad,0,12,3040,8787,32.8,117,15.3,58.1,1.6,ok,
salim__box,0,12,498304,2627026,164.5,990,2859.8,149.1,0.2,ok,
salim__mami,0,12,66087,289532,442.2,1677,152.2,0.1,9.3,ok,
salim__gom,0,12,30261,53935,665.8,2024,127.5,62.4,6.0,ok,
salim__tips,0,12,19788,119000,13.2,83,38.5,149.4,1.0,ok,
salim__touch,0,12,7240,15206,78.2,264,36.3,158.1,5.6,ok,
salim_be_rry,0,12,151143,1024051,1719.2,13951,975.4,120.0,0.4,ok,
salim_bigson,0,12,832,3529,3.6,15,5.5,2.5,8.4,ok,
salim_cura,0,12,1452,2656,20.6,46,10.3,18.1,0.7,ok,
salim_bonsaek,0,12,11591,73089,53.8,99,82.8,240.1,7.0,ok,
salim_factory,0,12,12612,43994,2.4,9,22.0,0.3,8.4,ok,
salim_fairy,0,12,88669,675717,2017.6,8934,489.9,159.3,1.4,ok,
salim_gak,0,12,50066,487465,241.3,1549,171.7,2.2,0.4,ok,
salim_jejakso,0,12,3827,23637,14.7,36,9.1,166.9,4.9,ok,
salim_guard,0,12,12231,121591,23.9,191,45.9,6.1,2.0,ok,
salim_katok,0,12,1672,3341,43.8,121,14.7,0.5,7.6,ok,
salim_kkuna,0,12,205,1131,0.5,1,1.0,83.3,2.2,ok,
salim_knowhow,0,12,2763,6328,104.4,359,37.2,142.5,8.4,ok,
salim_n_life,0,12,64388,378972,56.1,357,144.9,0.9,0.4,ok,
salim_nam_official,0,12,398787,1303721,147.0,936,2462.4,0.9,3.4,ok,
salim_peach,0,12,44459,262069,624.8,2537,157.2,0.4,4.0,ok,
salim_room,0,12,387885,1750639,2989.5,11649,4552.2,0.3,0.8,ok,
salim_otter,0,11,406,720,14.7,35,23.6,244.8,2.5,ok,
salim_room_,0,12,12462,75925,172.4,844,39.2,113.6,12.0,ok,
salim_station,0,12,1148533,3241825,17783.2,52754,11783.7,2.0,0.4,ok,
salim_routine,0,12,248332,2787084,58.7,541,975.2,1.0,0.5,ok,
salim_wicked,0,12,3559,21374,22.1,109,17.1,66.1,5.6,ok,
salim_vibe,0,12,15337,150804,395.2,4587,113.8,11.0,0.2,ok,
salim_zipsa,0,12,2753,4898,126.6,207,68.2,148.1,7.0,ok,
salimbanana,0,12,15958,119885,353.2,3434,100.7,111.5,1.1,ok,
salimdad_items,0,12,278644,989322,2941.9,13757,1024.1,0.5,0.6,ok,
salimaje_official,0,12,326419,2709361,41.4,107,1472.6,203.5,1.0,ok,
salimddak,0,12,39755,161499,796.5,2254,255.2,0.2,12.0,ok,
salimdepot,0,12,10916,18954,294.6,1056,52.5,193.1,3.1,ok,
salimdoldol,0,12,10458,72994,39.2,184,23.0,0.4,14.0,ok,
salimemohouse,0,12,1259005,5173735,801.8,3043,14147.2,2.1,0.1,ok,
salimfinds,0,12,1042,3541,7.7,20,3.0,24.0,6.5,ok,
salimgongsik,0,12,179,226,2.8,5,5.1,171.0,4.7,ok,
salimgom_,0,12,2603,7534,22.1,37,19.7,233.1,7.6,ok,
salimi__life,0,12,7134,27734,96.9,592,28.8,1.0,8.4,ok,
salimking683,0,12,41291,215388,674.4,4134,199.8,0.2,0.4,ok,
salimkkuni,0,12,22615,131582,227.4,1423,56.8,1.3,2.1,ok,
salimkokkok,0,12,163565,1346800,2200.1,17637,447.5,1.1,0.5,ok,
salimm.pick,0,12,222422,1630740,4858.9,28593,2468.8,12.5,0.4,ok,
salimkwz,0,12,115959,449443,105.3,308,207.3,0.4,1.3,ok,
salimmoire,0,12,17992,119001,369.8,1624,65.8,2.4,4.2,ok,
salimnam_notes,0,12,1794,5498,39.3,128,16.4,1.1,7.6,ok,
salimontem,0,12,36781,302726,91.5,235,41.5,171.1,3.1,ok,
salimpick_kr,0,12,3571,10324,34.4,119,13.6,0.5,7.6,ok,
salimromance_official,0,12,118256,333481,1760.0,10632,674.2,1.1,1.4,ok,
salimstar24,0,11,29131,94637,975.7,3127,254.1,150.3,1.8,ok,
salimtoktok001,0,12,913,2804,2.8,8,2.7,0.6,6.5,ok,
salimtuntun,0,12,338564,3970968,340.2,3955,914.8,0.5,0.2,ok,
salimzip15,0,12,75397,892112,616.4,7394,444.4,83.0,0.5,ok,
salimso_so,,,,,,,,,,unknown,
salli_mlog,0,12,964,5421,1.7,9,2.5,11.0,3.5,ok,
sallim._.nori,0,12,32844,389960,537.9,6435,217.3,75.1,0.5,ok,
sallim.ggomggom,0,12,9808,53927,10.8,67,18.2,7.2,1.5,ok,
sallim.duck,0,12,934,2101,4.0,10,2.3,0.4,2.8,ok,
sallim.hack,0,7,3070,6517,27.6,44,34.3,238.0,7.0,ok,
sallim.ittem,0,12,3301,11938,55.2,108,30.5,0.5,8.4,ok,
sallim._.issue,,,,,,,,,,unknown,
sallim_0man,0,12,95687,556857,703.3,4375,1807.5,337.0,0.6,ok,
sallim1sang,0,12,222797,990095,2289.0,14509,543.2,1.0,0.5,ok,
sallim__gangteacher,0,12,2193,4651,1.3,4,6.2,0.5,8.4,ok,
sallim_atti,0,12,6417,18542,144.5,473,50.8,0.1,16.8,ok,
sallim_after_work,0,12,185090,733145,1344.2,10506,1905.2,1.1,0.3,ok,
sallim_friend,0,12,430045,3627695,1833.9,13916,2897.5,0.3,0.1,ok,
sallim_gonggan,0,12,24923,95639,461.8,1750,180.7,1.1,2.6,ok,
sallim_jibsa,0,12,2785,5760,17.5,40,10.3,181.0,1.3,ok,
sallim_gajang,0,12,63152,279163,765.3,4181,3.0,0.9,1.4,ok,
sallim_jupjup,0,12,35337,333646,331.8,3033,217.3,12.0,0.5,ok,
sallim_on_,0,12,486,2089,17.5,27,10.8,9.0,4.2,ok,
sallim_ppal_home,0,12,8359,71917,46.8,240,36.8,0.2,7.6,ok,
sallim_rabbit,0,12,170038,839523,40.1,190,1325.2,0.1,6.0,ok,
sallim_silrok,0,12,11640,103178,158.4,1450,24.4,12.4,0.8,ok,
sallimpanda,0,12,2350,5557,15.2,69,12.1,2.3,0.9,ok,
sallimnam0,0,12,14795,146831,224.2,2451,103.9,82.9,2.2,ok,
sallimplus,0,12,278661,800445,3648.7,11534,1224.6,3.3,1.6,ok,
sallimtree,0,12,122020,498798,626.3,3701,528.0,1.2,0.2,ok,
sallimsal_2,0,12,26092,269238,169.4,1759,90.6,0.2,0.4,ok,
sallimee,,,,,,,,,,unknown,
sallimup,0,12,14726,159077,65.1,445,30.6,1.1,4.9,ok,
salrim.100,0,12,70991,228631,196.8,963,383.4,10.1,1.4,ok,
salon_unni,0,12,102461,605425,812.0,5670,1898.2,13.3,1.7,ok,
salrim.editorh,0,6,497,1242,14.5,17,13.3,123.5,0.4,ok,
salrim_1spoon,0,12,5426,15732,148.0,556,39.2,6.1,9.3,ok,
salrim_actor,0,12,286920,2695713,53.2,293,868.2,40.1,0.7,ok,
salrim_best,0,12,522,801,11.6,23,19.6,282.6,8.4,ok,
salmgyeol,,,,,,,,,,unknown,
salrim_ddoktti,0,12,9092,72888,48.4,83,34.3,135.1,4.0,ok,
salrim_studio,0,12,38997,118661,99.4,606,186.0,1.0,1.1,ok,
salrim_ondo,0,12,24515,247154,58.0,526,62.5,2.1,1.3,ok,
salrimiyo,0,12,4392,16355,39.9,91,23.7,96.6,3.0,ok,
salrim_ggoma,0,12,51141,234097,1330.3,12302,250.2,3.0,3.0,ok,
salrimtyuning,0,12,4314,11990,11.5,50,19.9,36.2,1.1,ok,
salroom_store,0,12,53504,378751,102.8,614,148.0,0.2,7.6,ok,
samlandreth,0,12,125121,759691,26.1,110,4376.8,3.7,1.2,ok,
sanunnak_,0,12,31457,151825,133.2,1140,118.8,7.0,0.9,ok,
saltmaman,0,12,175291,933135,1420.0,5820,852.0,4.9,0.3,ok,
sarah_living.75,0,12,2119,6592,20.4,33,14.5,102.2,0.8,ok,
sarlimtem,0,12,3835,15925,23.1,78,52.8,4.9,0.5,ok,
say__tem,0,12,153166,973438,4581.2,25481,779.0,2.1,0.3,ok,
salzzin_nam,,,,,,,,,,unknown,
se.yeon_room,0,12,1994,6595,25.9,51,6.9,17.9,4.9,ok,
seha_us,0,12,269984,1380101,914.2,6398,1835.8,9.0,0.3,ok,
select.ping,0,12,23725,37140,663.0,1788,192.6,0.5,7.0,ok,
select_lab00,0,12,21250,113027,53.5,553,417.7,1.1,12.0,ok,
self_interior,0,12,106286,230089,1082.4,7612,3.0,0.4,3.8,ok,
self_diy,0,12,120785,275802,20.0,86,499.2,2.1,0.1,ok,
selly__home,0,12,91664,539308,495.1,2042,206.2,10.4,1.8,ok,
semojoa1,0,3,146,181,0.0,0,2.3,151.4,1.6,ok,
seoa._.hom,0,12,117798,546651,1721.1,9951,617.1,13.1,1.4,ok,
sensepampam,0,12,33496,337986,136.4,1469,165.2,25.1,1.9,ok,
seoa.home_,0,12,21679,207632,261.0,2026,55.1,0.3,14.0,ok,
seonmul.market,0,12,69066,441989,318.1,1629,559.2,9.1,3.7,ok,
seoye5639,0,12,902068,5893077,619.8,1544,7183.5,2.3,0.1,ok,
seori__home,0,10,94255,797305,1067.2,8940,380.9,0.4,23.3,ok,
seoyoung_very,0,12,150123,1219554,741.3,5940,164.0,1.0,0.2,ok,
seoyseoa.pping,0,12,177884,767579,5679.1,31813,1200.7,0.2,0.3,ok,
sera_whitehome,0,12,2408,4823,16.7,44,42.6,0.0,4.9,ok,
seulreview.tips,0,12,388374,2233268,22.0,96,876.3,0.1,0.1,ok,
seultem.1010,0,12,1571,9727,11.4,29,7.5,1.1,0.4,ok,
sh.cookkook,0,12,53087,159959,11.5,31,308.0,1.0,16.8,ok,
sha4home,0,12,9624,71092,7.8,30,22.8,10.5,14.0,ok,
sheep___soft,0,12,1205,1875,41.9,79,14.0,0.5,7.6,ok,
shine_hometem,0,12,114343,884686,1749.7,9718,622.2,83.0,0.5,ok,
shangri.home,0,12,1590,2705,41.1,60,25.1,0.5,7.6,ok,
shinzzang_home,0,12,166429,1936928,18.5,50,281.0,0.1,0.3,ok,
shop._.dami,0,12,25403,194248,676.0,3585,539.3,0.1,0.9,ok,
shopdulvo,0,12,1451169,8451944,440.1,3035,36294.7,2.7,0.2,ok,
shoppacat7,0,12,81718,666533,630.0,5140,339.6,35.4,0.4,ok,
shopperpick.store,0,12,4703,15346,27.2,75,28.2,194.5,1.3,ok,
shoppickmall,0,12,4360,15384,93.8,320,29.2,0.0,9.3,ok,
shopping___review,0,12,1416,2911,11.1,28,6.0,1.2,9.3,ok,
shopping_flavorr,0,11,388090,3169608,698.8,2500,649.4,0.0,0.2,ok,
shopping_genius1206,0,12,2109,5010,13.9,135,6.0,0.3,7.0,ok,
shopping_manager,0,12,1956,4715,7.8,18,9.5,0.1,5.6,ok,
shoppingmom_up,0,12,12350,19651,101.2,323,45.8,2.4,3.2,ok,
shoppinghottem,0,10,342485,3381520,1067.6,10602,3044.4,379.2,0.7,ok,
shortsprokang,0,12,99554,1129013,1333.5,15617,500.9,0.1,0.7,ok,
show_gom,0,11,26483,63628,1012.4,2381,182.5,0.1,8.6,ok,
shyhomeitem,0,12,225060,1427836,4095.9,31579,1075.5,52.1,0.4,ok,
simji.eun,0,12,179813,984977,573.8,2893,862.2,47.8,0.1,ok,
sia._.home,0,9,2441,16217,11.7,43,15.6,105.2,0.8,ok,
simplefty,0,12,181970,1248251,170.2,590,640.1,1.0,1.2,ok,
simplosophy25,0,12,18434,186149,52.5,321,104.3,220.5,3.4,ok,
simplejoy_living,0,12,2652,10655,27.8,156,12.0,55.1,0.6,ok,
sillim_live,,,,,,,,,,unknown,
sin.munseog,0,5,312,427,0.2,1,33.4,778.4,0.1,ok,
sinbak.salim,0,12,44932,317118,625.7,5469,214.2,0.8,0.9,ok,
sinhome_pick,0,12,14390,137205,164.1,1289,53.9,0.5,2.6,ok,
siri.yori,0,12,11336,81855,29.5,180,36.2,92.2,1.1,ok,
sinbihan_life,0,12,983,1847,12.4,38,6.3,0.5,4.7,ok,
sinbi___s,0,12,27804,190815,370.6,2057,222.6,0.4,0.6,ok,
sister_home_it,0,12,53920,502587,631.4,6584,307.2,61.1,0.4,ok,
siwani.mom,0,12,469885,5485506,67.8,348,307.4,0.9,0.1,ok,
six_choice,0,12,400065,2986629,93.2,915,2222.2,0.5,0.1,ok,
slhomelife,0,12,3876,6647,27.8,65,17.4,109.1,0.6,ok,
slowhome.pick,0,12,1251,3189,17.8,34,10.9,0.3,8.4,ok,
slowmomlife.finds,0,12,1916,18272,9.1,57,5.8,0.1,16.8,ok,
small._.notes,0,12,5813,64272,8.6,47,12.8,1.3,4.9,ok,
smart.kjubu,0,12,203416,978632,430.7,2956,1446.0,4.5,1.3,ok,
smart_item_pick,0,12,3259,4341,56.8,129,10.1,1.1,12.0,ok,
smart_plck,0,12,1497,3829,3.5,13,7.8,231.1,7.0,ok,
smartfindsss,0,12,26501805,147456263,1807.5,14129,283357.0,0.7,0.1,ok,
smartmom.zip,0,12,3447,15338,19.6,80,11.3,0.0,5.2,ok,
smile._.home_pick,0,12,2499,4783,33.3,47,19.5,76.5,4.9,ok,
smile.store.kr,0,12,343506,1557324,662.5,2774,6042.1,0.5,1.2,ok,
smile2_sam,0,12,4113,9341,46.9,121,24.8,0.1,10.5,ok,
smart_living_tips,,,,,,,,,,unknown,
smileful_it,0,12,121498,1281400,256.8,1117,460.2,0.1,0.4,ok,
snappypick,0,12,328066,2840055,108.1,815,12452.2,0.4,0.2,ok,
so_onfull,0,12,5077,16938,40.8,142,28.8,16.1,0.4,ok,
sohy.review,0,12,210474,1702260,1174.8,8949,3096.4,3.5,0.5,ok,
soeun_home,0,12,1463,3519,120.0,148,70.2,37.0,2.1,ok,
soi.home_insta,0,12,24587,39595,901.8,2101,133.4,47.0,1.9,ok,
soi_home29,0,12,32701,207718,253.1,767,112.0,0.1,16.8,ok,
solo_jooboo,0,12,3316,6339,21.7,37,26.1,0.3,9.3,ok,
solssam.kr,0,12,146793,343734,1294.8,3476,1281.9,1.0,3.5,ok,
solsol_home,0,12,599225,2515194,1247.2,13465,3104.4,1.5,0.1,ok,
som__salim,0,12,66175,744434,750.2,7434,516.6,191.5,1.3,ok,
someday_ggultem,0,12,302,401,2.7,5,1.3,2.4,8.4,ok,
somi._.home,0,12,3563,18239,38.8,121,21.6,1.4,7.6,ok,
somun_saedaek,0,12,2971,30280,8.4,94,9.7,17.1,2.0,ok,
songsonghomes,0,12,43197,309182,136.9,1006,132.2,0.5,8.4,ok,
songyi._.room,0,12,2224,5326,38.5,73,21.3,0.2,1.8,ok,
sonopick_official,0,12,78584,357590,331.2,1638,852.1,11.1,1.2,ok,
soo_bin_home,0,9,26052,119745,104.6,425,61.6,22.0,2.9,ok,
soom_mari,0,12,663364,7574927,46.2,361,18617.4,0.3,2.4,ok,
soomggul_,0,12,70564,215835,350.9,1440,146.2,0.9,2.5,ok,
soonsaktem,0,12,40002,274418,210.2,1746,146.2,2.2,0.9,ok,
soowoone.honey,0,12,647,1061,18.3,25,9.3,0.1,8.4,ok,
sooa_login,,,,,,,,,,unknown,
soso_athome,0,12,2133,4253,0.3,2,4.9,228.5,5.6,ok,
soso.sallim_log,0,12,2066,5609,5.4,25,17.8,4.1,1.3,ok,
soso_room__,0,11,19973,171660,174.7,627,3.0,6.5,3.7,ok,
soso_ittem,0,12,11990,20770,207.2,855,85.2,0.1,10.5,ok,
soso_it_home,0,12,95384,533033,498.8,2220,366.9,281.0,0.4,ok,
soso_home_,0,12,47527,131107,229.9,882,108.7,0.0,2.0,ok,
sosoh.anhappy,0,12,175527,2098008,798.4,9562,1169.0,2.1,0.3,ok,
sosodamdam1121,0,12,1362,3313,0.0,0,17.0,9.2,0.1,ok,
sosojungjung,0,12,3264,31231,3.7,12,3.2,5.1,2.3,ok,
sosopapa_insta,0,12,6507,30379,43.4,133,22.2,0.4,8.4,ok,
sosoreview1,0,11,3789,32667,53.6,376,29.5,130.0,0.7,ok,
sosoroom.kr,0,12,773928,5381273,5080.4,34286,2168.4,0.2,0.2,ok,
soul_homebebe,0,12,142418,1157585,939.0,3491,266.0,0.0,10.5,ok,
soul_pr0vider,0,12,64515,366214,49.2,105,310.5,2.0,0.3,ok,
sowho77,0,12,2341,14776,1.2,3,2.7,0.1,16.8,ok,
soyo_tem,0,12,61108,490049,306.8,2066,213.2,0.9,2.6,ok,
soyoo_home,0,12,35798,221984,161.8,751,155.3,144.9,0.8,ok,
soyuhari,0,12,577061,4810097,389.9,2862,50873.9,0.0,0.1,ok,
soyummy,0,12,269578,468595,4.2,8,1298.8,0.8,12.0,ok,
spoonlog_official,0,12,9604,53612,68.1,455,20.0,0.0,7.0,ok,
spoolhome,0,12,92096,375091,1522.8,6760,442.9,0.3,2.0,ok,
srsr_home,0,12,19371,123217,252.7,1923,163.1,163.5,3.5,ok,
ssacktemgo,0,12,10068,88019,75.8,551,29.3,6.0,5.2,ok,
ssmart__living,0,12,872,2068,17.8,25,13.6,218.4,6.5,ok,
ssin_item,0,12,2956,10091,15.1,41,9.5,158.2,5.6,ok,
sso_so_dam,0,12,73220,539710,58.9,277,567.8,3.0,1.8,ok,
ssocer77,0,12,2316,17742,6.6,31,7.7,0.3,7.6,ok,
ssomom_pick,0,12,8074,67980,153.8,1235,36.2,1.5,6.0,ok,
ssol_ssol_pick,0,12,109081,700721,1211.3,6063,290.3,1.4,5.6,ok,
ssul.tem.daily,0,12,360950,2170121,728.8,6021,1958.2,107.0,0.5,ok,
ssokssok.daily,0,12,9976,26048,103.3,457,38.5,1.0,2.5,ok,
ssuns1023,0,12,538692,3571509,734.9,5418,3266.8,0.1,0.3,ok,
ssummuse,0,12,24764,249739,67.2,423,201.2,39.5,6.0,ok,
stae._.pick,0,12,369,789,1.2,5,1.0,0.2,2.2,ok,
standard__home,0,12,6889,10473,139.9,258,57.0,164.5,7.0,ok,
starstar_tem,0,12,11569,41559,265.3,1096,61.4,1.3,8.4,ok,
stay_mood_home,0,12,3403,11538,110.5,501,37.9,109.5,4.4,ok,
stayhomeitems,0,12,2530,4964,48.3,112,22.6,131.1,4.4,ok,
stephaniegrime1,0,12,4881197,55120461,2610.7,24227,87605.8,1.7,0.1,ok,
stylemoodkr,0,12,52614,158230,298.2,1135,101.2,0.1,10.5,ok,
sua_play,0,12,118474,493730,3728.5,6837,3.0,1.1,2.4,ok,
subnoise_,0,4,2907,5897,0.5,1,36.8,1361.4,0.1,ok,
sujani_zip,0,12,31921,216073,4.8,18,114.0,22.4,1.0,ok,
sun.livin9,0,12,30078,168587,361.6,2904,139.8,5.9,3.8,ok,
sun_2home,0,12,665,2308,31.9,54,12.7,37.5,3.8,ok,
sundaypick1,0,12,1580,6238,57.8,88,39.6,239.1,7.6,ok,
suamama_home,,,,,,,,,,unknown,
sunmul.market,0,12,463646,3287851,1745.7,15504,19320.7,5.1,0.3,ok,
sunsun_rich,0,12,418,911,3.0,8,3.2,0.9,5.2,ok,
supertem_log,0,12,1425,8753,2.5,10,4.4,141.9,1.8,ok,
suuku_kurashi,0,11,304088,1729343,12.3,31,2566.1,169.0,0.9,ok,
sweet.homezz,0,12,66113,727101,722.6,7931,223.0,128.1,1.0,ok,
sweet_hometerior,0,12,7806,10309,109.9,391,33.9,0.5,6.0,ok,
sweet_studio1018,0,12,12946,93219,245.2,1221,77.8,0.1,10.5,ok,
sweetsavingsandthings,0,12,572323,4534952,2831.7,11000,2607.0,0.5,0.2,ok,
switi.home,0,12,12705,69332,455.0,4790,55.1,109.0,1.3,ok,
suseok_design,,,,,,,,,,unknown,
table._point,0,12,9178,15517,0.4,3,24.9,0.3,10.5,ok,
taste.home.note,0,12,6671,18042,174.4,353,65.5,0.3,10.5,ok,
taste_intersection,0,12,20506,193345,3.7,32,435.7,12.4,0.7,ok,
tem._.soo.ni,0,12,11533,98933,318.2,2513,98.2,63.1,7.0,ok,
tem.bee77,0,12,6300,26486,53.1,70,42.3,129.5,7.6,ok,
tem.ddung2,0,11,11394,21619,195.2,728,44.0,0.2,15.4,ok,
tem.doctor,0,12,27915,181058,304.0,856,70.1,0.1,21.0,ok,
tem.duck,0,12,58976,114928,692.2,1521,217.6,1.1,8.4,ok,
tem.lap,0,12,28506,167509,387.4,3829,191.2,1.4,2.9,ok,
tem.changgo,,,,,,,,,,unknown,
tem.sayoyo_,0,12,72739,840604,727.0,8139,1477.7,0.4,0.7,ok,
tem.note__,,,,,,,,,,unknown,
tem.samuso,,,,,,,,,,unknown,
tem.unni,0,12,60459,639691,2567.8,26281,296.0,34.0,0.8,ok,
tem__dog,0,12,136522,791433,1719.0,11745,636.3,0.4,0.4,ok,
tem.tory_,,,,,,,,,,unknown,
tem_cokcok,0,12,136,350,3.0,8,6.6,230.2,2.3,ok,
tem_bank,0,12,3641,9522,28.5,76,13.2,25.5,8.4,ok,
tem_ppop,0,12,57375,456062,1517.4,8984,393.8,36.4,0.6,ok,
tem_jji,0,12,71858,416559,2381.7,11096,267.1,0.1,4.4,ok,
tem_salon,0,12,171568,1202586,3768.3,27999,646.0,1.2,0.4,ok,
tembbal.salimnam,0,12,9600,75862,57.4,184,34.1,79.5,6.5,ok,
tembbang,0,12,5808,46938,8.3,79,11.2,0.1,16.8,ok,
tembourine,0,12,67031,705054,143.0,1557,119.5,5.1,0.7,ok,
temdeuk.deuk,0,12,35967,224621,1316.5,10221,222.2,0.5,0.4,ok,
temdukong,0,12,3472,7959,36.1,138,8.0,9.3,14.0,ok,
temh_ouse,0,12,432,1787,0.8,6,0.3,1.1,12.0,ok,
temeditor,0,12,50620,379805,469.3,3222,94.2,6.1,0.4,ok,
temjoaa,0,12,1349459,14217133,664.2,4114,38864.2,1.7,0.5,ok,
temkong.zip,0,12,1664,4141,49.8,75,26.8,26.5,6.0,ok,
tempig_insta,0,12,320387,2241689,2185.0,15968,661.2,35.3,0.3,ok,
tempick_home,0,12,699111,5296447,975.2,9929,1918.3,2.0,0.3,ok,
templex_10,0,12,110322,588871,511.1,3318,280.3,0.9,3.4,ok,
temseorap_home,0,12,18466,76638,289.9,1393,110.5,0.0,1.6,ok,
temroom_pick,0,12,15856,172859,3.5,33,60.7,33.0,2.0,ok,
templex,0,7,375,1532,1.0,6,22.4,1318.3,0.0,ok,
temu_korea,0,12,14963,65993,10.4,99,49.5,44.0,1.0,ok,
that_that.home,0,12,13489,98307,76.8,666,43.3,0.1,1.9,ok,
temuireland,0,12,6392,11391,0.9,3,29.9,13.2,0.9,ok,
thatisitshiba,0,12,176732,940182,49.4,470,760.8,2.3,0.3,ok,
the_edit.co.kr,0,12,1206965,5835918,218.5,1006,5430.2,0.3,0.3,ok,
the.jenny.home,0,12,2470,5513,97.2,133,47.1,0.5,7.0,ok,
the_ergo_official,0,12,260704,1520852,1617.2,10340,861.9,0.2,2.3,ok,
the_habi_home,0,12,39351,461363,1004.3,12047,260.2,100.2,0.5,ok,
the.careclean,,,,,,,,,,unknown,
the.one6175,,,,,,,,,,unknown,
the_vibe_finds,0,12,20956,198020,111.8,1279,125.7,233.1,1.5,ok,
thecozyhome.insta,0,12,43551,346190,824.2,8011,287.5,4.2,1.0,ok,
thecalmmomlife,0,12,270816,2022218,110.3,328,340.3,2.0,0.2,ok,
thehomes01,0,12,31605,240826,58.7,562,59.2,1.3,9.3,ok,
thekwendyhome,0,12,154897,528705,158.9,391,4706.9,0.8,2.2,ok,
thelee_table,0,12,157874,507813,260.8,2200,765.2,2.0,2.2,ok,
thesistershoppers,0,12,124565,1094063,206.8,691,3950.1,1.4,7.6,ok,
thehome_official,,,,,,,,,,unknown,
thetinywinz,0,12,11938,108760,214.7,2470,81.1,28.2,0.3,ok,
think.tem,0,12,2839,13907,36.2,91,19.8,0.2,12.0,ok,
this.picks,0,12,259544,2728710,111.2,389,1252.7,65.1,1.6,ok,
thiswhybuy,0,12,52392,329432,504.2,3213,262.4,2.4,0.4,ok,
thomas.pick_,0,12,14378,97228,132.7,1083,67.3,0.1,0.7,ok,
thisismanendi,0,12,5194,15525,40.1,178,25.2,20.0,0.3,ok,
tiffany_williamson,0,12,4640552,52358220,3052.4,22465,76584.2,7.4,0.1,ok,
tilting_9,0,12,555,2563,8.5,45,12.2,222.1,2.5,ok,
tina._.home12,0,12,4579,6928,51.2,123,14.5,0.5,7.6,ok,
tin_ypick,0,12,670,2657,3.2,10,2.2,9.5,1.1,ok,
tip__salim,0,12,27999,178682,19.4,38,79.7,4.0,1.8,ok,
today_dc,0,12,75093,536871,282.1,1650,264.5,1.4,0.4,ok,
todam.house,0,12,2785,9469,38.6,88,19.3,1.0,6.5,ok,
today_interior_,0,12,1898,2459,24.5,72,44.2,36.4,5.6,ok,
today_tem.note,0,1,278,278,11.0,11,31.0,267.1,,ok,
todaypickpick,0,12,1640,8789,19.9,53,10.4,90.4,0.5,ok,
tip_is_moa,,,,,,,,,,unknown,
todays_items,0,12,8749,33562,111.3,411,15.3,65.4,6.5,ok,
todaysalim_b2m,0,12,3452,28758,12.4,131,9.8,3.0,10.5,ok,
tok._.tem,0,12,731,1773,14.7,29,8.5,0.1,7.6,ok,
tokkine_salim,0,12,5398,41601,10.1,35,8.9,0.5,7.6,ok,
tokky_mom,0,12,33733,391194,324.2,3813,190.0,3.1,1.8,ok,
tomato_tem,0,12,611,1402,17.6,25,12.2,2.0,7.6,ok,
tomorrow.zips,0,2,29557,30832,0.0,0,151.0,23.1,0.4,ok,
tongzang._.tem,0,12,108901,542300,2963.4,17756,750.8,15.5,0.4,ok,
toryne_camping,0,12,68370,350659,1210.9,5530,442.4,2.1,0.4,ok,
tori._.tem,0,12,113488,977149,1299.8,13774,397.1,37.1,0.5,ok,
toyland.kr,0,12,12225,40932,139.8,924,42.1,0.4,28.0,ok,
tour.toctoc,0,12,55977,296940,27.5,267,381.2,2.1,0.3,ok,
toypang_,0,12,10689,54026,207.3,1154,60.3,0.3,10.5,ok,
tpd_n_motcham,0,12,305875,3341502,529.2,5821,3565.2,0.1,0.6,ok,
tren_dy_home,0,12,2968,7002,106.5,176,72.6,231.1,6.0,ok,
tslakr,0,12,60298,315554,323.3,1684,179.2,27.3,3.7,ok,
ttalkak_homez,0,12,973,2754,15.2,46,3.5,1.1,4.9,ok,
truecook_official,0,12,52377,217002,17.8,85,236.6,2.2,0.2,ok,
ttem.cat,0,12,124189,713051,1572.4,9753,350.2,0.5,2.0,ok,
ttokttoktem_lab,0,12,40340,163666,98.6,612,320.8,64.3,0.7,ok,
ttri.home,0,12,176023,820615,295.7,2117,1063.5,5.0,0.2,ok,
tti.home,0,12,54101,211603,56.2,426,183.8,3.1,2.0,ok,
ttugi._.home,0,12,7963,65304,129.2,1374,29.8,29.6,8.4,ok,
turtletem,0,12,13548,91480,353.0,2188,168.3,201.1,7.0,ok,
uaa365,0,12,749,1115,0.1,1,1.2,171.0,3.8,ok,
uhyeang_click,0,12,21850,133508,12.0,93,220.8,5.7,0.2,ok,
uhome._.mehome,0,12,1645,6027,40.4,81,23.2,0.5,7.6,ok,
umma_sangjum,0,12,8064,58036,119.6,737,45.4,142.1,7.6,ok,
unnee___,0,12,148655,844540,2919.8,12675,788.3,0.0,5.6,ok,
un_ni_tip,0,12,111076,410569,76.9,817,509.1,2.0,12.0,ok,
unijeni,0,12,100288,713666,50.6,62,11.2,3.4,0.5,ok,
unni__chance,0,9,18155,52847,7.3,31,92.8,0.1,9.0,ok,
unni._.home,0,12,2247,14117,21.4,60,20.2,225.1,7.0,ok,
urizip_picks,0,12,14259,161769,71.5,814,60.3,0.4,2.5,ok,
uphara_up,0,12,94809,327648,1151.2,5272,366.0,4.0,0.5,ok,
usefulsalim,0,12,22942,190030,6.8,32,66.2,16.0,0.7,ok,
vibe_item,0,12,6246908,43853588,787.5,4019,168888.0,0.2,0.1,ok,
vant.kr,0,12,158162,951008,46.8,283,7417.3,93.2,0.1,ok,
viralgadgets_studio,0,12,7048685,50475508,1681.5,11024,64708.7,0.5,0.1,ok,
vitaa_home,0,12,24757,285539,158.5,1793,71.5,76.3,1.3,ok,
vins.lvn,0,12,3431,14476,9.2,17,24.0,20.4,1.8,ok,
uso_reviewer,,,,,,,,,,unknown,
vivi.hot.tem,0,5,947,2394,16.2,29,25.4,240.4,0.7,ok,
vivi_home_01,0,12,708,4456,30.4,63,16.3,0.2,3.2,ok,
want.zamora,0,12,4513200,27268419,802.2,4967,217723.0,0.6,0.1,ok,
vivi_tem_01,0,12,452,1090,17.4,50,18.7,225.4,1.6,ok,
we_life_love28,0,12,3682,8135,60.8,331,26.9,145.5,2.7,ok,
wear.us_look,0,12,138291,740511,1602.0,14631,733.4,1.1,0.4,ok,
weil_ichs_can,0,12,540333,2799842,170.0,787,3930.0,2.2,0.3,ok,
wellhome_life,0,12,7561,37336,104.1,543,43.7,7.3,2.6,ok,
wesandalisontips,0,12,14234223,58819248,882.6,3243,203187.6,61.5,0.1,ok,
what._.living,0,12,628299,4561181,2884.6,15719,2350.0,437.2,0.7,ok,
wiebkelea,0,12,39189,100715,54.0,78,1776.7,0.1,1.5,ok,
wendy,,,,,,,,,,unknown,
withhomedeco,0,12,7580,17496,95.7,387,22.2,2.1,6.5,ok,
wonderhome__,0,12,29510,106114,396.7,1158,127.0,0.4,9.3,ok,
whats_in._.finds,,,,,,,,,,unknown,
wony.chu_,0,12,205602,781116,1932.6,5337,2791.1,0.2,0.6,ok,
woorung2_life,0,12,979182,6412343,1629.7,5955,4923.0,0.3,0.1,ok,
world_beauty2021,0,12,259991,1543405,2252.4,19213,545.9,0.1,0.6,ok,
wonnyhome.official,,,,,,,,,,unknown,
worker.schoice,,,,,,,,,,unknown,
world_best_item,,,,,,,,,,unknown,
wow_pick1000,0,2,614,1148,10.5,13,7.0,233.1,13.3,ok,
xinxin1021,0,12,332709,1919594,52.2,404,545.8,10.5,0.9,ok,
xusink135,0,12,84985,391364,43.3,372,424.1,0.2,14.0,ok,
world_hot_item,,,,,,,,,,unknown,
y.ni_room,0,12,137476,559179,1064.6,4012,599.0,0.4,3.2,ok,
ya.ho.tem,0,12,3391,12204,37.3,291,64.2,0.3,14.0,ok,
yam.sachin,0,12,1234034,6237232,23.7,65,4750.8,0.1,0.2,ok,
yayas_stories,0,12,1600,3274,6.1,16,18.8,3.7,1.6,ok,
yeji._.home,0,12,15565,119660,342.7,1464,87.7,0.5,7.6,ok,
yejin._.room,0,12,216526,927169,720.9,2689,3525.0,0.4,7.6,ok,
yellojooboo02,0,12,3299,9392,2.4,8,27.2,0.3,1.9,ok,
yenahom_,0,12,135742,308851,1010.8,3654,480.5,2.0,3.8,ok,
yeon2home_tem,0,12,20113,203312,318.2,3477,44.2,18.5,3.2,ok,
yeon_e._.home,0,12,344374,1804178,567.6,2263,1092.9,3.1,0.7,ok,
yeondoomua,0,12,191573,514850,1534.7,6937,856.8,2.2,2.1,ok,
yeonhee._.home,0,12,57015,262921,817.9,3182,207.5,0.1,7.6,ok,
yeonytem,0,12,2512,7764,32.0,127,13.7,5.5,1.4,ok,
yeosin.salim,0,12,57157,406829,1996.7,15722,277.6,0.1,0.4,ok,
yeowootem,0,12,2524,8784,72.3,178,34.3,30.5,3.1,ok,
yewooooni,0,12,5225,41330,4.3,25,97.6,263.4,0.1,ok,
yibi_cooooks,0,12,4515883,37707004,543.8,1868,73698.6,1.5,0.1,ok,
yiseo.home,0,12,138545,895034,1730.9,8981,151.2,0.5,0.5,ok,
yeosago,,,,,,,,,,unknown,
yogoddae1,0,12,12192,129519,10.4,71,17.1,1.4,9.3,ok,
yoitemu,0,12,11367,80037,9.0,58,48.7,3.6,1.0,ok,
yomissam_,0,12,3842,16750,59.8,195,19.4,2.5,7.6,ok,
yondhome,0,12,2709,6376,39.1,69,21.6,200.5,4.7,ok,
yodalove_25170,,,,,,,,,,unknown,
yonyon.home,0,7,944,2770,7.0,12,52.6,95.4,0.3,ok,
yoon._.storyy,0,12,2374,8866,45.4,69,28.2,128.5,8.4,ok,
yoondie.journal,0,12,1166,4914,4.1,14,4.6,1.9,2.9,ok,
yoonzip_salrim,0,12,11071,59552,9.1,43,25.8,12.5,1.5,ok,
yoonnb_home,0,12,15347,73240,131.5,367,51.5,0.1,12.0,ok,
yooswoop,0,12,86539,318049,717.2,1942,342.1,1.0,1.4,ok,
youjapick,0,12,2279,4437,34.1,50,15.3,4.5,8.4,ok,
youniii_home,0,12,52285,162936,511.8,1907,142.6,0.0,3.8,ok,
yorijori.toktok,0,12,24342,125866,401.8,1575,205.2,5.9,3.5,ok,
younge.zip,0,1,861,861,15.0,15,3.0,251.9,,ok,
your_terior,0,12,55539,140552,954.2,2472,192.2,0.0,3.8,ok,
youzihome,0,12,1426,2013,19.8,60,4.2,1.2,6.5,ok,
yoyosearch,0,12,87685,423757,1180.5,9276,1696.2,0.1,1.1,ok,
yovely.fan7astic,0,12,22894,238493,66.8,498,117.5,1.3,1.3,ok,
yu_na_daily,0,12,32535,143613,641.1,4372,130.8,0.3,6.0,ok,
yu_ya3,0,12,542352,4165992,209.1,1999,20410.7,8.0,0.2,ok,
yujinirang,0,12,497307,4468755,481.4,2670,6222.6,1.5,0.0,ok,
yuju._.han,0,12,79386,570667,1588.4,15497,176.7,13.1,5.6,ok,
yulmom_pick,0,12,5709,22632,56.7,115,23.6,15.5,4.2,ok,
yuls__house,0,12,32662,248136,377.1,3688,174.2,60.4,0.9,ok,
yummy_salrim,0,12,159642,411315,1364.0,6399,949.5,0.4,0.6,ok,
yumiyumm_y,0,12,871308,5577507,486.8,2944,21772.0,0.0,0.2,ok,
yuja_item,,,,,,,,,,unknown,
yummyhome_j,0,12,1099237,5862992,1010.4,10018,6987.6,0.1,0.3,ok,
yumyumhae,0,12,103293,307709,620.8,1301,544.2,1.0,3.8,ok,
yumndiet,0,12,57132,207367,313.3,1118,473.2,113.1,1.4,ok,
yunan_tem,0,12,56614,211384,260.8,2205,56.8,0.4,0.8,ok,
yungyver_,0,12,10245,32214,163.4,453,21.7,0.5,7.6,ok,
yuni_kurasi_yutori,0,12,269140,1343038,11.8,53,886.2,8.0,1.1,ok,
yunja.ne,0,12,135433,342953,1379.7,3209,3.0,1.9,4.9,ok,
yunlahome,0,12,2821,5515,60.9,99,28.9,19.1,7.6,ok,
yuuka_good.item,0,9,305025,2133808,14.7,105,578.2,0.1,6.3,ok,
yuntaek_hangirl,0,12,4226,13268,32.0,212,26.5,155.1,3.4,ok,
yyenni._.home,0,12,10075,74366,106.3,314,70.3,0.1,10.5,ok,
zabi_pick,0,12,34693,266204,106.2,954,65.3,0.5,12.0,ok,
zachi_rabbit,0,12,19283,133665,167.1,764,117.5,70.5,1.7,ok,
yuya,,,,,,,,,,unknown,
zi0home,0,12,285158,2455448,3178.0,20343,2624.7,0.5,0.5,ok,
zambok,,,,,,,,,,unknown,
zambok_us,,,,,,,,,,unknown,
zanmang_mang,,,,,,,,,,unknown,
ziburo.home,0,12,9278,15519,228.3,398,84.5,131.2,7.0,ok,
zip.chak_sis,0,12,3011,16204,27.3,116,16.0,13.9,5.2,ok,
zip.ella_home,0,12,996168,7652828,11670.0,83069,4018.5,12.5,0.5,ok,
zip_isfp,0,12,368384,1803359,25.1,85,7927.9,0.3,2.9,ok,
zipdodam,0,12,106004,601152,235.2,2576,290.9,1.5,0.7,ok,
zip.cat_,,,,,,,,,,unknown,
zipdori.tem,0,12,19401,165060,347.4,3458,87.1,157.0,1.4,ok,
zip_solution,,,,,,,,,,unknown,
zipggu.item,0,12,413,697,40.9,51,24.1,143.4,2.4,ok,
zipkootem,0,12,3818,7769,120.7,285,53.6,122.5,4.2,ok,
zippaeng,0,12,99343,807002,959.6,5828,925.6,4.5,0.6,ok,
zipsoony_home,0,12,241841,1509976,1521.9,8473,590.0,0.0,0.2,ok,
zipsunisuni,0,11,180761,1051744,1144.7,6062,1097.8,0.2,0.3,ok,
zipdorido,,,,,,,,,,unknown,
ziptem.note,0,12,16109,122983,287.2,2564,99.8,0.3,2.2,ok,
ziptemshop,0,12,5913,26318,48.7,276,18.0,106.3,7.0,ok,
zmfffls10042,0,12,168798,1975153,28.2,294,759.2,0.5,0.7,ok,
zuck,0,12,34326598,88255066,11866.0,34696,461877.2,4.7,0.2,ok,
zoa.tem,0,12,5066,20761,53.8,78,35.1,160.1,7.0,ok,
zziczzic.item,0,12,2069,4587,21.1,148,9.1,72.2,0.9,ok,
zzinheart_home,0,12,245011,1450133,1975.9,10470,1015.8,43.2,0.4,ok,
zzinreview_class,0,12,8768,49960,22.2,178,25.2,2.5,8.4,ok,
