채널ID,등급,상태,평균조회수,최대조회수,평균댓글,최대댓글,평균좋아요,마지막업로드(일전),주당업로드,주소
instagram,S,활성,109203201,200080105,13049.3,22691,686393.2,2.8,4.9,https://www.instagram.com/instagram/
zuck,S,활성,34326598,88255066,11866.0,34696,461877.2,4.7,0.2,https://www.instagram.com/zuck/
smartfindsss,S,활성,26501805,147456263,1807.5,14129,283357.0,0.7,0.1,https://www.instagram.com/smartfindsss/
gadget.life.withme,S,활성,19653398,138758165,5601.0,32976,256500.3,1.9,0.1,https://www.instagram.com/gadget.life.withme/
elena_nali,S,활성,19268023,106941815,1694.8,15685,454889.3,0.1,0.5,https://www.instagram.com/elena_nali/
creators,S,활성,17197817,33574868,1914.7,4512,75083.5,2.8,4.9,https://www.instagram.com/creators/
dannikafaith,S,활성,16647995,129135904,4867.4,30649,204234.8,1.8,0.1,https://www.instagram.com/dannikafaith/
elnazhamai,S,활성,13837230,68751299,6420.9,48337,150599.3,0.7,0.4,https://www.instagram.com/elnazhamai/
mandystarin,S,활성,8017888,69981189,3441.8,25765,120458.5,0.5,0.1,https://www.instagram.com/mandystarin/
jeffandlaurenshow,S,활성,7488918,74689201,1094.2,11512,162643.2,0.7,0.1,https://www.instagram.com/jeffandlaurenshow/
viralgadgets_studio,S,활성,7048685,50475508,1681.5,11024,64708.7,0.5,0.1,https://www.instagram.com/viralgadgets_studio/
mosseri,S,활성,6769901,13895066,2156.3,7348,30433.9,2.8,0.1,https://www.instagram.com/mosseri/
mad.mum_,S,활성,6091946,39270128,212.2,1114,15589.8,4.0,0.1,https://www.instagram.com/mad.mum_/
heybrittinirae,S,활성,5619144,22825097,4330.9,27030,31040.0,0.6,0.1,https://www.instagram.com/heybrittinirae/
stephaniegrime1,S,활성,4881197,55120461,2610.7,24227,87605.8,1.7,0.1,https://www.instagram.com/stephaniegrime1/
tiffany_williamson,S,활성,4640552,52358220,3052.4,22465,76584.2,7.4,0.1,https://www.instagram.com/tiffany_williamson/
yibi_cooooks,S,활성,4515883,37707004,543.8,1868,73698.6,1.5,0.1,https://www.instagram.com/yibi_cooooks/
want.zamora,S,활성,4513200,27268419,802.2,4967,217723.0,0.6,0.1,https://www.instagram.com/want.zamora/
ashleyvailxoxo,S,활성,4478146,42045462,87.4,562,301350.1,0.5,0.1,https://www.instagram.com/ashleyvailxoxo/
bungu.store,S,활성,4080013,20660446,449.3,1867,196732.4,2.6,0.1,https://www.instagram.com/bungu.store/
allwhite_style,S,활성,3068200,14079924,1988.1,13741,18448.7,9.0,0.1,https://www.instagram.com/allwhite_style/
onemiman_official,S,활성,2647892,9786042,928.5,5250,19673.8,1.1,0.1,https://www.instagram.com/onemiman_official/
reviewyanolza,S,활성,2498151,18915400,987.8,4451,13477.0,3.1,0.1,https://www.instagram.com/reviewyanolza/
mrskatiecarlson,S,활성,2277974,10532777,10518.9,69093,42790.3,2.8,0.2,https://www.instagram.com/mrskatiecarlson/
darimi_unni,S,활성,2229154,22620895,6905.5,22505,9794.9,1.3,0.1,https://www.instagram.com/darimi_unni/
matdori.world,S,활성,2145859,10523980,845.5,4224,6038.5,1.0,0.1,https://www.instagram.com/matdori.world/
okayu_life,S,활성,2059966,14090314,147.8,948,17638.4,1.3,0.3,https://www.instagram.com/okayu_life/
homey__huess,S,활성,1760879,20197251,479.9,5651,27396.8,0.8,0.2,https://www.instagram.com/homey__huess/
justjennsdesign,S,활성,1636591,16657620,608.3,6652,46209.8,3.5,0.1,https://www.instagram.com/justjennsdesign/
nomoney_cook,S,활성,1590644,5694018,189.2,902,26547.9,0.1,0.4,https://www.instagram.com/nomoney_cook/
shopdulvo,S,활성,1451169,8451944,440.1,3035,36294.7,2.7,0.2,https://www.instagram.com/shopdulvo/
koharufinds,S,활성,1399062,2971528,7038.5,15737,3505.2,9.9,1.2,https://www.instagram.com/koharufinds/
temjoaa,S,활성,1349459,14217133,664.2,4114,38864.2,1.7,0.5,https://www.instagram.com/temjoaa/
needlenina,S,활성,1341292,10313750,616.8,3229,33383.2,1.9,0.1,https://www.instagram.com/needlenina/
5452__home,S,활성,1275032,11397450,560.8,2579,8764.6,0.1,0.2,https://www.instagram.com/5452__home/
salimemohouse,S,활성,1259005,5173735,801.8,3043,14147.2,2.1,0.1,https://www.instagram.com/salimemohouse/
kbeauty_vivian,S,활성,1255039,6086652,79.9,594,5233.7,1.5,0.3,https://www.instagram.com/kbeauty_vivian/
hodu_egloo,S,활성,1209287,7551028,773.9,6063,27527.6,0.2,0.2,https://www.instagram.com/hodu_egloo/
the_edit.co.kr,S,활성,1206965,5835918,218.5,1006,5430.2,0.3,0.3,https://www.instagram.com/the_edit.co.kr/
nata__nara,S,활성,1161374,6027571,499.7,4113,16868.9,1.2,0.1,https://www.instagram.com/nata__nara/
maybeeeeeen,S,활성,1123086,6218349,118.4,699,7577.8,2.0,0.1,https://www.instagram.com/maybeeeeeen/
jjin_camperny,S,활성,1114873,7356448,3694.8,17900,7945.8,1.1,0.1,https://www.instagram.com/jjin_camperny/
yummyhome_j,S,활성,1099237,5862992,1010.4,10018,6987.6,0.1,0.3,https://www.instagram.com/yummyhome_j/
lu_lu_tem,S,활성,1096518,8724696,3030.8,16185,13108.4,0.1,0.4,https://www.instagram.com/lu_lu_tem/
coquelicot_day,S,활성,1090716,8637860,1808.3,19328,753.9,2.0,0.2,https://www.instagram.com/coquelicot_day/
insaeng.kr,S,저활동(14일+),1043277,6187177,1463.9,11954,10197.5,30.9,0.3,https://www.instagram.com/insaeng.kr/
mama_zones,S,활성,1037461,4717609,797.5,4288,3607.2,5.0,0.1,https://www.instagram.com/mama_zones/
luv_ddiddi,S,활성,984299,6697642,63.1,508,4434.4,0.3,0.2,https://www.instagram.com/luv_ddiddi/
ddooki_table,S,활성,979459,5458184,268.6,2309,8840.8,4.1,0.6,https://www.instagram.com/ddooki_table/
woorung2_life,S,활성,979182,6412343,1629.7,5955,4923.0,0.3,0.1,https://www.instagram.com/woorung2_life/
louie.hacks,S,활성,955269,5218848,90.5,571,28186.3,0.7,14.0,https://www.instagram.com/louie.hacks/
redplanet_hanam,S,활성,941497,7827543,1171.2,5342,4070.1,2.1,0.1,https://www.instagram.com/redplanet_hanam/
irobi_life,S,저활동(14일+),930369,4640773,373.0,1081,5413.9,58.0,0.2,https://www.instagram.com/irobi_life/
apollolabs_official,S,활성,915284,6521276,18.2,142,9706.4,0.1,0.1,https://www.instagram.com/apollolabs_official/
salim.log,S,활성,911224,4933949,117.8,390,8371.1,1.0,0.1,https://www.instagram.com/salim.log/
seoye5639,S,활성,902068,5893077,619.8,1544,7183.5,2.3,0.1,https://www.instagram.com/seoye5639/
anya_bumag,S,활성,895162,2386186,695.5,2128,9012.1,2.7,5.6,https://www.instagram.com/anya_bumag/
yumiyumm_y,S,활성,871308,5577507,486.8,2944,21772.0,0.0,0.2,https://www.instagram.com/yumiyumm_y/
mang9mee,S,저활동(14일+),829890,3538581,307.2,1218,7517.6,15.9,0.3,https://www.instagram.com/mang9mee/
lisakanegae,S,활성,817683,5351237,5525.2,30896,3.0,0.6,0.1,https://www.instagram.com/lisakanegae/
cherry_meal,S,활성,802175,3383472,2036.0,13299,8611.6,1.9,0.5,https://www.instagram.com/cherry_meal/
chaezip.home,S,활성,786130,5217625,6040.6,48073,5904.8,3.0,0.3,https://www.instagram.com/chaezip.home/
fun_and_happy_risa,S,활성,785740,9116921,29.1,78,415.7,0.9,0.2,https://www.instagram.com/fun_and_happy_risa/
corub_i,S,활성,775359,5235288,3525.1,9579,5723.2,1.0,1.5,https://www.instagram.com/corub_i/
loveme_unnie,S,활성,758586,5377311,682.2,2909,1250.2,3.0,0.1,https://www.instagram.com/loveme_unnie/
everythingenvy,S,활성,740716,5805537,418.5,3863,8303.7,1.6,3.7,https://www.instagram.com/everythingenvy/
hika.no.kurashi,S,저활동(14일+),736025,3547611,26.1,85,5782.0,17.1,0.3,https://www.instagram.com/hika.no.kurashi/
frau.heo,S,활성,733812,4097762,371.7,1731,8916.6,0.4,0.1,https://www.instagram.com/frau.heo/
ggmimomo,S,활성,723892,4052981,8032.7,53426,6027.1,1.4,0.2,https://www.instagram.com/ggmimomo/
review_tip,S,활성,704864,4244652,63.2,347,5404.9,3.0,0.1,https://www.instagram.com/review_tip/
tempick_home,S,활성,699111,5296447,975.2,9929,1918.3,2.0,0.3,https://www.instagram.com/tempick_home/
harumama_kurashi,S,활성,696687,7031166,111.1,1246,11534.5,4.0,5.2,https://www.instagram.com/harumama_kurashi/
hwisney_land,S,활성,676902,4360708,188.9,863,1476.6,2.2,0.2,https://www.instagram.com/hwisney_land/
bbongbbangguri,S,활성,669037,3169106,31.1,166,11033.2,3.1,0.1,https://www.instagram.com/bbongbbangguri/
soom_mari,S,활성,663364,7574927,46.2,361,18617.4,0.3,2.4,https://www.instagram.com/soom_mari/
goldgem_jewelry,S,활성,647430,7589145,3319.1,39258,4270.0,3.1,0.2,https://www.instagram.com/goldgem_jewelry/
home_yojung,S,활성,638771,5446853,2352.6,13300,51262.8,2.1,0.4,https://www.instagram.com/home_yojung/
nunapick,S,활성,632089,6663619,4439.3,35162,2460.8,0.1,0.2,https://www.instagram.com/nunapick/
groundedinneutral,S,활성,621701,6374321,457.8,1470,22940.0,2.6,3.7,https://www.instagram.com/groundedinneutral/
heung_jubu,S,활성,604043,2634526,2921.2,14301,5351.6,0.5,0.6,https://www.instagram.com/heung_jubu/
solsol_home,S,활성,599225,2515194,1247.2,13465,3104.4,1.5,0.1,https://www.instagram.com/solsol_home/
jini__home_,S,활성,586726,3498235,261.0,979,4544.1,3.4,0.1,https://www.instagram.com/jini__home_/
soyuhari,S,활성,577061,4810097,389.9,2862,50873.9,0.0,0.1,https://www.instagram.com/soyuhari/
bodere81,S,활성,574844,2629141,157.2,1086,9277.5,1.3,0.2,https://www.instagram.com/bodere81/
sweetsavingsandthings,S,활성,572323,4534952,2831.7,11000,2607.0,0.5,0.2,https://www.instagram.com/sweetsavingsandthings/
arnew_official,S,활성,571011,6178126,1173.1,12458,24985.0,2.1,0.2,https://www.instagram.com/arnew_official/
jcdesign1.1,S,활성,564374,2027022,1553.2,5403,8725.5,3.8,1.1,https://www.instagram.com/jcdesign1.1/
haebadda,S,활성,562665,2642442,123.8,689,9891.7,4.9,0.5,https://www.instagram.com/haebadda/
camping_ella,S,활성,548063,3087705,1878.5,16485,3565.8,1.0,0.1,https://www.instagram.com/camping_ella/
yu_ya3,S,활성,542352,4165992,209.1,1999,20410.7,8.0,0.2,https://www.instagram.com/yu_ya3/
kidorchid_studio,S,저활동(14일+),540606,4476828,2102.4,16194,7868.8,55.0,0.3,https://www.instagram.com/kidorchid_studio/
weil_ichs_can,S,활성,540333,2799842,170.0,787,3930.0,2.2,0.3,https://www.instagram.com/weil_ichs_can/
ssuns1023,S,활성,538692,3571509,734.9,5418,3266.8,0.1,0.3,https://www.instagram.com/ssuns1023/
livingallim,S,활성,530248,3173114,596.1,3001,884.8,0.3,0.7,https://www.instagram.com/livingallim/
dada_salrim,S,활성,525710,3034782,1448.5,3445,4205.3,2.1,0.1,https://www.instagram.com/dada_salrim/
mid_century_friends,S,활성,522879,1639798,79.0,248,9302.3,0.8,4.2,https://www.instagram.com/mid_century_friends/
do_it_with_hewitt,S,활성,490963,5115347,1566.8,5520,3299.9,1.8,6.0,https://www.instagram.com/do_it_with_hewitt/
autocar_item,S,활성,485828,3487406,1450.4,9608,3976.3,12.9,0.2,https://www.instagram.com/autocar_item/
aljam_home.zip,S,활성,475753,3297738,1099.6,7625,1526.0,4.1,0.9,https://www.instagram.com/aljam_home.zip/
home_trend_jp,S,활성,463997,2269673,3619.8,22292,3075.4,11.3,2.5,https://www.instagram.com/home_trend_jp/
sunmul.market,S,활성,463646,3287851,1745.7,15504,19320.7,5.1,0.3,https://www.instagram.com/sunmul.market/
diy_salrim,S,활성,460662,1693258,1474.2,3840,3370.3,2.3,0.1,https://www.instagram.com/diy_salrim/
ohdeuktem404,S,활성,459156,3223597,1859.4,15569,1739.0,2.1,0.3,https://www.instagram.com/ohdeuktem404/
pickmeup__shop,S,활성,451848,2220203,4215.6,40935,2384.0,1.9,0.4,https://www.instagram.com/pickmeup__shop/
remio.pick,S,활성,442769,3641829,11892.0,94053,2160.3,5.0,0.3,https://www.instagram.com/remio.pick/
pokotto_home,S,활성,437315,3108138,7233.2,32753,3734.2,0.0,12.0,https://www.instagram.com/pokotto_home/
roomcorner.salim,S,활성,424138,2111783,2513.8,18443,2232.8,11.9,0.2,https://www.instagram.com/roomcorner.salim/
masya__home,S,활성,419809,1576301,2361.8,12864,1286.8,2.5,0.2,https://www.instagram.com/masya__home/
lovey_item,S,활성,415248,2032470,2482.8,12251,2284.2,3.1,0.4,https://www.instagram.com/lovey_item/
salim_room,S,활성,387885,1750639,2989.5,11649,4552.2,0.3,0.8,https://www.instagram.com/salim_room/
comeon_salim,S,활성,376746,3393305,1602.2,11967,2061.4,2.2,0.2,https://www.instagram.com/comeon_salim/
molie_look,S,활성,363753,583910,11218.0,18628,1511.5,2.9,1.0,https://www.instagram.com/molie_look/
kongsoon_home,S,활성,357144,1323190,2169.4,6271,2132.3,2.0,0.2,https://www.instagram.com/kongsoon_home/
ggom_susalim,S,활성,356011,1304463,4821.8,25350,1541.2,0.9,0.2,https://www.instagram.com/ggom_susalim/
gadget_nissan_,S,활성,348044,1683270,1481.9,8695,1301.6,0.1,7.6,https://www.instagram.com/gadget_nissan_/
eric,S,저활동(14일+),346818,3021048,1524.5,16362,6999.5,16.7,0.5,https://www.instagram.com/eric/
endor._.camping,S,활성,334728,1786857,2211.1,7035,1343.8,0.2,0.5,https://www.instagram.com/endor._.camping/
hometick2023,S,활성,323617,969595,3851.4,19874,1749.8,0.0,0.1,https://www.instagram.com/hometick2023/
tempig_insta,S,저활동(14일+),320387,2241689,2185.0,15968,661.2,35.3,0.3,https://www.instagram.com/tempig_insta/
ira_at_home,S,활성,319881,1971429,1125.0,10387,2385.2,2.3,0.2,https://www.instagram.com/ira_at_home/
jubunamja_pick,S,활성,302593,1679154,3732.8,16840,940.0,1.0,0.7,https://www.instagram.com/jubunamja_pick/
salim.time0,S,저활동(14일+),294687,2187854,8119.8,87675,1970.3,54.4,0.5,https://www.instagram.com/salim.time0/
dandan__home,S,활성,277255,1600295,1196.1,3419,1514.8,4.3,0.1,https://www.instagram.com/dandan__home/
roomandtail_official,S,활성,277041,1693486,1339.0,12861,1321.5,0.1,0.4,https://www.instagram.com/roomandtail_official/
the_ergo_official,S,활성,260704,1520852,1617.2,10340,861.9,0.2,2.3,https://www.instagram.com/the_ergo_official/
doongx2_mom,S,활성,260119,1047470,2362.3,13589,1628.8,3.2,0.1,https://www.instagram.com/doongx2_mom/
world_beauty2021,S,활성,259991,1543405,2252.4,19213,545.9,0.1,0.6,https://www.instagram.com/world_beauty2021/
oxo._.dduddu,S,활성,250739,2028308,2757.2,10177,3.0,1.0,0.2,https://www.instagram.com/oxo._.dduddu/
jinss_home,S,활성,248171,1746202,1829.8,16690,1325.0,0.4,0.5,https://www.instagram.com/jinss_home/
zzinheart_home,S,저활동(14일+),245011,1450133,1975.9,10470,1015.8,43.2,0.4,https://www.instagram.com/zzinheart_home/
ggyum2_note,S,활성,243555,2408055,3157.8,34135,1883.7,0.1,0.4,https://www.instagram.com/ggyum2_note/
zipsoony_home,S,활성,241841,1509976,1521.9,8473,590.0,0.0,0.2,https://www.instagram.com/zipsoony_home/
hyunji_jeok_view,S,활성,239325,1093283,1390.2,5793,896.8,3.3,0.3,https://www.instagram.com/hyunji_jeok_view/
lunaselect_item,S,활성,235446,1030267,3871.9,25382,1406.4,0.0,0.4,https://www.instagram.com/lunaselect_item/
mokri_house,S,활성,235117,853524,4117.1,16346,1579.8,2.3,0.7,https://www.instagram.com/mokri_house/
dajeongjubu,S,활성,233327,1120692,2347.4,13769,1562.8,2.0,0.4,https://www.instagram.com/dajeongjubu/
haencamping,S,활성,229260,1069429,6653.1,40678,2032.8,2.5,0.2,https://www.instagram.com/haencamping/
shyhomeitem,S,저활동(14일+),225060,1427836,4095.9,31579,1075.5,52.1,0.4,https://www.instagram.com/shyhomeitem/
sallim1sang,S,활성,222797,990095,2289.0,14509,543.2,1.0,0.5,https://www.instagram.com/sallim1sang/
mins_salim,S,활성,216142,1740688,1934.2,11749,1094.2,2.9,0.2,https://www.instagram.com/mins_salim/
wony.chu_,S,활성,205602,781116,1932.6,5337,2791.1,0.2,0.6,https://www.instagram.com/wony.chu_/
house__moood,S,활성,198944,761568,1857.2,12318,791.9,1.0,0.3,https://www.instagram.com/house__moood/
_mj._.home,S,활성,197667,1956357,1250.9,9614,3.0,2.9,0.6,https://www.instagram.com/_mj._.home/
yeondoomua,S,활성,191573,514850,1534.7,6937,856.8,2.2,2.1,https://www.instagram.com/yeondoomua/
home._.ddokddok,S,활성,186129,822428,2801.0,20961,1149.3,0.1,0.5,https://www.instagram.com/home._.ddokddok/
sallim_after_work,S,활성,185090,733145,1344.2,10506,1905.2,1.1,0.3,https://www.instagram.com/sallim_after_work/
nunune_home,S,활성,183648,780675,2023.2,8583,1313.2,0.9,0.4,https://www.instagram.com/nunune_home/
cafe_almond30,S,활성,178418,1013706,3623.8,35917,727.9,0.0,0.3,https://www.instagram.com/cafe_almond30/
saltmaman,S,활성,175291,933135,1420.0,5820,852.0,4.9,0.3,https://www.instagram.com/saltmaman/
girin.home_,S,활성,173976,807013,2550.7,15817,552.0,0.5,0.9,https://www.instagram.com/girin.home_/
panda_choice1,S,저활동(14일+),170145,1339998,1919.8,18056,979.4,55.9,0.3,https://www.instagram.com/panda_choice1/
cong_lyfe,S,활성,169248,556763,1074.1,5547,3.0,7.0,0.9,https://www.instagram.com/cong_lyfe/
notspecial___zoe,S,활성,168960,595445,3628.4,19227,3.0,1.0,1.2,https://www.instagram.com/notspecial___zoe/
ohayo.to_travel,S,활성,165022,861584,2228.3,9927,1879.3,0.1,2.0,https://www.instagram.com/ohayo.to_travel/
salimkokkok,S,활성,163565,1346800,2200.1,17637,447.5,1.1,0.5,https://www.instagram.com/salimkokkok/
_chocohomee_,S,활성,162624,486305,1205.2,9524,586.9,3.9,2.0,https://www.instagram.com/_chocohomee_/
yummy_salrim,S,활성,159642,411315,1364.0,6399,949.5,0.4,0.6,https://www.instagram.com/yummy_salrim/
100art_official,S,저활동(14일+),158078,567013,2076.1,9393,657.9,15.8,0.2,https://www.instagram.com/100art_official/
knock.knock_home,S,활성,157646,1211401,1149.8,9013,701.2,1.4,0.1,https://www.instagram.com/knock.knock_home/
home.tem.lab,S,저활동(14일+),156685,1082623,2584.3,24483,1054.8,39.0,0.6,https://www.instagram.com/home.tem.lab/
joohyun_pick,S,활성,153061,867278,1130.2,6265,919.1,2.2,0.3,https://www.instagram.com/joohyun_pick/
solssam.kr,S,활성,146793,343734,1294.8,3476,1281.9,1.0,3.5,https://www.instagram.com/solssam.kr/
favorite_dony,S,활성,146152,715546,2742.9,16517,780.7,3.0,0.2,https://www.instagram.com/favorite_dony/
coco_haus_,S,활성,140509,553302,2663.5,10939,739.7,0.3,3.8,https://www.instagram.com/coco_haus_/
yiseo.home,S,활성,138545,895034,1730.9,8981,151.2,0.5,0.5,https://www.instagram.com/yiseo.home/
wear.us_look,S,활성,138291,740511,1602.0,14631,733.4,1.1,0.4,https://www.instagram.com/wear.us_look/
kiokio.home,S,활성,136931,666531,6273.2,55340,1337.2,4.0,0.3,https://www.instagram.com/kiokio.home/
yunja.ne,S,활성,135433,342953,1379.7,3209,3.0,1.9,4.9,https://www.instagram.com/yunja.ne/
my.sosopick,S,활성,125073,528991,2616.2,12267,880.9,0.1,1.2,https://www.instagram.com/my.sosopick/
ttem.cat,S,활성,124189,713051,1572.4,9753,350.2,0.5,2.0,https://www.instagram.com/ttem.cat/
brand_n_budget,S,활성,120259,780670,1166.5,7201,317.2,13.8,2.0,https://www.instagram.com/brand_n_budget/
salimromance_official,S,활성,118256,333481,1760.0,10632,674.2,1.1,1.4,https://www.instagram.com/salimromance_official/
seoa._.hom,S,활성,117798,546651,1721.1,9951,617.1,13.1,1.4,https://www.instagram.com/seoa._.hom/
real_item1004,S,활성,114391,919344,1174.6,8873,398.6,1.5,0.4,https://www.instagram.com/real_item1004/
liv.garin,S,활성,114150,504803,1861.4,6908,541.9,5.9,1.1,https://www.instagram.com/liv.garin/
tori._.tem,S,저활동(14일+),113488,977149,1299.8,13774,397.1,37.1,0.5,https://www.instagram.com/tori._.tem/
ssol_ssol_pick,S,활성,109081,700721,1211.3,6063,290.3,1.4,5.6,https://www.instagram.com/ssol_ssol_pick/
jipssoonlife,S,활성,97759,540432,1674.1,14567,1158.5,1.0,0.2,https://www.instagram.com/jipssoonlife/
uphara_up,S,활성,94809,327648,1151.2,5272,366.0,4.0,0.5,https://www.instagram.com/uphara_up/
seori__home,S,활성,94255,797305,1067.2,8940,380.9,0.4,23.3,https://www.instagram.com/seori__home/
minichelle_zip,S,활성,94088,300463,1941.9,8412,440.2,7.3,0.6,https://www.instagram.com/minichelle_zip/
honeyfinds.zip,S,활성,93867,855806,1909.3,12189,412.8,0.1,1.5,https://www.instagram.com/honeyfinds.zip/
homiehom3,S,활성,92589,330903,1060.3,4474,510.9,3.3,1.0,https://www.instagram.com/homiehom3/
spoolhome,S,활성,92096,375091,1522.8,6760,442.9,0.3,2.0,https://www.instagram.com/spoolhome/
yoyosearch,S,활성,87685,423757,1180.5,9276,1696.2,0.1,1.1,https://www.instagram.com/yoyosearch/
nini_salim00,S,활성,86274,386735,1268.2,9277,436.6,0.1,2.2,https://www.instagram.com/nini_salim00/
minahsalim_o,S,활성,86248,723097,2503.0,21209,1030.4,0.5,0.7,https://www.instagram.com/minahsalim_o/
beautyflow__official,S,활성,84632,350851,6139.5,28341,470.8,3.1,0.2,https://www.instagram.com/beautyflow__official/
dullzzi._.mom,S,활성,84312,227191,1499.2,5264,582.2,1.0,1.0,https://www.instagram.com/dullzzi._.mom/
kkom4rket,S,활성,82351,627466,1086.7,9481,213.0,0.0,6.5,https://www.instagram.com/kkom4rket/
golden_hand_fafa,S,활성,80516,723210,2956.5,32153,450.0,1.5,1.2,https://www.instagram.com/golden_hand_fafa/
nyamnyam._.tem,S,활성,80420,540242,1555.3,9160,378.7,0.3,0.6,https://www.instagram.com/nyamnyam._.tem/
blackpoint.home,S,활성,80395,412954,2858.6,24542,534.5,3.8,0.6,https://www.instagram.com/blackpoint.home/
diva.pick,S,활성,79605,274421,1222.9,5662,295.4,3.0,2.5,https://www.instagram.com/diva.pick/
yuju._.han,S,활성,79386,570667,1588.4,15497,176.7,13.1,5.6,https://www.instagram.com/yuju._.han/
honey_archive.zip,S,활성,77219,543536,2200.3,23215,600.4,1.3,0.7,https://www.instagram.com/honey_archive.zip/
cherub.456,S,활성,77014,259879,2236.5,15421,322.0,1.0,0.4,https://www.instagram.com/cherub.456/
memmem_home,S,활성,75908,504858,1390.5,7048,888.8,2.4,0.1,https://www.instagram.com/memmem_home/
dayzcore,S,활성,73094,197600,1092.1,2894,245.5,4.0,3.0,https://www.instagram.com/dayzcore/
tem_jji,S,활성,71858,416559,2381.7,11096,267.1,0.1,4.4,https://www.instagram.com/tem_jji/
kore_pick,S,활성,70888,407116,1599.1,9661,690.8,0.0,80.0,https://www.instagram.com/kore_pick/
toryne_camping,S,활성,68370,350659,1210.9,5530,442.4,2.1,0.4,https://www.instagram.com/toryne_camping/
3rabbit_us,S,활성,61879,230549,1463.0,3460,362.2,3.0,2.3,https://www.instagram.com/3rabbit_us/
dingdong__home,S,저활동(14일+),60620,386441,1549.8,10051,269.2,15.1,0.4,https://www.instagram.com/dingdong__home/
tem.unni,S,저활동(14일+),60459,639691,2567.8,26281,296.0,34.0,0.8,https://www.instagram.com/tem.unni/
home._.ssuni,S,활성,60452,439169,1315.4,10779,252.6,2.0,2.2,https://www.instagram.com/home._.ssuni/
gg_home__,S,활성,59288,454297,1700.8,16565,270.9,0.2,0.5,https://www.instagram.com/gg_home__/
allday.item,S,활성,57564,648346,1070.0,12524,115.0,11.9,0.3,https://www.instagram.com/allday.item/
yeosin.salim,S,활성,57157,406829,1996.7,15722,277.6,0.1,0.4,https://www.instagram.com/yeosin.salim/
salrim_ggoma,S,활성,51141,234097,1330.3,12302,250.2,3.0,3.0,https://www.instagram.com/salrim_ggoma/
ournakwon,S,활성,50370,242003,3283.2,17327,695.7,0.3,2.2,https://www.instagram.com/ournakwon/
gomson.recipe,S,활성,46919,183718,2264.8,7989,259.1,0.4,6.0,https://www.instagram.com/gomson.recipe/
oneul.sookso,S,활성,41291,122236,1186.3,4072,224.6,1.4,5.2,https://www.instagram.com/oneul.sookso/
oni.ping,S,활성,41125,379789,1641.8,16457,3.8,0.1,3.5,https://www.instagram.com/oni.ping/
temdeuk.deuk,S,활성,35967,224621,1316.5,10221,222.2,0.5,0.4,https://www.instagram.com/temdeuk.deuk/
_oh.item_,S,활성,35503,378017,1494.4,17136,266.1,0.1,1.6,https://www.instagram.com/_oh.item_/
in_damiland,S,활성,27005,104280,1206.5,7435,192.2,2.5,1.1,https://www.instagram.com/in_damiland/
yujinirang,A,활성,497307,4468755,481.4,2670,6222.6,1.5,,https://www.instagram.com/yujinirang/
ikeahacksandideas,A,활성,417724,1551798,97.8,450,1923.2,0.9,0.3,https://www.instagram.com/ikeahacksandideas/
again_mukjji,A,활성,414303,1640174,76.8,332,4873.2,2.9,0.3,https://www.instagram.com/again_mukjji/
six_choice,A,활성,400065,2986629,93.2,915,2222.2,0.5,0.1,https://www.instagram.com/six_choice/
salim_nam_official,A,활성,398787,1303721,147.0,936,2462.4,0.9,3.4,https://www.instagram.com/salim_nam_official/
kim.zumma,A,활성,384442,3064595,267.5,1259,2088.6,1.4,0.1,https://www.instagram.com/kim.zumma/
ecowarmwinterplan,A,활성,376277,3622786,27.9,200,2078.1,0.1,0.6,https://www.instagram.com/ecowarmwinterplan/
dalhayan.zip,A,활성,362494,1473864,347.6,2247,4129.2,3.4,0.4,https://www.instagram.com/dalhayan.zip/
joshleeliving,A,활성,340943,1685824,457.5,1961,4941.9,4.1,0.8,https://www.instagram.com/joshleeliving/
salimtuntun,A,활성,338564,3970968,340.2,3955,914.8,0.5,0.2,https://www.instagram.com/salimtuntun/
jjalcut,A,활성,335778,1287881,23.2,80,4294.6,1.1,3.4,https://www.instagram.com/jjalcut/
xinxin1021,A,활성,332709,1919594,52.2,404,545.8,10.5,0.9,https://www.instagram.com/xinxin1021/
snappypick,A,활성,328066,2840055,108.1,815,12452.2,0.4,0.2,https://www.instagram.com/snappypick/
lydi.eat,A,활성,322885,1044741,120.6,499,2265.2,3.3,0.4,https://www.instagram.com/lydi.eat/
jungn_soo,A,활성,322124,936918,37.0,99,2815.7,8.9,1.0,https://www.instagram.com/jungn_soo/
remignon_salrim,A,활성,318899,1367032,539.6,2155,2506.4,0.5,0.2,https://www.instagram.com/remignon_salrim/
findroom.co,A,활성,313824,1530463,774.1,3334,3.0,0.2,21.0,https://www.instagram.com/findroom.co/
hannah.ouse,A,활성,312336,1793100,500.9,4310,5833.3,0.8,0.6,https://www.instagram.com/hannah.ouse/
tpd_n_motcham,A,활성,305875,3341502,529.2,5821,3565.2,0.1,0.6,https://www.instagram.com/tpd_n_motcham/
yuuka_good.item,A,활성,305025,2133808,14.7,105,578.2,0.1,6.3,https://www.instagram.com/yuuka_good.item/
cool_item_int,A,활성,290813,3095077,223.1,2104,2505.8,2.3,2.5,https://www.instagram.com/cool_item_int/
kind_salrim,A,저활동(14일+),284979,1915278,65.2,226,946.5,32.2,1.0,https://www.instagram.com/kind_salrim/
sakinee_kurashi,A,활성,277222,2877606,6.3,62,873.6,5.1,0.5,https://www.instagram.com/sakinee_kurashi/
luvv_dh,A,활성,273859,2128588,924.3,4838,3.0,4.0,0.1,https://www.instagram.com/luvv_dh/
homedy_official,A,활성,270848,2762994,612.8,6685,1109.4,0.2,0.3,https://www.instagram.com/homedy_official/
thecalmmomlife,A,활성,270816,2022218,110.3,328,340.3,2.0,0.2,https://www.instagram.com/thecalmmomlife/
ranzoooo,A,활성,270547,1214130,848.1,6874,1587.4,2.0,0.1,https://www.instagram.com/ranzoooo/
seha_us,A,활성,269984,1380101,914.2,6398,1835.8,9.0,0.3,https://www.instagram.com/seha_us/
soyummy,A,활성,269578,468595,4.2,8,1298.8,0.8,12.0,https://www.instagram.com/soyummy/
yuni_kurasi_yutori,A,활성,269140,1343038,11.8,53,886.2,8.0,1.1,https://www.instagram.com/yuni_kurasi_yutori/
androf.shop,A,활성,262750,1169711,103.2,370,5371.1,2.7,2.5,https://www.instagram.com/androf.shop/
mr.salrim,A,활성,252971,2115280,99.2,838,635.8,10.4,0.4,https://www.instagram.com/mr.salrim/
is_it_real_good,A,활성,251040,1585521,774.1,4165,2708.8,0.0,28.0,https://www.instagram.com/is_it_real_good/
jeju.gajang,A,활성,250364,1022849,39.1,79,2661.4,3.4,0.8,https://www.instagram.com/jeju.gajang/
salim_routine,A,활성,248332,2787084,58.7,541,975.2,1.0,0.5,https://www.instagram.com/salim_routine/
hometip_1,A,저활동(14일+),244030,1820714,829.8,4802,484.5,18.5,0.5,https://www.instagram.com/hometip_1/
return_assi,A,활성,240277,1364973,907.5,8958,1402.2,1.0,0.2,https://www.instagram.com/return_assi/
kabegami_magic,A,활성,237956,535973,22.5,39,1447.5,1.5,0.9,https://www.instagram.com/kabegami_magic/
joomealyee,A,저활동(14일+),237679,1046578,22.8,40,2201.3,18.0,1.0,https://www.instagram.com/joomealyee/
ez_life_living,A,활성,222484,1684859,84.7,456,1480.5,0.2,0.4,https://www.instagram.com/ez_life_living/
nalssin_cook,A,활성,218907,965137,467.5,2493,1262.1,3.0,1.8,https://www.instagram.com/nalssin_cook/
smart.kjubu,A,활성,203416,978632,430.7,2956,1446.0,4.5,1.3,https://www.instagram.com/smart.kjubu/
captainplant38,A,활성,194086,947097,197.6,2139,883.5,3.9,28.0,https://www.instagram.com/captainplant38/
artatelier_lab,A,활성,192047,1166301,260.8,2352,1629.0,0.0,0.3,https://www.instagram.com/artatelier_lab/
kboomii,A,활성,191962,1041677,42.8,181,15019.8,0.8,0.1,https://www.instagram.com/kboomii/
ohoo_house,A,활성,186140,1643615,765.9,6633,3.0,1.4,0.2,https://www.instagram.com/ohoo_house/
home_haruda,A,활성,185633,1933586,617.9,4070,1038.7,1.0,0.3,https://www.instagram.com/home_haruda/
da_da__mom,A,활성,185266,639995,543.6,2033,2021.2,1.5,2.5,https://www.instagram.com/da_da__mom/
simplefty,A,활성,181970,1248251,170.2,590,640.1,1.0,1.2,https://www.instagram.com/simplefty/
simji.eun,A,저활동(14일+),179813,984977,573.8,2893,862.2,47.8,0.1,https://www.instagram.com/simji.eun/
ttri.home,A,활성,176023,820615,295.7,2117,1063.5,5.0,0.2,https://www.instagram.com/ttri.home/
zmfffls10042,A,활성,168798,1975153,28.2,294,759.2,0.5,0.7,https://www.instagram.com/zmfffls10042/
shinzzang_home,A,활성,166429,1936928,18.5,50,281.0,0.1,0.3,https://www.instagram.com/shinzzang_home/
thekwendyhome,A,활성,154897,528705,158.9,391,4706.9,0.8,2.2,https://www.instagram.com/thekwendyhome/
homez.pick,A,저활동(14일+),154682,1835208,507.8,5230,3055.4,59.5,0.5,https://www.instagram.com/homez.pick/
ggomi_pic,A,활성,153340,525008,104.0,936,1293.2,0.0,0.4,https://www.instagram.com/ggomi_pic/
mister_minimalist,A,활성,152753,843765,187.9,307,3970.8,2.0,2.0,https://www.instagram.com/mister_minimalist/
heble_hehe,A,저활동(14일+),150156,417254,22.5,175,807.7,30.0,0.7,https://www.instagram.com/heble_hehe/
seoyoung_very,A,활성,150123,1219554,741.3,5940,164.0,1.0,0.2,https://www.instagram.com/seoyoung_very/
__home.zip,A,저활동(14일+),144886,726189,667.8,4223,750.1,17.0,0.9,https://www.instagram.com/__home.zip/
soul_homebebe,A,활성,142418,1157585,939.0,3491,266.0,0.0,10.5,https://www.instagram.com/soul_homebebe/
houseof_ring,A,저활동(14일+),141802,980275,855.1,4830,975.6,18.2,1.5,https://www.instagram.com/houseof_ring/
1minsnack,A,활성,141004,889055,37.4,265,500.3,2.3,8.4,https://www.instagram.com/1minsnack/
5bok_billion_home,A,활성,137898,484063,826.4,3743,385.7,0.1,1.2,https://www.instagram.com/5bok_billion_home/
is_casa_rtee,A,저활동(14일+),137466,578429,246.1,1617,194.4,19.0,0.1,https://www.instagram.com/is_casa_rtee/
ellys.home,A,활성,133212,994213,620.9,2012,3.0,3.4,0.2,https://www.instagram.com/ellys.home/
217fashion_kr,A,저활동(14일+),132121,1327395,290.1,1808,108.8,18.2,0.5,https://www.instagram.com/217fashion_kr/
chaesoon_home,A,활성,127804,679088,252.4,1690,941.1,2.2,0.2,https://www.instagram.com/chaesoon_home/
miir_home,A,활성,125262,851307,272.3,1459,333.2,0.1,0.1,https://www.instagram.com/miir_home/
samlandreth,A,활성,125121,759691,26.1,110,4376.8,3.7,1.2,https://www.instagram.com/samlandreth/
thesistershoppers,A,활성,124565,1094063,206.8,691,3950.1,1.4,7.6,https://www.instagram.com/thesistershoppers/
sallimtree,A,활성,122020,498798,626.3,3701,528.0,1.2,0.2,https://www.instagram.com/sallimtree/
kkomi.yoon,A,활성,121954,431106,445.5,3490,405.6,3.0,2.0,https://www.instagram.com/kkomi.yoon/
smileful_it,A,활성,121498,1281400,256.8,1117,460.2,0.1,0.4,https://www.instagram.com/smileful_it/
homva_life,A,저활동(14일+),120952,590696,92.3,378,1892.8,38.0,0.5,https://www.instagram.com/homva_life/
2905_home,A,활성,118365,277014,237.2,898,368.5,0.9,1.7,https://www.instagram.com/2905_home/
dalyu_home,A,활성,117832,844844,6.4,35,503.5,13.2,2.0,https://www.instagram.com/dalyu_home/
hongsii_house,A,활성,117349,815512,352.2,2093,6218.0,0.1,16.8,https://www.instagram.com/hongsii_house/
gaeeeeurii,A,활성,117201,278995,125.6,1074,818.8,7.7,0.5,https://www.instagram.com/gaeeeeurii/
decomyhome_official,A,저활동(14일+),112413,654432,621.7,4159,641.0,41.1,1.3,https://www.instagram.com/decomyhome_official/
j_nero_come,A,활성,111080,286063,323.3,1144,3.0,1.2,3.4,https://www.instagram.com/j_nero_come/
un_ni_tip,A,활성,111076,410569,76.9,817,509.1,2.0,12.0,https://www.instagram.com/un_ni_tip/
lifetoktok_home,A,활성,110645,1180087,843.2,7944,1170.7,1.1,0.6,https://www.instagram.com/lifetoktok_home/
templex_10,A,활성,110322,588871,511.1,3318,280.3,0.9,3.4,https://www.instagram.com/templex_10/
lazyrough,A,활성,109590,340812,273.8,1710,219.6,2.3,1.8,https://www.instagram.com/lazyrough/
onuju_gongan,A,활성,109375,594921,601.6,4026,692.6,0.1,0.2,https://www.instagram.com/onuju_gongan/
elmom.home,A,저활동(14일+),108202,1022577,27.3,75,245.5,15.1,0.5,https://www.instagram.com/elmom.home/
feel._.athome,A,활성,107306,421706,729.8,6306,674.7,2.3,0.3,https://www.instagram.com/feel._.athome/
apartment.soo,A,활성,106655,524469,47.2,122,1146.6,0.2,0.2,https://www.instagram.com/apartment.soo/
zipdodam,A,활성,106004,601152,235.2,2576,290.9,1.5,0.7,https://www.instagram.com/zipdodam/
homewithbao,A,활성,105972,392169,48.1,109,9659.9,5.7,0.2,https://www.instagram.com/homewithbao/
salon_unni,A,활성,102461,605425,812.0,5670,1898.2,13.3,1.7,https://www.instagram.com/salon_unni/
apricot_tree11,A,활성,101633,509074,651.9,2746,449.3,0.1,3.4,https://www.instagram.com/apricot_tree11/
berry._.home,A,활성,101273,754340,295.1,2353,144.7,10.4,0.2,https://www.instagram.com/berry._.home/
zippaeng,A,활성,99343,807002,959.6,5828,925.6,4.5,0.6,https://www.instagram.com/zippaeng/
nana_tem0,A,활성,97711,1161411,406.2,4849,341.7,1.1,0.3,https://www.instagram.com/nana_tem0/
iltasalim,A,활성,92117,719319,491.7,3291,691.2,0.1,0.5,https://www.instagram.com/iltasalim/
selly__home,A,활성,91664,539308,495.1,2042,206.2,10.4,1.8,https://www.instagram.com/selly__home/
abi_b00,A,활성,91585,522863,979.9,7766,192.0,0.5,14.0,https://www.instagram.com/abi_b00/
bebe_loah,A,활성,89745,249378,439.6,1869,556.8,0.9,1.2,https://www.instagram.com/bebe_loah/
jaram.zip,A,활성,89147,343580,668.8,5603,533.6,0.7,1.6,https://www.instagram.com/jaram.zip/
hooz_mom,A,활성,89105,572294,620.9,4747,284.9,3.1,0.5,https://www.instagram.com/hooz_mom/
yooswoop,A,활성,86539,318049,717.2,1942,342.1,1.0,1.4,https://www.instagram.com/yooswoop/
hyung_deul_official,A,저활동(14일+),86336,215536,575.8,969,173.6,25.1,2.4,https://www.instagram.com/hyung_deul_official/
jkj780601,A,활성,85682,422696,722.7,7399,351.4,0.0,0.3,https://www.instagram.com/jkj780601/
jidino_salim,A,활성,83610,260488,332.5,1208,395.3,1.1,0.6,https://www.instagram.com/jidino_salim/
home_manual_,A,활성,83047,688035,536.2,2626,966.5,1.4,0.4,https://www.instagram.com/home_manual_/
itemissue1,A,활성,81020,435746,313.9,1548,676.8,1.4,0.9,https://www.instagram.com/itemissue1/
hitchhome__,A,활성,79259,410425,750.1,3766,292.8,5.0,1.1,https://www.instagram.com/hitchhome__/
lowtonehouse,A,저활동(14일+),77869,514873,429.6,2664,704.0,26.1,0.6,https://www.instagram.com/lowtonehouse/
honbap_wang,A,활성,72518,380547,450.4,3188,772.6,3.5,2.3,https://www.instagram.com/honbap_wang/
2floor.home,A,활성,71479,249561,493.8,2605,304.2,2.1,1.0,https://www.instagram.com/2floor.home/
goro_tem,A,저활동(14일+),70984,244501,380.1,2088,201.9,25.0,0.7,https://www.instagram.com/goro_tem/
soomggul_,A,활성,70564,215835,350.9,1440,146.2,0.9,2.5,https://www.instagram.com/soomggul_/
jip.kimi,A,활성,69344,718089,483.8,1727,178.8,2.5,1.7,https://www.instagram.com/jip.kimi/
campdog.5bok.billion,A,활성,69160,456578,385.3,2330,123.2,0.0,0.5,https://www.instagram.com/campdog.5bok.billion/
honeytem_duck,A,활성,68586,815039,519.2,6167,1756.3,0.5,0.4,https://www.instagram.com/honeytem_duck/
curation101,A,활성,68576,394492,446.0,2016,329.3,0.8,1.6,https://www.instagram.com/curation101/
monggle__home,A,활성,66753,243561,720.6,2169,295.7,1.3,2.1,https://www.instagram.com/monggle__home/
kiyomi_sale,A,활성,65607,310029,815.6,4319,557.8,0.2,0.9,https://www.instagram.com/kiyomi_sale/
sallim_gajang,A,활성,63152,279163,765.3,4181,3.0,0.9,1.4,https://www.instagram.com/sallim_gajang/
soyo_tem,A,활성,61108,490049,306.8,2066,213.2,0.9,2.6,https://www.instagram.com/soyo_tem/
tslakr,A,저활동(14일+),60298,315554,323.3,1684,179.2,27.3,3.7,https://www.instagram.com/tslakr/
hidden.item,A,활성,59172,222183,582.8,3907,437.0,0.1,2.5,https://www.instagram.com/hidden.item/
playit_kids,A,활성,58582,404395,589.4,4124,281.9,11.5,6.5,https://www.instagram.com/playit_kids/
nori.dogam,A,활성,58181,627474,834.7,9481,161.1,2.3,5.2,https://www.instagram.com/nori.dogam/
kidsitem.pick,A,활성,55251,253217,656.6,4843,214.0,0.3,2.9,https://www.instagram.com/kidsitem.pick/
salim_1point,A,활성,55221,482472,534.7,2966,220.2,1.0,0.8,https://www.instagram.com/salim_1point/
any._home,A,활성,54704,339912,489.6,5081,156.3,1.4,1.3,https://www.instagram.com/any._home/
honey.house___,A,활성,53684,283766,565.3,6389,325.1,0.1,0.4,https://www.instagram.com/honey.house___/
thiswhybuy,A,활성,52392,329432,504.2,3213,262.4,2.4,0.4,https://www.instagram.com/thiswhybuy/
bee._.hub,A,활성,52255,282020,791.4,7356,196.9,0.9,0.7,https://www.instagram.com/bee._.hub/
temeditor,A,활성,50620,379805,469.3,3222,94.2,6.1,0.4,https://www.instagram.com/temeditor/
camping.code,A,활성,49835,189037,307.2,916,183.4,6.5,6.5,https://www.instagram.com/camping.code/
living_curation026,A,저활동(14일+),48855,532063,657.3,4888,178.1,18.5,0.5,https://www.instagram.com/living_curation026/
julo_mom,A,활성,48798,244418,512.3,4302,143.8,1.0,4.4,https://www.instagram.com/julo_mom/
manypany_life,A,활성,48489,530537,871.2,10110,230.8,3.1,0.6,https://www.instagram.com/manypany_life/
hena_film_vlog,A,활성,45450,188635,765.2,2810,564.1,5.8,0.7,https://www.instagram.com/hena_film_vlog/
salim_peach,A,활성,44459,262069,624.8,2537,157.2,0.4,4.0,https://www.instagram.com/salim_peach/
juu_home_,A,활성,44022,212372,583.2,2406,171.1,2.0,2.3,https://www.instagram.com/juu_home_/
salimking683,A,활성,41291,215388,674.4,4134,199.8,0.2,0.4,https://www.instagram.com/salimking683/
homeboy_appa,A,활성,38614,231853,313.8,1590,101.9,1.9,1.1,https://www.instagram.com/homeboy_appa/
ddosaggi,A,저활동(14일+),38191,431018,590.7,6712,162.3,51.8,1.4,https://www.instagram.com/ddosaggi/
ramisalrim,A,활성,37381,221471,866.8,5585,234.3,0.0,6.5,https://www.instagram.com/ramisalrim/
homes_tips,A,활성,37040,68827,341.4,934,102.7,0.4,16.8,https://www.instagram.com/homes_tips/
homeyion,A,활성,35534,225686,401.6,3868,68.1,2.1,2.4,https://www.instagram.com/homeyion/
sallim_jupjup,A,활성,35337,333646,331.8,3033,217.3,12.0,0.5,https://www.instagram.com/sallim_jupjup/
bin._.boxing,A,저활동(14일+),34052,185447,717.0,3409,160.3,18.2,0.5,https://www.instagram.com/bin._.boxing/
tokky_mom,A,활성,33733,391194,324.2,3813,190.0,3.1,1.8,https://www.instagram.com/tokky_mom/
home_banjang_,A,활성,32713,87447,387.8,1186,193.4,0.1,7.0,https://www.instagram.com/home_banjang_/
yu_na_daily,A,활성,32535,143613,641.1,4372,130.8,0.3,6.0,https://www.instagram.com/yu_na_daily/
harmonyhome_1st,A,활성,32161,295998,375.7,2861,150.3,0.5,1.9,https://www.instagram.com/harmonyhome_1st/
ramensanenggak70,A,활성,29374,211239,399.8,4062,178.8,0.0,5.2,https://www.instagram.com/ramensanenggak70/
cozy.hany,A,활성,29293,182602,679.6,5300,117.7,2.5,1.4,https://www.instagram.com/cozy.hany/
gureum_edit,A,활성,29011,253866,762.3,7379,91.1,0.3,5.6,https://www.instagram.com/gureum_edit/
ganaeun_tem,A,활성,27969,297473,741.6,7845,102.5,1.0,2.2,https://www.instagram.com/ganaeun_tem/
pickof.j,A,활성,27871,161715,367.6,2002,97.5,0.1,0.5,https://www.instagram.com/pickof.j/
sinbi___s,A,활성,27804,190815,370.6,2057,222.6,0.4,0.6,https://www.instagram.com/sinbi___s/
kkumi_tem,A,활성,25592,239904,345.8,2728,119.8,0.5,0.6,https://www.instagram.com/kkumi_tem/
sallim_gonggan,A,활성,24923,95639,461.8,1750,180.7,1.1,2.6,https://www.instagram.com/sallim_gonggan/
yorijori.toktok,A,활성,24342,125866,401.8,1575,205.2,5.9,3.5,https://www.instagram.com/yorijori.toktok/
homesweet_tem,A,활성,24250,119316,501.1,4941,81.6,0.0,0.7,https://www.instagram.com/homesweet_tem/
hotclick_pick,A,활성,24001,277355,420.3,4842,159.3,3.0,0.7,https://www.instagram.com/hotclick_pick/
living_note_tip,A,활성,23118,95543,372.8,1749,152.8,1.1,14.0,https://www.instagram.com/living_note_tip/
ch_sang826,A,활성,21702,247107,558.8,6303,170.0,7.4,0.8,https://www.instagram.com/ch_sang826/
dayzarkive,A,저활동(14일+),20660,45799,548.8,1390,75.2,47.1,2.4,https://www.instagram.com/dayzarkive/
maison.rola,A,활성,20658,171262,305.9,1414,155.6,0.5,3.1,https://www.instagram.com/maison.rola/
yeon2home_tem,A,저활동(14일+),20113,203312,318.2,3477,44.2,18.5,3.2,https://www.instagram.com/yeon2home_tem/
mamazpick,A,활성,19892,145520,912.4,9455,236.8,1.5,0.4,https://www.instagram.com/mamazpick/
home.pamine,A,활성,19512,144014,330.9,2478,231.2,4.5,4.0,https://www.instagram.com/home.pamine/
official._.norunja,A,활성,18179,182263,654.7,7403,97.2,1.2,0.7,https://www.instagram.com/official._.norunja/
salimmoire,A,활성,17992,119001,369.8,1624,65.8,2.4,4.2,https://www.instagram.com/salimmoire/
ari_home_oo,A,활성,17808,208494,411.4,4843,115.8,0.9,1.3,https://www.instagram.com/ari_home_oo/
mybb_pick,A,저활동(14일+),17323,113411,428.7,4402,114.9,48.0,2.3,https://www.instagram.com/mybb_pick/
_bonihome__,A,활성,17249,51881,383.3,1704,93.1,1.3,3.1,https://www.instagram.com/_bonihome__/
mamabear.kr,A,활성,16171,79814,487.2,2766,78.8,1.1,8.4,https://www.instagram.com/mamabear.kr/
momssok.tem,A,저활동(14일+),16111,180528,339.5,3497,128.6,32.5,0.6,https://www.instagram.com/momssok.tem/
cozy_homezz,A,활성,15731,41891,383.1,1284,109.5,9.5,1.2,https://www.instagram.com/cozy_homezz/
yeji._.home,A,활성,15565,119660,342.7,1464,87.7,0.5,7.6,https://www.instagram.com/yeji._.home/
min_diary90,A,활성,14600,63619,306.4,1679,48.2,1.1,21.0,https://www.instagram.com/min_diary90/
kimzzi_tem,A,활성,14283,34965,602.3,1797,129.7,12.5,7.6,https://www.instagram.com/kimzzi_tem/
half.worker,A,활성,11206,73214,459.5,3884,99.5,2.1,7.0,https://www.instagram.com/half.worker/
salim._.raccoon,A,활성,10806,88909,490.2,4150,87.2,2.1,0.8,https://www.instagram.com/salim._.raccoon/
insight.salim,A,활성,10789,101527,624.7,6575,129.3,0.5,0.5,https://www.instagram.com/insight.salim/
roy.mom_,A,활성,10770,36479,545.0,2009,91.2,0.0,16.8,https://www.instagram.com/roy.mom_/
jjun2_mam,B,활성,94042,378449,48.8,119,178.8,3.3,0.2,https://www.instagram.com/jjun2_mam/
kidscleancar.official,B,저활동(14일+),93556,576781,187.3,1765,1013.3,49.4,0.1,https://www.instagram.com/kidscleancar.official/
mari__ettle,B,활성,91621,341793,222.8,2163,226.8,0.3,2.3,https://www.instagram.com/mari__ettle/
la_ribo_home,B,활성,85045,302430,111.1,478,205.8,1.4,3.0,https://www.instagram.com/la_ribo_home/
xusink135,B,활성,84985,391364,43.3,372,424.1,0.2,14.0,https://www.instagram.com/xusink135/
jipsoon_kitchen,B,활성,84333,247322,59.1,571,3.0,0.0,28.0,https://www.instagram.com/jipsoon_kitchen/
hhh___j_y,B,활성,82161,417789,255.2,1312,907.3,0.3,10.5,https://www.instagram.com/hhh___j_y/
hebertjayda778506,B,활성,77020,189727,14.0,110,439.8,2.2,28.0,https://www.instagram.com/hebertjayda778506/
engji.pick,B,활성,76748,405555,247.6,1410,738.2,0.4,7.6,https://www.instagram.com/engji.pick/
gamsung_salim7,B,활성,75275,424989,116.2,819,1777.2,1.4,0.4,https://www.instagram.com/gamsung_salim7/
today_dc,B,활성,75093,536871,282.1,1650,264.5,1.4,0.4,https://www.instagram.com/today_dc/
sso_so_dam,B,활성,73220,539710,58.9,277,567.8,3.0,1.8,https://www.instagram.com/sso_so_dam/
rosa_sallim,B,활성,71496,437254,126.4,418,216.5,1.4,2.3,https://www.instagram.com/rosa_sallim/
home.change_moment,B,활성,67792,556106,180.4,1144,145.6,0.1,14.0,https://www.instagram.com/home.change_moment/
kkultem_charge,B,활성,67701,552649,186.8,1660,563.7,4.0,0.5,https://www.instagram.com/kkultem_charge/
tembourine,B,활성,67031,705054,143.0,1557,119.5,5.1,0.7,https://www.instagram.com/tembourine/
o.laple,B,활성,65949,390610,79.8,442,78.8,0.2,0.2,https://www.instagram.com/o.laple/
soul_pr0vider,B,활성,64515,366214,49.2,105,310.5,2.0,0.3,https://www.instagram.com/soul_pr0vider/
salim_n_life,B,활성,64388,378972,56.1,357,144.9,0.9,0.4,https://www.instagram.com/salim_n_life/
pudding_pick,B,활성,61277,298724,32.8,105,287.4,0.5,1.3,https://www.instagram.com/pudding_pick/
pickzip000,B,활성,59570,704506,183.6,2043,250.2,0.4,3.1,https://www.instagram.com/pickzip000/
infpreview,B,활성,59552,473242,18.7,114,614.9,1.9,1.3,https://www.instagram.com/infpreview/
lulupick_365,B,저활동(14일+),58893,473317,298.1,2182,444.1,33.5,0.5,https://www.instagram.com/lulupick_365/
1min_lo,B,활성,58438,662744,178.3,1787,110.1,0.1,16.8,https://www.instagram.com/1min_lo/
yunan_tem,B,활성,56614,211384,260.8,2205,56.8,0.4,0.8,https://www.instagram.com/yunan_tem/
living.pick7,B,활성,56336,359480,103.2,471,112.3,0.2,16.8,https://www.instagram.com/living.pick7/
tour.toctoc,B,활성,55977,296940,27.5,267,381.2,2.1,0.3,https://www.instagram.com/tour.toctoc/
clark.reviews,B,활성,54766,282705,61.4,182,222.3,1.8,0.7,https://www.instagram.com/clark.reviews/
salroom_store,B,활성,53504,378751,102.8,614,148.0,0.2,7.6,https://www.instagram.com/salroom_store/
truecook_official,B,활성,52377,217002,17.8,85,236.6,2.2,0.2,https://www.instagram.com/truecook_official/
muhan_.shop,B,활성,52057,192876,11.2,57,131.7,0.4,7.6,https://www.instagram.com/muhan_.shop/
salim_gak,B,활성,50066,487465,241.3,1549,171.7,2.2,0.4,https://www.instagram.com/salim_gak/
leaslimani.decoration,B,활성,49707,145356,116.6,654,701.4,2.7,1.4,https://www.instagram.com/leaslimani.decoration/
ju._.blue,B,활성,48951,282377,40.6,89,455.4,0.1,1.4,https://www.instagram.com/ju._.blue/
soso_home_,B,활성,47527,131107,229.9,882,108.7,0.0,2.0,https://www.instagram.com/soso_home_/
com_salim,B,저활동(14일+),45235,514980,24.7,85,338.8,30.0,2.0,https://www.instagram.com/com_salim/
pick.dori,B,활성,44995,529262,216.2,2408,59.3,0.3,3.8,https://www.instagram.com/pick.dori/
living_flex,B,활성,44460,523592,108.9,1291,89.6,2.9,0.4,https://www.instagram.com/living_flex/
camping.log_,B,활성,43983,284331,206.7,1527,268.4,4.4,1.3,https://www.instagram.com/camping.log_/
songsonghomes,B,활성,43197,309182,136.9,1006,132.2,0.5,8.4,https://www.instagram.com/songsonghomes/
icantaffordthisbutmaybeshecan,B,활성,42357,228421,10.2,74,1518.2,8.9,0.2,https://www.instagram.com/icantaffordthisbutmaybeshecan/
by.rian.salim,B,활성,41314,483367,22.8,45,179.6,0.1,1.8,https://www.instagram.com/by.rian.salim/
misso_review,B,활성,41055,233615,129.6,746,133.7,3.0,0.4,https://www.instagram.com/misso_review/
manggu_pick,B,활성,40970,238892,118.2,812,172.4,0.3,3.8,https://www.instagram.com/manggu_pick/
oneultoy,B,저활동(14일+),40689,437441,257.8,2768,131.2,16.5,4.4,https://www.instagram.com/oneultoy/
livingdaum,B,저활동(14일+),40516,119488,24.2,72,133.5,18.1,4.0,https://www.instagram.com/livingdaum/
kiikiifit,B,활성,39959,167548,33.9,138,226.2,0.1,7.0,https://www.instagram.com/kiikiifit/
wiebkelea,B,활성,39189,100715,54.0,78,1776.7,0.1,1.5,https://www.instagram.com/wiebkelea/
salrim_studio,B,활성,38997,118661,99.4,606,186.0,1.0,1.1,https://www.instagram.com/salrim_studio/
inheay_home,B,활성,38276,199013,288.8,1794,78.2,1.5,14.0,https://www.instagram.com/inheay_home/
alsaltem1,B,활성,36200,236706,91.6,765,194.8,3.3,5.6,https://www.instagram.com/alsaltem1/
naebab.1000,B,활성,35535,134615,134.4,463,440.2,2.1,6.0,https://www.instagram.com/naebab.1000/
zabi_pick,B,활성,34693,266204,106.2,954,65.3,0.5,12.0,https://www.instagram.com/zabi_pick/
dansunhyun,B,활성,34342,90078,143.8,428,98.4,1.0,4.2,https://www.instagram.com/dansunhyun/
bbg.meng,B,활성,33373,214105,0.6,4,130.0,9.3,3.5,https://www.instagram.com/bbg.meng/
alchan_cam,B,활성,32935,288452,130.2,971,79.7,1.0,7.6,https://www.instagram.com/alchan_cam/
how_z_life_,B,활성,31469,333331,258.8,2871,49.2,1.3,2.8,https://www.instagram.com/how_z_life_/
sanunnak_,B,활성,31457,151825,133.2,1140,118.8,7.0,0.9,https://www.instagram.com/sanunnak_/
eoni.daily,B,활성,31006,261427,282.0,2300,438.6,0.5,1.2,https://www.instagram.com/eoni.daily/
hey_jeongmom,B,활성,30399,225129,268.2,1867,70.7,0.4,4.7,https://www.instagram.com/hey_jeongmom/
jjinhomeitem,B,활성,27916,114559,180.6,948,98.4,2.0,4.4,https://www.instagram.com/jjinhomeitem/
gajigaji_house,B,활성,26878,74988,211.2,698,82.8,8.3,2.6,https://www.instagram.com/gajigaji_house/
sallimsal_2,B,활성,26092,269238,169.4,1759,90.6,0.2,0.4,https://www.instagram.com/sallimsal_2/
soo_bin_home,B,저활동(14일+),26052,119745,104.6,425,61.6,22.0,2.9,https://www.instagram.com/soo_bin_home/
cuteeeefox,B,저활동(14일+),26027,145998,180.2,1937,89.0,29.9,1.5,https://www.instagram.com/cuteeeefox/
borine_home,B,활성,25878,159948,190.5,1300,93.4,0.1,1.1,https://www.instagram.com/borine_home/
me_in_uuu,B,활성,24272,152386,207.4,1501,78.8,2.0,5.2,https://www.instagram.com/me_in_uuu/
pick_.tem,B,활성,23710,143764,220.5,1539,156.6,0.0,0.5,https://www.instagram.com/pick_.tem/
mumu_home_,B,활성,23331,105584,143.5,408,41.9,0.2,7.0,https://www.instagram.com/mumu_home_/
lightshop_jgj,B,저활동(14일+),22847,66511,102.4,753,172.2,41.0,0.5,https://www.instagram.com/lightshop_jgj/
salimkkuni,B,활성,22615,131582,227.4,1423,56.8,1.3,2.1,https://www.instagram.com/salimkkuni/
seoa.home_,B,활성,21679,207632,261.0,2026,55.1,0.3,14.0,https://www.instagram.com/seoa.home_/
minchelin_guide__,B,활성,21553,76722,191.5,543,125.8,0.0,7.6,https://www.instagram.com/minchelin_guide__/
pirpir_officiai,B,저활동(14일+),21138,159300,255.4,2562,125.4,26.2,0.4,https://www.instagram.com/pirpir_officiai/
moonzigi_zip,B,저활동(14일+),19635,105083,144.2,1385,89.7,24.0,0.6,https://www.instagram.com/moonzigi_zip/
a_home84,B,활성,19179,45604,117.5,514,29.8,3.4,3.7,https://www.instagram.com/a_home84/
danjeong_salim,B,활성,18895,153385,279.7,2972,101.1,0.5,4.2,https://www.instagram.com/danjeong_salim/
ddok._sori,B,활성,18273,176016,148.0,1587,100.9,0.3,3.1,https://www.instagram.com/ddok._sori/
7sosoyoung8,B,활성,17373,106069,101.8,189,226.8,0.5,1.1,https://www.instagram.com/7sosoyoung8/
lemonbasket.kr,B,활성,16981,41775,249.9,1136,3.0,2.4,12.0,https://www.instagram.com/lemonbasket.kr/
home.sential,B,활성,16868,88430,197.4,1518,85.8,0.5,0.4,https://www.instagram.com/home.sential/
ggultem.here,B,활성,16689,105314,249.6,1809,78.6,0.1,7.6,https://www.instagram.com/ggultem.here/
living.dayday,B,저활동(14일+),16388,106401,113.3,850,57.4,55.0,1.1,https://www.instagram.com/living.dayday/
ziptem.note,B,활성,16109,122983,287.2,2564,99.8,0.3,2.2,https://www.instagram.com/ziptem.note/
hello_rouny,B,활성,15772,139669,153.1,1258,69.8,0.5,6.5,https://www.instagram.com/hello_rouny/
miniminhee_home,B,활성,15214,147920,152.2,1601,78.3,2.1,0.9,https://www.instagram.com/miniminhee_home/
mas._.everyday,B,저활동(14일+),14978,152862,236.6,2727,46.4,17.5,1.6,https://www.instagram.com/mas._.everyday/
arin_saedaek,B,저활동(14일+),14814,141991,157.2,1435,254.8,15.0,1.2,https://www.instagram.com/arin_saedaek/
momittem,B,활성,14468,141876,157.7,1500,69.7,1.5,4.4,https://www.instagram.com/momittem/
thomas.pick_,B,활성,14378,97228,132.7,1083,67.3,0.1,0.7,https://www.instagram.com/thomas.pick_/
bbodeuk.home,B,저활동(14일+),13877,70124,100.8,345,65.2,36.4,6.0,https://www.instagram.com/bbodeuk.home/
sweet_studio1018,B,활성,12946,93219,245.2,1221,77.8,0.1,10.5,https://www.instagram.com/sweet_studio1018/
ggultem_nott,B,활성,12129,80295,255.5,1698,29.7,12.0,2.3,https://www.instagram.com/ggultem_nott/
soso_ittem,B,활성,11990,20770,207.2,855,85.2,0.1,10.5,https://www.instagram.com/soso_ittem/
kkalkkom.zip,B,활성,11815,57100,191.0,454,77.9,0.5,7.6,https://www.instagram.com/kkalkkom.zip/
pick_honeyitem,B,활성,11660,136837,111.2,1329,46.3,6.1,2.5,https://www.instagram.com/pick_honeyitem/
sallim_silrok,B,활성,11640,103178,158.4,1450,24.4,12.4,0.8,https://www.instagram.com/sallim_silrok/
lady_shopping_cart,B,활성,11494,17541,205.6,382,36.8,0.1,4.4,https://www.instagram.com/lady_shopping_cart/
toypang_,B,활성,10689,54026,207.3,1154,60.3,0.3,10.5,https://www.instagram.com/toypang_/
mellow.pick,B,저활동(14일+),10264,46106,142.3,400,59.3,56.2,2.4,https://www.instagram.com/mellow.pick/
yungyver_,B,활성,10245,32214,163.4,453,21.7,0.5,7.6,https://www.instagram.com/yungyver_/
yyenni._.home,B,활성,10075,74366,106.3,314,70.3,0.1,10.5,https://www.instagram.com/yyenni._.home/
blee_hometem,B,활성,9230,95836,183.0,1924,3.0,0.5,7.6,https://www.instagram.com/blee_hometem/
pongle.zip,B,활성,8781,48841,218.8,1646,79.2,0.1,0.8,https://www.instagram.com/pongle.zip/
now.hottem,B,활성,8598,23535,219.8,880,31.3,4.1,4.2,https://www.instagram.com/now.hottem/
moa_zoa,B,활성,8105,21551,168.3,349,78.1,2.5,2.6,https://www.instagram.com/moa_zoa/
salim_9dan,B,활성,8080,23537,213.2,880,30.3,4.1,3.8,https://www.instagram.com/salim_9dan/
ssomom_pick,B,활성,8074,67980,153.8,1235,36.2,1.5,6.0,https://www.instagram.com/ssomom_pick/
dasallim_tem,B,활성,8014,22601,239.6,907,50.9,1.1,14.0,https://www.instagram.com/dasallim_tem/
ttugi._.home,B,저활동(14일+),7963,65304,129.2,1374,29.8,29.6,8.4,https://www.instagram.com/ttugi._.home/
wellhome_life,B,활성,7561,37336,104.1,543,43.7,7.3,2.6,https://www.instagram.com/wellhome_life/
inside_home_official,B,활성,7450,13652,122.6,530,32.7,0.4,16.8,https://www.instagram.com/inside_home_official/
maeil_papa,B,활성,6901,18517,221.0,1162,68.2,0.1,16.8,https://www.instagram.com/maeil_papa/
home_do_ji,B,활성,6879,43979,150.4,1179,71.3,0.0,8.4,https://www.instagram.com/home_do_ji/
milkyhome_tip,B,저활동(14일+),6161,11751,101.3,213,37.3,54.5,6.5,https://www.instagram.com/milkyhome_tip/
it._.tem,B,활성,6133,64520,132.2,1518,39.5,10.4,0.8,https://www.instagram.com/it._.tem/
moms_tem,B,저활동(14일+),5900,11173,103.4,527,38.7,46.4,2.9,https://www.instagram.com/moms_tem/
reviewunnie,B,활성,5803,18890,158.1,639,46.7,0.5,16.8,https://www.instagram.com/reviewunnie/
home_sweet_salim,B,활성,5550,12921,139.8,261,61.1,0.5,8.4,https://www.instagram.com/home_sweet_salim/
salrim_1spoon,B,활성,5426,15732,148.0,556,39.2,6.1,9.3,https://www.instagram.com/salrim_1spoon/
itembasket,B,활성,5340,11771,129.2,320,35.8,9.5,10.5,https://www.instagram.com/itembasket/
kongja.salim,B,활성,5097,10288,152.9,329,26.4,0.9,7.6,https://www.instagram.com/kongja.salim/
mirae._.beauty,B,저활동(14일+),5026,13966,114.4,365,35.3,15.3,0.5,https://www.instagram.com/mirae._.beauty/
ggom_tem,B,활성,4997,8993,161.5,440,50.1,0.5,3.8,https://www.instagram.com/ggom_tem/
hottem_road,B,활성,4814,14839,102.3,412,16.4,1.9,3.0,https://www.instagram.com/hottem_road/
onthe_daddy,B,활성,4494,18015,135.6,391,42.8,0.2,8.4,https://www.instagram.com/onthe_daddy/
pickpickgallery,B,활성,2637,7003,154.9,300,65.3,0.1,12.0,https://www.instagram.com/pickpickgallery/
tomorrow.zips,C,저활동(14일+),29557,30832,0.0,0,151.0,23.1,0.4,https://www.instagram.com/tomorrow.zips/
tip__salim,C,활성,27999,178682,19.4,38,79.7,4.0,1.8,https://www.instagram.com/tip__salim/
diary_of_saleena,C,활성,26933,124964,51.5,119,101.0,0.1,2.4,https://www.instagram.com/diary_of_saleena/
ronie__home,C,저활동(14일+),26590,259433,8.7,26,133.3,40.5,0.6,https://www.instagram.com/ronie__home/
moongsil_mom,C,활성,26114,55033,91.6,321,105.5,0.2,0.5,https://www.instagram.com/moongsil_mom/
kimcoach_bread,C,활성,25285,128735,34.3,252,3.0,3.0,4.0,https://www.instagram.com/kimcoach_bread/
ssummuse,C,저활동(14일+),24764,249739,67.2,423,201.2,39.5,6.0,https://www.instagram.com/ssummuse/
salrim_ondo,C,활성,24515,247154,58.0,526,62.5,2.1,1.3,https://www.instagram.com/salrim_ondo/
morepick_01,C,활성,24447,231115,66.6,346,116.8,2.1,5.6,https://www.instagram.com/morepick_01/
oliviahome,C,활성,24352,62046,84.8,183,3.0,0.8,6.5,https://www.instagram.com/oliviahome/
roun_salim,C,활성,23541,245892,56.4,137,74.9,0.5,1.2,https://www.instagram.com/roun_salim/
river___mom,C,활성,23339,132733,58.2,132,122.8,2.0,0.8,https://www.instagram.com/river___mom/
usefulsalim,C,저활동(14일+),22942,190030,6.8,32,66.2,16.0,0.7,https://www.instagram.com/usefulsalim/
uhyeang_click,C,활성,21850,133508,12.0,93,220.8,5.7,0.2,https://www.instagram.com/uhyeang_click/
select_lab00,C,활성,21250,113027,53.5,553,417.7,1.1,12.0,https://www.instagram.com/select_lab00/
taste_intersection,C,활성,20506,193345,3.7,32,435.7,12.4,0.7,https://www.instagram.com/taste_intersection/
safrarous,C,저활동(14일+),20466,188800,3.1,13,156.2,34.0,1.8,https://www.instagram.com/safrarous/
bonihome,C,활성,20367,159075,3.6,16,298.1,2.1,0.8,https://www.instagram.com/bonihome/
haru._.salim,C,활성,20364,98996,70.0,227,50.6,0.1,8.4,https://www.instagram.com/haru._.salim/
ggultem_mate,C,저활동(14일+),19820,171907,8.3,37,353.2,30.1,0.9,https://www.instagram.com/ggultem_mate/
pyeonhaejib,C,활성,19759,193572,18.2,45,26.6,11.1,2.7,https://www.instagram.com/pyeonhaejib/
unni__chance,C,활성,18155,52847,7.3,31,92.8,0.1,9.0,https://www.instagram.com/unni__chance/
rity_home,C,저활동(14일+),16921,133251,23.8,130,80.3,28.8,0.8,https://www.instagram.com/rity_home/
renno.lab,C,활성,16917,52018,99.2,611,161.1,0.0,16.8,https://www.instagram.com/renno.lab/
dali_table,C,활성,16443,41836,97.8,579,94.4,0.3,10.5,https://www.instagram.com/dali_table/
injuu__m,C,활성,16294,82532,37.8,148,34.5,0.4,14.0,https://www.instagram.com/injuu__m/
hometheitem,C,활성,16219,109699,76.0,612,39.0,3.0,1.1,https://www.instagram.com/hometheitem/
homeddakpick,C,활성,16094,136742,48.7,345,28.9,0.1,2.2,https://www.instagram.com/homeddakpick/
home_of_pic,C,활성,15791,63949,2.9,6,29.8,1.4,7.6,https://www.instagram.com/home_of_pic/
sallimup,C,활성,14726,159077,65.1,445,30.6,1.1,4.9,https://www.instagram.com/sallimup/
home_taya,C,활성,14665,27546,35.1,93,74.9,0.2,14.0,https://www.instagram.com/home_taya/
urizip_picks,C,활성,14259,161769,71.5,814,60.3,0.4,2.5,https://www.instagram.com/urizip_picks/
honeybee_zip,C,활성,14140,65083,25.4,153,30.9,0.0,7.6,https://www.instagram.com/honeybee_zip/
home.n.home,C,활성,13912,46284,4.2,16,33.6,0.2,28.0,https://www.instagram.com/home.n.home/
jibsunireview,C,활성,13533,84111,59.5,535,81.8,11.1,3.4,https://www.instagram.com/jibsunireview/
that_that.home,C,활성,13489,98307,76.8,666,43.3,0.1,1.9,https://www.instagram.com/that_that.home/
jia.travel_,C,활성,13457,76340,91.0,282,99.5,2.2,7.6,https://www.instagram.com/jia.travel_/
eeel_house,C,활성,13285,149270,42.5,477,23.3,0.3,10.5,https://www.instagram.com/eeel_house/
juhee._.home,C,활성,12897,70529,49.0,221,32.8,0.0,16.8,https://www.instagram.com/juhee._.home/
salim_guard,C,활성,12231,121591,23.9,191,45.9,6.1,2.0,https://www.instagram.com/salim_guard/
jellyy_home,C,활성,11911,37781,13.9,25,97.1,1.5,4.2,https://www.instagram.com/jellyy_home/
yoitemu,C,활성,11367,80037,9.0,58,48.7,3.6,1.0,https://www.instagram.com/yoitemu/
c0t0.c0t0,C,활성,11075,40711,0.8,6,100.0,1.0,5.6,https://www.instagram.com/c0t0.c0t0/
yoonzip_salrim,C,활성,11071,59552,9.1,43,25.8,12.5,1.5,https://www.instagram.com/yoonzip_salrim/
lilyzou88,C,활성,10931,33555,17.2,110,86.2,1.5,4.9,https://www.instagram.com/lilyzou88/
meowandpaw.store,C,활성,10764,45766,16.2,53,381.1,5.6,0.9,https://www.instagram.com/meowandpaw.store/
gom_mama,C,활성,10759,23102,62.5,235,59.2,2.4,0.2,https://www.instagram.com/gom_mama/
salimdoldol,C,활성,10458,72994,39.2,184,23.0,0.4,14.0,https://www.instagram.com/salimdoldol/
kimjiyeonwriter,C,활성,10290,22161,1.8,6,212.8,0.1,7.0,https://www.instagram.com/kimjiyeonwriter/
_homefiinds,C,활성,10202,89533,49.9,459,26.1,1.0,7.0,https://www.instagram.com/_homefiinds/
de_melie,C,활성,10168,35497,6.4,27,188.4,0.0,4.4,https://www.instagram.com/de_melie/
ssacktemgo,C,활성,10068,88019,75.8,551,29.3,6.0,5.2,https://www.instagram.com/ssacktemgo/
chunbae_home,C,활성,10058,98530,0.6,2,10.7,1.0,5.6,https://www.instagram.com/chunbae_home/
omansang_craft,C,활성,9977,99686,1.2,9,38.4,2.5,6.0,https://www.instagram.com/omansang_craft/
sallim.ggomggom,C,활성,9808,53927,10.8,67,18.2,7.2,1.5,https://www.instagram.com/sallim.ggomggom/
gyugyu_house7,C,활성,9745,53773,73.2,333,30.2,0.4,9.3,https://www.instagram.com/gyugyu_house7/
sha4home,C,활성,9624,71092,7.8,30,22.8,10.5,14.0,https://www.instagram.com/sha4home/
purebeef8,C,활성,9617,39347,0.3,3,22.2,0.5,7.0,https://www.instagram.com/purebeef8/
salim.rang,C,활성,9444,92021,7.9,64,30.7,13.1,3.5,https://www.instagram.com/salim.rang/
mangohou.se,C,활성,9329,99170,19.5,35,54.1,3.1,0.3,https://www.instagram.com/mangohou.se/
bubu.pick,C,저활동(14일+),9230,29868,36.8,125,9.6,51.3,4.7,https://www.instagram.com/bubu.pick/
connectto____,C,활성,9208,62931,8.0,56,12.2,6.2,7.0,https://www.instagram.com/connectto____/
attractive_ilsang,C,활성,8432,23740,59.4,163,45.4,1.0,5.6,https://www.instagram.com/attractive_ilsang/
riola.log,C,활성,8416,30314,33.2,214,56.9,2.1,2.9,https://www.instagram.com/riola.log/
daily_homez,C,활성,8257,67450,82.2,391,33.3,0.5,2.0,https://www.instagram.com/daily_homez/
mami._.maru,C,활성,7748,43497,76.8,232,45.8,0.5,6.5,https://www.instagram.com/mami._.maru/
withhomedeco,C,활성,7580,17496,95.7,387,22.2,2.1,6.5,https://www.instagram.com/withhomedeco/
kimhamjju,C,활성,7538,85425,79.5,895,26.9,1.2,1.4,https://www.instagram.com/kimhamjju/
kongchu.pick,C,활성,7283,41550,17.2,78,14.7,0.5,16.8,https://www.instagram.com/kongchu.pick/
salimi__life,C,활성,7134,27734,96.9,592,28.8,1.0,8.4,https://www.instagram.com/salimi__life/
ggultem_jipsa,C,활성,7102,39346,36.5,123,43.3,2.1,1.2,https://www.instagram.com/ggultem_jipsa/
kooltem_today,C,활성,7036,66347,16.7,169,22.8,0.2,16.8,https://www.instagram.com/kooltem_today/
rulucasa,C,활성,6685,55522,45.1,97,27.8,0.5,8.4,https://www.instagram.com/rulucasa/
sosopapa_insta,C,활성,6507,30379,43.4,133,22.2,0.4,8.4,https://www.instagram.com/sosopapa_insta/
camp.now,C,활성,6441,25967,85.9,258,20.8,0.1,14.0,https://www.instagram.com/camp.now/
___luckyhome,C,활성,6395,65864,15.7,157,25.8,0.3,4.7,https://www.instagram.com/___luckyhome/
temuireland,C,활성,6392,11391,0.9,3,29.9,13.2,0.9,https://www.instagram.com/temuireland/
jjintem1,C,활성,6340,34199,11.6,40,13.9,2.2,6.5,https://www.instagram.com/jjintem1/
momkuremi_pick,C,활성,6255,47122,42.8,165,16.4,2.5,12.0,https://www.instagram.com/momkuremi_pick/
my.__home_,C,활성,6184,50801,36.7,231,12.5,1.0,7.0,https://www.instagram.com/my.__home_/
radung2_mom,C,활성,6179,62415,6.3,23,30.8,3.1,3.8,https://www.instagram.com/radung2_mom/
rou_nmom,C,활성,6055,65276,46.1,505,18.7,1.0,4.0,https://www.instagram.com/rou_nmom/
jubjubtem,C,활성,6040,41064,3.3,9,16.8,0.7,6.0,https://www.instagram.com/jubjubtem/
open_mulmandu,C,활성,6015,43168,23.2,87,7.0,0.4,5.6,https://www.instagram.com/open_mulmandu/
my.salimtaste,C,활성,6006,53165,77.6,363,36.8,0.4,6.5,https://www.instagram.com/my.salimtaste/
ho_me_style,C,활성,5999,14475,0.8,3,12.8,2.2,4.4,https://www.instagram.com/ho_me_style/
small._.notes,C,활성,5813,64272,8.6,47,12.8,1.3,4.9,https://www.instagram.com/small._.notes/
gongo_ogami,C,활성,5794,15066,62.0,205,38.7,0.5,7.6,https://www.instagram.com/gongo_ogami/
yulmom_pick,C,저활동(14일+),5709,22632,56.7,115,23.6,15.5,4.2,https://www.instagram.com/yulmom_pick/
hayhi_pick,C,활성,5678,59615,38.1,426,16.2,2.4,2.8,https://www.instagram.com/hayhi_pick/
living.duck,C,활성,5655,22331,91.3,245,21.5,0.1,8.4,https://www.instagram.com/living.duck/
freetem_,C,활성,5503,8253,68.8,182,13.6,5.2,2.9,https://www.instagram.com/freetem_/
tokkine_salim,C,활성,5398,41601,10.1,35,8.9,0.5,7.6,https://www.instagram.com/tokkine_salim/
go_tem82,C,활성,5364,56667,52.9,580,24.8,0.2,7.0,https://www.instagram.com/go_tem82/
everyitemm,C,저활동(14일+),5198,48359,38.2,157,17.8,47.3,3.3,https://www.instagram.com/everyitemm/
thisismanendi,C,저활동(14일+),5194,15525,40.1,178,25.2,20.0,0.3,https://www.instagram.com/thisismanendi/
so_onfull,C,저활동(14일+),5077,16938,40.8,142,28.8,16.1,0.4,https://www.instagram.com/so_onfull/
bshoppinglife,D,저활동(14일+),4992,29640,5.6,38,10.7,26.0,0.2,https://www.instagram.com/bshoppinglife/
innostickers,D,활성,4695,15052,16.4,124,42.9,0.8,8.4,https://www.instagram.com/innostickers/
art__artefact,D,활성,4690,22187,10.2,22,95.2,8.7,0.1,https://www.instagram.com/art__artefact/
m.n_cleanroom,D,활성,4555,11136,57.2,139,22.1,0.3,10.5,https://www.instagram.com/m.n_cleanroom/
d.ho_home,D,활성,4410,8318,95.7,238,33.8,0.5,10.5,https://www.instagram.com/d.ho_home/
doda.hom,D,활성,4395,23700,27.6,101,10.9,1.1,4.7,https://www.instagram.com/doda.hom/
iroum.life,D,활성,4386,15954,26.0,92,18.3,4.2,10.5,https://www.instagram.com/iroum.life/
shoppickmall,D,활성,4360,15384,93.8,320,29.2,0.0,9.3,https://www.instagram.com/shoppickmall/
salrimtyuning,D,저활동(14일+),4314,11990,11.5,50,19.9,36.2,1.1,https://www.instagram.com/salrimtyuning/
jjing_jjing33,D,활성,4167,10789,91.2,248,52.7,0.2,1.1,https://www.instagram.com/jjing_jjing33/
smile2_sam,D,활성,4113,9341,46.9,121,24.8,0.1,10.5,https://www.instagram.com/smile2_sam/
anna__wish,D,활성,4106,18505,36.8,268,9.9,0.0,7.0,https://www.instagram.com/anna__wish/
fitonfit_v,D,저활동(14일+),4068,7470,37.4,110,21.1,54.5,4.7,https://www.instagram.com/fitonfit_v/
dealsenselab,D,활성,3933,14130,16.1,52,7.8,0.1,9.3,https://www.instagram.com/dealsenselab/
a__favorites,D,활성,3916,31063,12.4,32,90.8,2.4,1.1,https://www.instagram.com/a__favorites/
mommishn,D,활성,3873,15389,39.6,98,21.7,2.4,6.0,https://www.instagram.com/mommishn/
yomissam_,D,활성,3842,16750,59.8,195,19.4,2.5,7.6,https://www.instagram.com/yomissam_/
sarlimtem,D,활성,3835,15925,23.1,78,52.8,4.9,0.5,https://www.instagram.com/sarlimtem/
dongi_home,D,활성,3823,21416,29.0,47,3.0,0.1,16.8,https://www.instagram.com/dongi_home/
honey_funny_house,D,활성,3766,17936,8.1,50,16.4,0.0,8.4,https://www.instagram.com/honey_funny_house/
jumihome_,D,활성,3688,14565,30.8,170,9.9,1.2,7.0,https://www.instagram.com/jumihome_/
tem_bank,D,저활동(14일+),3641,9522,28.5,76,13.2,25.5,8.4,https://www.instagram.com/tem_bank/
interior_gongsik,D,활성,3606,15197,65.3,582,13.2,0.5,7.6,https://www.instagram.com/interior_gongsik/
pipi._.tem,D,활성,3581,15850,51.5,238,22.8,1.0,7.0,https://www.instagram.com/pipi._.tem/
somi._.home,D,활성,3563,18239,38.8,121,21.6,1.4,7.6,https://www.instagram.com/somi._.home/
lounge.tem,D,활성,3547,5278,36.8,146,8.3,0.3,9.3,https://www.instagram.com/lounge.tem/
mom._.pic,D,활성,3483,13655,53.2,117,19.8,0.5,6.0,https://www.instagram.com/mom._.pic/
realife.housewife,D,저활동(14일+),3483,16029,41.1,80,26.7,30.5,7.6,https://www.instagram.com/realife.housewife/
temdukong,D,활성,3472,7959,36.1,138,8.0,9.3,14.0,https://www.instagram.com/temdukong/
todaysalim_b2m,D,활성,3452,28758,12.4,131,9.8,3.0,10.5,https://www.instagram.com/todaysalim_b2m/
smartmom.zip,D,활성,3447,15338,19.6,80,11.3,0.0,5.2,https://www.instagram.com/smartmom.zip/
ma_ma_sister,D,활성,3406,12772,17.5,130,10.0,0.3,8.4,https://www.instagram.com/ma_ma_sister/
ya.ho.tem,D,활성,3391,12204,37.3,291,64.2,0.3,14.0,https://www.instagram.com/ya.ho.tem/
ro_ni_home,D,활성,3377,7371,41.4,127,13.3,10.4,4.9,https://www.instagram.com/ro_ni_home/
solo_jooboo,D,활성,3316,6339,21.7,37,26.1,0.3,9.3,https://www.instagram.com/solo_jooboo/
sosojungjung,D,활성,3264,31231,3.7,12,3.2,5.1,2.3,https://www.instagram.com/sosojungjung/
gonggan_formula,D,활성,3235,9817,71.8,193,32.0,0.5,7.6,https://www.instagram.com/gonggan_formula/
gtem_hm,D,활성,3129,8770,56.2,182,24.6,3.0,5.2,https://www.instagram.com/gtem_hm/
gomgom__tem,D,활성,3110,19840,37.5,209,11.2,0.5,4.0,https://www.instagram.com/gomgom__tem/
issue_pedia,D,저활동(14일+),3103,6711,85.2,142,51.1,15.1,0.4,https://www.instagram.com/issue_pedia/
ogam.nori,D,활성,3102,5822,39.1,84,12.8,0.4,8.4,https://www.instagram.com/ogam.nori/
happy_home.tem,D,저활동(14일+),3044,4468,26.1,58,19.0,47.4,1.7,https://www.instagram.com/happy_home.tem/
cooktime_official,D,활성,3013,7919,1.8,7,15.5,1.0,7.0,https://www.instagram.com/cooktime_official/
zip.chak_sis,D,활성,3011,16204,27.3,116,16.0,13.9,5.2,https://www.instagram.com/zip.chak_sis/
misosalrim,D,저활동(14일+),3005,5480,43.2,96,13.8,27.1,1.3,https://www.instagram.com/misosalrim/
hyeri_home29,D,활성,2989,7449,63.2,203,24.3,9.5,8.4,https://www.instagram.com/hyeri_home29/
somun_saedaek,D,저활동(14일+),2971,30280,8.4,94,9.7,17.1,2.0,https://www.instagram.com/somun_saedaek/
salim._.ggook,D,저활동(14일+),2962,5990,44.4,210,11.5,33.5,2.5,https://www.instagram.com/salim._.ggook/
lui_living_,D,저활동(14일+),2928,6542,19.1,186,10.8,18.6,1.1,https://www.instagram.com/lui_living_/
rulu_ming,D,활성,2867,6462,70.0,269,28.6,0.4,7.0,https://www.instagram.com/rulu_ming/
think.tem,D,활성,2839,13907,36.2,91,19.8,0.2,12.0,https://www.instagram.com/think.tem/
go.reun,D,저활동(14일+),2788,8753,71.2,196,31.7,51.5,6.0,https://www.instagram.com/go.reun/
todam.house,D,활성,2785,9469,38.6,88,19.3,1.0,6.5,https://www.instagram.com/todam.house/
on.room_,D,활성,2743,16614,91.8,359,37.7,0.5,1.6,https://www.instagram.com/on.room_/
dumbo_muksta,D,활성,2682,6063,4.8,13,87.4,11.9,0.4,https://www.instagram.com/dumbo_muksta/
celeb.beautytem,D,저활동(14일+),2677,6516,11.2,61,7.8,33.0,3.0,https://www.instagram.com/celeb.beautytem/
happylittleshop0,D,활성,2672,10799,5.3,18,7.4,0.5,0.5,https://www.instagram.com/happylittleshop0/
moman_home,D,활성,2658,14302,73.4,383,9.2,3.1,7.0,https://www.instagram.com/moman_home/
simplejoy_living,D,저활동(14일+),2652,10655,27.8,156,12.0,55.1,0.6,https://www.instagram.com/simplejoy_living/
lifeinside_instar,D,활성,2561,12113,16.9,74,11.1,0.6,0.3,https://www.instagram.com/lifeinside_instar/
yeowootem,D,저활동(14일+),2524,8784,72.3,178,34.3,30.5,3.1,https://www.instagram.com/yeowootem/
yeonytem,D,활성,2512,7764,32.0,127,13.7,5.5,1.4,https://www.instagram.com/yeonytem/
the.jenny.home,D,활성,2470,5513,97.2,133,47.1,0.5,7.0,https://www.instagram.com/the.jenny.home/
sallimpanda,D,활성,2350,5557,15.2,69,12.1,2.3,0.9,https://www.instagram.com/sallimpanda/
golla.zoom,D,활성,2344,6486,32.3,164,8.2,1.9,9.3,https://www.instagram.com/golla.zoom/
2daero_recipe,D,활성,2326,5868,55.7,112,31.0,0.0,8.4,https://www.instagram.com/2daero_recipe/
ssocer77,D,활성,2316,17742,6.6,31,7.7,0.3,7.6,https://www.instagram.com/ssocer77/
pickvault9,D,저활동(14일+),2287,5717,27.7,71,13.8,16.4,2.7,https://www.instagram.com/pickvault9/
youjapick,D,활성,2279,4437,34.1,50,15.3,4.5,8.4,https://www.instagram.com/youjapick/
ppobi_tem,D,저활동(14일+),2233,3951,35.0,81,20.2,15.5,5.6,https://www.instagram.com/ppobi_tem/
songyi._.room,D,활성,2224,5326,38.5,73,21.3,0.2,1.8,https://www.instagram.com/songyi._.room/
hy.ni_homes,D,활성,2212,5257,51.5,84,33.2,9.2,0.6,https://www.instagram.com/hy.ni_homes/
candycat111,D,활성,2211,3459,5.8,14,4.8,1.4,5.2,https://www.instagram.com/candycat111/
o_ho_ra3,D,저활동(14일+),2143,4632,66.8,127,36.2,44.5,3.1,https://www.instagram.com/o_ho_ra3/
nuya.pick,D,활성,2140,8357,70.2,123,38.8,0.5,7.6,https://www.instagram.com/nuya.pick/
review_yeosin,D,활성,2138,4753,51.2,162,21.9,0.9,0.6,https://www.instagram.com/review_yeosin/
shopping_genius1206,D,활성,2109,5010,13.9,135,6.0,0.3,7.0,https://www.instagram.com/shopping_genius1206/
dailyuse.pick,D,활성,2099,3467,5.7,32,9.5,3.1,8.4,https://www.instagram.com/dailyuse.pick/
bongbongtem,D,활성,2096,10011,63.7,170,32.9,0.5,8.4,https://www.instagram.com/bongbongtem/
rorotalk,D,저활동(14일+),2086,4256,19.9,38,9.8,35.4,2.5,https://www.instagram.com/rorotalk/
homequeen_12,D,활성,2081,3272,28.6,59,11.7,1.4,6.5,https://www.instagram.com/homequeen_12/
soso.sallim_log,D,활성,2066,5609,5.4,25,17.8,4.1,1.3,https://www.instagram.com/soso.sallim_log/
live._.in.terior,D,활성,2057,5900,36.0,67,23.3,1.4,7.0,https://www.instagram.com/live._.in.terior/
cherry.__.home,D,활성,2033,3992,40.7,105,18.6,11.4,6.5,https://www.instagram.com/cherry.__.home/
se.yeon_room,D,저활동(14일+),1994,6595,25.9,51,6.9,17.9,4.9,https://www.instagram.com/se.yeon_room/
shopping_manager,D,활성,1956,4715,7.8,18,9.5,0.1,5.6,https://www.instagram.com/shopping_manager/
3nam_fam,D,저활동(14일+),1926,4310,52.2,129,13.9,36.5,7.6,https://www.instagram.com/3nam_fam/
slowmomlife.finds,D,활성,1916,18272,9.1,57,5.8,0.1,16.8,https://www.instagram.com/slowmomlife.finds/
gom_ju_bu,D,활성,1915,6570,41.5,194,13.0,0.1,7.6,https://www.instagram.com/gom_ju_bu/
eric.noon,D,저활동(14일+),1909,4059,38.2,103,18.2,16.2,5.6,https://www.instagram.com/eric.noon/
choice_yi,D,활성,1887,2978,7.7,25,5.5,2.1,6.5,https://www.instagram.com/choice_yi/
__flowo,D,활성,1869,3680,81.6,205,35.5,0.5,7.6,https://www.instagram.com/__flowo/
livingitem_leb,D,활성,1847,3895,9.2,35,14.9,1.9,1.1,https://www.instagram.com/livingitem_leb/
minspick_daily,D,활성,1825,11195,46.4,279,17.8,0.2,7.6,https://www.instagram.com/minspick_daily/
hi.rina.daily,D,활성,1813,10119,6.9,24,4.2,0.4,9.3,https://www.instagram.com/hi.rina.daily/
how___life,D,저활동(14일+),1803,2695,19.0,57,8.3,51.1,0.5,https://www.instagram.com/how___life/
la.la_home,D,활성,1766,6124,22.3,39,11.4,1.5,2.7,https://www.instagram.com/la.la_home/
kok.pick,D,활성,1743,7376,56.3,151,29.7,0.1,7.0,https://www.instagram.com/kok.pick/
honeyjini_mood,D,활성,1724,4286,27.3,43,7.9,3.2,3.8,https://www.instagram.com/honeyjini_mood/
salim._.ittem,D,저활동(14일+),1699,2588,26.7,42,18.2,34.5,6.5,https://www.instagram.com/salim._.ittem/
salim_katok,D,활성,1672,3341,43.8,121,14.7,0.5,7.6,https://www.instagram.com/salim_katok/
kkomjihome,D,저활동(14일+),1664,4679,13.0,49,14.3,29.4,0.4,https://www.instagram.com/kkomjihome/
temkong.zip,D,저활동(14일+),1664,4141,49.8,75,26.8,26.5,6.0,https://www.instagram.com/temkong.zip/
uhome._.mehome,D,활성,1645,6027,40.4,81,23.2,0.5,7.6,https://www.instagram.com/uhome._.mehome/
homelyst.edit,D,활성,1620,5785,27.3,82,14.3,0.1,7.6,https://www.instagram.com/homelyst.edit/
yayas_stories,D,활성,1600,3274,6.1,16,18.8,3.7,1.6,https://www.instagram.com/yayas_stories/
shangri.home,D,활성,1590,2705,41.1,60,25.1,0.5,7.6,https://www.instagram.com/shangri.home/
camping_on_tem,D,활성,1581,3447,1.4,9,1.9,12.0,3.4,https://www.instagram.com/camping_on_tem/
seultem.1010,D,활성,1571,9727,11.4,29,7.5,1.1,0.4,https://www.instagram.com/seultem.1010/
hom_resipi,D,활성,1564,10093,22.1,177,15.2,0.0,28.0,https://www.instagram.com/hom_resipi/
eye_spinning5,D,활성,1563,6124,2.2,10,4.3,1.9,6.0,https://www.instagram.com/eye_spinning5/
jibbie_s_life,D,저활동(14일+),1551,5131,0.2,1,20.7,41.0,4.7,https://www.instagram.com/jibbie_s_life/
luxiai_official,D,활성,1525,11232,1.8,20,2.4,0.0,0.7,https://www.instagram.com/luxiai_official/
queenz_hom2,D,활성,1501,4287,5.2,18,2.3,0.8,5.6,https://www.instagram.com/queenz_hom2/
homeflow.studio,D,저활동(14일+),1500,4970,39.6,64,15.1,39.1,0.8,https://www.instagram.com/homeflow.studio/
decidebuy_,D,활성,1487,2314,15.9,52,4.7,7.0,3.4,https://www.instagram.com/decidebuy_/
hometem_ssok,D,활성,1483,2733,44.3,57,18.4,1.4,4.2,https://www.instagram.com/hometem_ssok/
salim_cura,D,저활동(14일+),1452,2656,20.6,46,10.3,18.1,0.7,https://www.instagram.com/salim_cura/
gappun.home,D,활성,1437,3438,22.3,43,11.7,0.1,7.6,https://www.instagram.com/gappun.home/
youzihome,D,활성,1426,2013,19.8,60,4.2,1.2,6.5,https://www.instagram.com/youzihome/
lucky.selects,D,활성,1423,2970,46.0,73,23.6,1.0,7.6,https://www.instagram.com/lucky.selects/
shopping___review,D,활성,1416,2911,11.1,28,6.0,1.2,9.3,https://www.instagram.com/shopping___review/
maesilharu,D,활성,1385,9738,12.7,55,7.6,0.1,7.6,https://www.instagram.com/maesilharu/
daillypick,D,활성,1375,3796,32.2,68,18.1,0.1,9.3,https://www.instagram.com/daillypick/
sosodamdam1121,D,활성,1362,3313,0.0,0,17.0,9.2,0.1,https://www.instagram.com/sosodamdam1121/
mood.collect.zip,D,활성,1336,7428,40.1,276,13.8,3.5,3.7,https://www.instagram.com/mood.collect.zip/
jen.jen.home,D,활성,1332,3299,17.1,87,7.6,0.5,8.4,https://www.instagram.com/jen.jen.home/
jubu_majji,D,활성,1302,3720,5.2,19,2.8,1.9,1.3,https://www.instagram.com/jubu_majji/
salim.salmam,D,활성,1290,2129,13.9,27,6.3,2.1,5.6,https://www.instagram.com/salim.salmam/
homekkeul,D,활성,1289,2312,16.6,51,5.2,0.4,7.0,https://www.instagram.com/homekkeul/
gogoon_home,D,활성,1282,3083,40.2,84,19.7,0.9,8.4,https://www.instagram.com/gogoon_home/
moms__living,D,활성,1281,1771,6.3,18,4.2,1.0,12.0,https://www.instagram.com/moms__living/
livingpick.home,D,저활동(14일+),1266,3923,74.8,105,39.4,19.0,2.7,https://www.instagram.com/livingpick.home/
home.life.baby,D,저활동(14일+),1259,8739,27.6,46,19.3,14.9,3.8,https://www.instagram.com/home.life.baby/
kkul._.salrimso,D,활성,1259,2807,52.8,77,30.3,0.5,7.6,https://www.instagram.com/kkul._.salrimso/
slowhome.pick,D,활성,1251,3189,17.8,34,10.9,0.3,8.4,https://www.instagram.com/slowhome.pick/
house._.tem,D,활성,1248,2054,9.3,19,6.8,12.2,4.4,https://www.instagram.com/house._.tem/
inahome__,D,활성,1245,3351,27.9,48,14.8,3.1,3.5,https://www.instagram.com/inahome__/
holictem,D,활성,1238,1946,30.1,61,15.9,0.5,7.6,https://www.instagram.com/holictem/
picknlife_select,D,활성,1238,2684,22.0,92,7.8,2.0,4.7,https://www.instagram.com/picknlife_select/
dailypick_y,D,활성,1232,10335,9.8,68,5.6,5.3,0.6,https://www.instagram.com/dailypick_y/
sheep___soft,D,활성,1205,1875,41.9,79,14.0,0.5,7.6,https://www.instagram.com/sheep___soft/
yoondie.journal,D,활성,1166,4914,4.1,14,4.6,1.9,2.9,https://www.instagram.com/yoondie.journal/
inhome_mood,D,활성,1137,3053,58.3,113,32.1,0.3,5.2,https://www.instagram.com/inhome_mood/
hottembook,D,저활동(14일+),1106,2487,3.4,22,5.1,38.9,0.5,https://www.instagram.com/hottembook/
gom._.zipsa,D,저활동(14일+),1083,2334,22.9,47,13.1,28.1,6.5,https://www.instagram.com/gom._.zipsa/
its_homepick,D,활성,1063,2766,21.3,126,4.2,0.2,3.0,https://www.instagram.com/its_homepick/
salimfinds,D,저활동(14일+),1042,3541,7.7,20,3.0,24.0,6.5,https://www.instagram.com/salimfinds/
day_sian_,D,활성,1021,2643,5.1,16,4.7,5.0,0.9,https://www.instagram.com/day_sian_/
bakbak.living,D,활성,1016,2451,2.5,7,4.6,3.1,2.3,https://www.instagram.com/bakbak.living/
sinbihan_life,D,활성,983,1847,12.4,38,6.3,0.5,4.7,https://www.instagram.com/sinbihan_life/
ttalkak_homez,D,활성,973,2754,15.2,46,3.5,1.1,4.9,https://www.instagram.com/ttalkak_homez/
sadaboni_godtem,D,활성,966,3594,10.3,29,5.5,0.0,14.0,https://www.instagram.com/sadaboni_godtem/
geumson_tem,D,활성,955,2461,1.9,14,1.7,0.1,5.2,https://www.instagram.com/geumson_tem/
sallim.duck,D,활성,934,2101,4.0,10,2.3,0.4,2.8,https://www.instagram.com/sallim.duck/
bora.home_pick,D,활성,921,1763,53.5,73,26.8,0.4,4.9,https://www.instagram.com/bora.home_pick/
salimtoktok001,D,활성,913,2804,2.8,8,2.7,0.6,6.5,https://www.instagram.com/salimtoktok001/
hago.zip,D,저활동(14일+),912,1227,35.8,60,76.5,41.0,0.2,https://www.instagram.com/hago.zip/
salim_bigson,D,활성,832,3529,3.6,15,5.5,2.5,8.4,https://www.instagram.com/salim_bigson/
our_home_living,D,활성,818,2372,2.7,18,4.8,7.0,2.0,https://www.instagram.com/our_home_living/
rurupang_rurupi,D,저활동(14일+),803,2515,1.0,8,1.6,14.3,8.4,https://www.instagram.com/rurupang_rurupi/
eok_3man,D,활성,799,1389,7.3,16,3.1,0.6,4.4,https://www.instagram.com/eok_3man/
pink__salim,D,활성,797,1803,12.1,31,7.6,0.4,7.0,https://www.instagram.com/pink__salim/
livingbling_,D,저활동(14일+),796,1635,7.2,26,6.2,14.5,3.8,https://www.instagram.com/livingbling_/
hey_h0h0,D,활성,785,1860,12.7,32,7.0,0.5,7.6,https://www.instagram.com/hey_h0h0/
lv.up._.salim,D,활성,771,1328,13.7,30,6.8,0.5,8.4,https://www.instagram.com/lv.up._.salim/
kkul._.team,D,저활동(14일+),764,4796,1.0,4,4.3,48.0,0.8,https://www.instagram.com/kkul._.team/
mim_mim_tem,D,활성,749,1921,12.2,23,5.1,3.5,2.9,https://www.instagram.com/mim_mim_tem/
look._.tem,D,활성,738,1623,16.6,29,9.8,4.4,2.4,https://www.instagram.com/look._.tem/
tok._.tem,D,활성,731,1773,14.7,29,8.5,0.1,7.6,https://www.instagram.com/tok._.tem/
mamiup_official,D,활성,715,1297,3.5,15,3.7,4.0,0.3,https://www.instagram.com/mamiup_official/
vivi_home_01,D,활성,708,4456,30.4,63,16.3,0.2,3.2,https://www.instagram.com/vivi_home_01/
editor.pick.tem,D,활성,705,4004,25.6,69,16.2,0.0,12.0,https://www.instagram.com/editor.pick.tem/
naman.home,D,활성,688,1871,3.7,16,2.2,2.3,3.8,https://www.instagram.com/naman.home/
tin_ypick,D,활성,670,2657,3.2,10,2.2,9.5,1.1,https://www.instagram.com/tin_ypick/
sun_2home,D,저활동(14일+),665,2308,31.9,54,12.7,37.5,3.8,https://www.instagram.com/sun_2home/
bling_blingmart,D,저활동(14일+),661,3945,29.6,301,7.2,52.0,0.4,https://www.instagram.com/bling_blingmart/
hellomongle,D,활성,660,1659,31.9,43,18.4,1.0,7.6,https://www.instagram.com/hellomongle/
lifechurp_,D,활성,640,1443,5.1,11,2.6,1.0,2.5,https://www.instagram.com/lifechurp_/
tomato_tem,D,활성,611,1402,17.6,25,12.2,2.0,7.6,https://www.instagram.com/tomato_tem/
dajunghome,D,활성,609,1806,17.6,51,9.3,0.5,14.0,https://www.instagram.com/dajunghome/
bori_homtem,D,활성,604,1002,11.3,21,5.9,2.2,21.0,https://www.instagram.com/bori_homtem/
coconesallim,D,활성,599,1239,9.0,15,4.8,1.4,6.0,https://www.instagram.com/coconesallim/
charm._.tem,D,활성,566,1613,12.6,23,8.5,5.0,1.0,https://www.instagram.com/charm._.tem/
picknliving,D,활성,565,3208,7.3,41,6.6,0.4,7.6,https://www.instagram.com/picknliving/
heily__store,D,활성,541,1410,0.7,4,3.0,0.2,14.0,https://www.instagram.com/heily__store/
2_zzangu,D,활성,538,1419,20.3,57,8.2,3.0,6.0,https://www.instagram.com/2_zzangu/
gamsung_salrim,D,활성,526,1218,12.5,26,8.7,2.5,5.2,https://www.instagram.com/gamsung_salrim/
sallim_on_,D,활성,486,2089,17.5,27,10.8,9.0,4.2,https://www.instagram.com/sallim_on_/
life_peak7,D,저활동(14일+),449,1289,1.8,4,4.3,38.2,1.4,https://www.instagram.com/life_peak7/
oh_daily_picks,D,활성,440,1701,7.8,25,8.0,8.2,4.9,https://www.instagram.com/oh_daily_picks/
temh_ouse,D,활성,432,1787,0.8,6,0.3,1.1,12.0,https://www.instagram.com/temh_ouse/
aljja_item,D,활성,426,1430,6.8,20,3.9,6.3,5.2,https://www.instagram.com/aljja_item/
sunsun_rich,D,활성,418,911,3.0,8,3.2,0.9,5.2,https://www.instagram.com/sunsun_rich/
happy_chachacha60,D,저활동(14일+),397,1331,0.0,0,0.4,28.0,2.4,https://www.instagram.com/happy_chachacha60/
home.n.picks,D,활성,395,576,13.8,19,9.0,1.1,3.0,https://www.instagram.com/home.n.picks/
stae._.pick,D,활성,369,789,1.2,5,1.0,0.2,2.2,https://www.instagram.com/stae._.pick/
jabd_ongsan2,D,저활동(14일+),361,546,10.8,29,6.8,55.1,4.4,https://www.instagram.com/jabd_ongsan2/
homemaking11,D,저활동(14일+),334,458,2.0,4,1.7,19.0,1.8,https://www.instagram.com/homemaking11/
jerryhome33,D,활성,312,532,1.2,4,0.4,0.0,16.8,https://www.instagram.com/jerryhome33/
golladrim,D,활성,302,978,3.0,5,1.1,7.5,7.6,https://www.instagram.com/golladrim/
daily.item.up,D,활성,292,491,26.0,32,15.8,0.9,8.4,https://www.instagram.com/daily.item.up/
picku.kr,D,저활동(14일+),277,627,15.2,22,14.2,52.5,2.4,https://www.instagram.com/picku.kr/
hyeonohx,D,저활동(14일+),216,676,0.9,3,5.3,32.8,1.7,https://www.instagram.com/hyeonohx/
bible0103,D,활성,197,387,0.8,2,2.0,0.2,7.6,https://www.instagram.com/bible0103/
altem,D,판정불가,0,0,0.0,0,0.0,,,https://www.instagram.com/altem/
androf,D,판정불가,0,0,0.0,0,0.0,,,https://www.instagram.com/androf/
antenna_view,D,판정불가,0,0,0.0,0,0.0,,,https://www.instagram.com/antenna_view/
arum_home,D,판정불가,0,0,0.0,0,0.0,,,https://www.instagram.com/arum_home/
baek,D,판정불가,0,0,0.0,0,0.0,,,https://www.instagram.com/baek/
balrabom,D,판정불가,0,0,0.0,0,0.0,,,https://www.instagram.com/balrabom/
bbgr,D,판정불가,0,0,0.0,0,0.0,,,https://www.instagram.com/bbgr/
becky.becca.me,D,판정불가,0,0,0.0,0,0.0,,,https://www.instagram.com/becky.becca.me/
beehub,D,판정불가,0,0,0.0,0,0.0,,,https://www.instagram.com/beehub/
changsu.1999,D,판정불가,0,0,0.0,0,0.0,,,https://www.instagram.com/changsu.1999/
daily.daily.home,D,판정불가,0,0,0.0,0,0.0,,,https://www.instagram.com/daily.daily.home/
dam.a._.dum,D,판정불가,0,0,0.0,0,0.0,,,https://www.instagram.com/dam.a._.dum/
daolmarket,D,판정불가,0,0,0.0,0,0.0,,,https://www.instagram.com/daolmarket/
doodlely,D,판정불가,0,0,0.0,0,0.0,,,https://www.instagram.com/doodlely/
doodlely93,D,판정불가,0,0,0.0,0,0.0,,,https://www.instagram.com/doodlely93/
dorodong33,D,판정불가,0,0,0.0,0,0.0,,,https://www.instagram.com/dorodong33/
doto8243,D,판정불가,0,0,0.0,0,0.0,,,https://www.instagram.com/doto8243/
fans_item,D,판정불가,0,0,0.0,0,0.0,,,https://www.instagram.com/fans_item/
fashionstyle._.s,D,판정불가,0,0,0.0,0,0.0,,,https://www.instagram.com/fashionstyle._.s/
g_home,D,판정불가,0,0,0.0,0,0.0,,,https://www.instagram.com/g_home/
girin.home,D,판정불가,0,0,0.0,0,0.0,,,https://www.instagram.com/girin.home/
heyude_official,D,판정불가,0,0,0.0,0,0.0,,,https://www.instagram.com/heyude_official/
home_range,D,판정불가,0,0,0.0,0,0.0,,,https://www.instagram.com/home_range/
homekeyring,D,판정불가,0,0,0.0,0,0.0,,,https://www.instagram.com/homekeyring/
homevibe,D,판정불가,0,0,0.0,0,0.0,,,https://www.instagram.com/homevibe/
honeyhoney_4,D,판정불가,0,0,0.0,0,0.0,,,https://www.instagram.com/honeyhoney_4/
honeyhoney_6,D,판정불가,0,0,0.0,0,0.0,,,https://www.instagram.com/honeyhoney_6/
jevi._.tem,D,판정불가,0,0,0.0,0,0.0,,,https://www.instagram.com/jevi._.tem/
johana,D,판정불가,0,0,0.0,0,0.0,,,https://www.instagram.com/johana/
mandacreative,D,판정불가,0,0,0.0,0,0.0,,,https://www.instagram.com/mandacreative/
menu__matjip,D,판정불가,0,0,0.0,0,0.0,,,https://www.instagram.com/menu__matjip/
myhousedecor_finds,D,판정불가,0,0,0.0,0,0.0,,,https://www.instagram.com/myhousedecor_finds/
nana_momstory,D,판정불가,0,0,0.0,0,0.0,,,https://www.instagram.com/nana_momstory/
objey,D,판정불가,0,0,0.0,0,0.0,,,https://www.instagram.com/objey/
pick_33,D,판정불가,0,0,0.0,0,0.0,,,https://www.instagram.com/pick_33/
pickinbloom,D,판정불가,0,0,0.0,0,0.0,,,https://www.instagram.com/pickinbloom/
pickzip,D,판정불가,0,0,0.0,0,0.0,,,https://www.instagram.com/pickzip/
rapirapi001,D,판정불가,0,0,0.0,0,0.0,,,https://www.instagram.com/rapirapi001/
richliving,D,판정불가,0,0,0.0,0,0.0,,,https://www.instagram.com/richliving/
rita_mom_kr,D,판정불가,0,0,0.0,0,0.0,,,https://www.instagram.com/rita_mom_kr/
roomplay,D,판정불가,0,0,0.0,0,0.0,,,https://www.instagram.com/roomplay/
saju.min,D,판정불가,0,0,0.0,0,0.0,,,https://www.instagram.com/saju.min/
smart_living_tips,D,판정불가,0,0,0.0,0,0.0,,,https://www.instagram.com/smart_living_tips/
sooa_login,D,판정불가,0,0,0.0,0,0.0,,,https://www.instagram.com/sooa_login/
suamama_home,D,판정불가,0,0,0.0,0,0.0,,,https://www.instagram.com/suamama_home/
the.careclean,D,판정불가,0,0,0.0,0,0.0,,,https://www.instagram.com/the.careclean/
the.one6175,D,판정불가,0,0,0.0,0,0.0,,,https://www.instagram.com/the.one6175/
tip_is_moa,D,판정불가,0,0,0.0,0,0.0,,,https://www.instagram.com/tip_is_moa/
wendy,D,판정불가,0,0,0.0,0,0.0,,,https://www.instagram.com/wendy/
yeosago,D,판정불가,0,0,0.0,0,0.0,,,https://www.instagram.com/yeosago/
yuja_item,D,판정불가,0,0,0.0,0,0.0,,,https://www.instagram.com/yuja_item/
yuya,D,판정불가,0,0,0.0,0,0.0,,,https://www.instagram.com/yuya/
zambok,D,판정불가,0,0,0.0,0,0.0,,,https://www.instagram.com/zambok/
zambok_us,D,판정불가,0,0,0.0,0,0.0,,,https://www.instagram.com/zambok_us/
zip_solution,D,판정불가,0,0,0.0,0,0.0,,,https://www.instagram.com/zip_solution/
wesandalisontips,X,휴면(60일+),14234223,58819248,882.6,3243,203187.6,61.5,0.1,https://www.instagram.com/wesandalisontips/
jay,X,휴면(60일+),635904,967388,596.3,1078,24695.7,76.4,,https://www.instagram.com/jay/
kkul_tem_zip,X,폐업(100일+),499914,3661849,3190.9,15798,1376.2,110.3,0.2,https://www.instagram.com/kkul_tem_zip/
salim__box,X,폐업(100일+),498304,2627026,164.5,990,2859.8,149.1,0.2,https://www.instagram.com/salim__box/
home_it.em,X,폐업(100일+),442027,4180127,556.6,2720,6851.0,411.5,1.3,https://www.instagram.com/home_it.em/
lupang_note,X,폐업(100일+),393259,4613434,57.8,547,4260.9,139.0,0.9,https://www.instagram.com/lupang_note/
lazy.salim,X,폐업(100일+),363383,1586042,77.2,166,2099.8,318.0,0.2,https://www.instagram.com/lazy.salim/
shoppinghottem,X,폐업(100일+),342485,3381520,1067.6,10602,3044.4,379.2,0.7,https://www.instagram.com/shoppinghottem/
salimaje_official,X,폐업(100일+),326419,2709361,41.4,107,1472.6,203.5,1.0,https://www.instagram.com/salimaje_official/
suuku_kurashi,X,폐업(100일+),304088,1729343,12.3,31,2566.1,169.0,0.9,https://www.instagram.com/suuku_kurashi/
ggultem.hari,X,폐업(100일+),293846,3212179,166.3,944,6124.2,149.3,0.7,https://www.instagram.com/ggultem.hari/
hea.lthy_9531,X,휴면(60일+),293462,776394,62.2,134,5403.0,68.6,0.4,https://www.instagram.com/hea.lthy_9531/
m.i.n.a.r.y.home,X,휴면(60일+),272164,1299512,52.4,180,1338.8,62.0,0.3,https://www.instagram.com/m.i.n.a.r.y.home/
justme_th1ngs,X,폐업(100일+),270750,2746425,36.3,120,3576.7,173.5,0.9,https://www.instagram.com/justme_th1ngs/
this.picks,X,휴면(60일+),259544,2728710,111.2,389,1252.7,65.1,1.6,https://www.instagram.com/this.picks/
jip_tem,X,폐업(100일+),252468,2505276,59.9,508,1593.7,100.5,0.7,https://www.instagram.com/jip_tem/
bestkagu_new,X,폐업(100일+),249101,1151822,11.9,75,3.0,198.1,1.1,https://www.instagram.com/bestkagu_new/
homgoods365,X,휴면(60일+),248025,2074374,911.0,4499,1372.3,73.1,0.5,https://www.instagram.com/homgoods365/
bever_tem,X,폐업(100일+),186058,1849344,17.1,134,491.8,248.1,0.3,https://www.instagram.com/bever_tem/
fancyfind_homedecor,X,폐업(100일+),163691,1679556,3.7,12,216.2,380.9,42.0,https://www.instagram.com/fancyfind_homedecor/
home.it.tem,X,폐업(100일+),161748,1224007,12.2,84,1407.9,664.8,0.3,https://www.instagram.com/home.it.tem/
salim_be_rry,X,폐업(100일+),151143,1024051,1719.2,13951,975.4,120.0,0.4,https://www.instagram.com/salim_be_rry/
ggulpick_king,X,휴면(60일+),140436,1041170,39.5,348,720.8,76.1,0.4,https://www.instagram.com/ggulpick_king/
saedaek_item,X,휴면(60일+),121604,742075,1441.8,12464,234.1,80.1,0.5,https://www.instagram.com/saedaek_item/
kkultem._.note,X,폐업(100일+),118693,601031,815.0,7673,654.5,130.5,0.7,https://www.instagram.com/kkultem._.note/
salim._.bot,X,휴면(60일+),116784,846884,3504.1,20594,853.7,80.5,0.9,https://www.instagram.com/salim._.bot/
protem.note,X,폐업(100일+),114374,642273,1935.4,13099,332.1,116.3,0.5,https://www.instagram.com/protem.note/
blu.lemonayd,X,폐업(100일+),109615,1003621,50.5,460,10176.4,133.1,0.8,https://www.instagram.com/blu.lemonayd/
daerangmom,X,휴면(60일+),97860,329232,362.7,3134,267.3,100.0,0.2,https://www.instagram.com/daerangmom/
jini._.homedit,X,폐업(100일+),95950,653399,1574.8,9153,594.2,101.0,1.4,https://www.instagram.com/jini._.homedit/
itemlog_itemlog,X,폐업(100일+),90692,511513,807.2,5879,727.9,153.3,0.7,https://www.instagram.com/itemlog_itemlog/
40brich,X,폐업(100일+),88955,762344,162.8,1786,163.8,167.0,0.5,https://www.instagram.com/40brich/
sal.kung,X,휴면(60일+),88274,509754,771.2,4450,461.0,60.3,0.5,https://www.instagram.com/sal.kung/
haru._.item,X,휴면(60일+),84799,610674,1924.7,22001,310.2,64.4,0.9,https://www.instagram.com/haru._.item/
salim.kokko,X,폐업(100일+),84279,902877,286.8,2962,34.2,172.8,0.8,https://www.instagram.com/salim.kokko/
home.basket_0,X,폐업(100일+),77828,377600,410.7,2524,271.5,160.5,2.0,https://www.instagram.com/home.basket_0/
ara.ggomzirack,X,폐업(100일+),68058,342154,584.5,4626,278.7,140.3,0.6,https://www.instagram.com/ara.ggomzirack/
sweet.homezz,X,폐업(100일+),66113,727101,722.6,7931,223.0,128.1,1.0,https://www.instagram.com/sweet.homezz/
muzipsa_home,X,휴면(60일+),63900,443506,53.0,147,242.2,76.0,1.9,https://www.instagram.com/muzipsa_home/
salgu.tem,X,휴면(60일+),61522,613873,32.9,87,302.8,92.0,0.6,https://www.instagram.com/salgu.tem/
yumndiet,X,폐업(100일+),57132,207367,313.3,1118,473.2,113.1,1.4,https://www.instagram.com/yumndiet/
pumjeolgak,X,폐업(100일+),56665,615953,93.5,856,142.0,147.2,3.7,https://www.instagram.com/pumjeolgak/
jojjubu,X,폐업(100일+),54132,390014,123.7,1162,577.2,108.1,0.6,https://www.instagram.com/jojjubu/
sister_home_it,X,휴면(60일+),53920,502587,631.4,6584,307.2,61.1,0.4,https://www.instagram.com/sister_home_it/
kkultemjubjub,X,휴면(60일+),51800,338260,307.6,1852,276.5,68.0,0.5,https://www.instagram.com/kkultemjubjub/
blackkittytem,X,폐업(100일+),48304,217291,24.4,208,1961.4,179.9,0.7,https://www.instagram.com/blackkittytem/
the_habi_home,X,폐업(100일+),39351,461363,1004.3,12047,260.2,100.2,0.5,https://www.instagram.com/the_habi_home/
allabout.homedecor,X,폐업(100일+),37825,299128,36.8,67,1141.8,284.1,1.5,https://www.instagram.com/allabout.homedecor/
banana.tem,X,폐업(100일+),36177,183838,17.2,35,172.3,230.5,2.4,https://www.instagram.com/banana.tem/
ojirap_salim,X,휴면(60일+),35963,184032,18.7,44,227.9,82.0,2.5,https://www.instagram.com/ojirap_salim/
home_mumu_shop,X,휴면(60일+),35370,237327,6.8,53,118.9,94.1,2.3,https://www.instagram.com/home_mumu_shop/
dam_a_dum,X,휴면(60일+),34139,215485,132.9,1353,175.2,95.4,0.5,https://www.instagram.com/dam_a_dum/
sallim._.nori,X,휴면(60일+),32844,389960,537.9,6435,217.3,75.1,0.5,https://www.instagram.com/sallim._.nori/
yuls__house,X,휴면(60일+),32662,248136,377.1,3688,174.2,60.4,0.9,https://www.instagram.com/yuls__house/
liketem.zip,X,휴면(60일+),32446,147967,101.5,479,235.6,88.9,0.8,https://www.instagram.com/liketem.zip/
hola_.living,X,폐업(100일+),32364,376354,30.8,299,141.2,179.5,1.1,https://www.instagram.com/hola_.living/
cleanking_uni,X,휴면(60일+),31819,122876,401.6,1929,177.8,93.0,5.2,https://www.instagram.com/cleanking_uni/
b_b.salim,X,폐업(100일+),29882,193459,257.5,1650,99.5,123.9,1.2,https://www.instagram.com/b_b.salim/
salimstar24,X,폐업(100일+),29131,94637,975.7,3127,254.1,150.3,1.8,https://www.instagram.com/salimstar24/
housewarming_party,X,폐업(100일+),28404,260926,485.5,3932,147.5,107.3,3.0,https://www.instagram.com/housewarming_party/
nyang._.ggul,X,폐업(100일+),25204,264852,63.9,481,145.8,241.3,2.1,https://www.instagram.com/nyang._.ggul/
geniedeco_official,X,휴면(60일+),25120,288468,215.6,2493,178.1,92.2,1.2,https://www.instagram.com/geniedeco_official/
vitaa_home,X,휴면(60일+),24757,285539,158.5,1793,71.5,76.3,1.3,https://www.instagram.com/vitaa_home/
minutecurator,X,폐업(100일+),23080,54751,5.4,10,164.4,212.1,6.5,https://www.instagram.com/minutecurator/
appa_pick,X,폐업(100일+),22138,180046,611.2,4850,209.4,176.5,2.1,https://www.instagram.com/appa_pick/
the_vibe_finds,X,폐업(100일+),20956,198020,111.8,1279,125.7,233.1,1.5,https://www.instagram.com/the_vibe_finds/
jinimom.pick,X,폐업(100일+),20174,146479,295.6,3206,173.2,180.3,0.5,https://www.instagram.com/jinimom.pick/
lucent_home23,X,폐업(100일+),20108,145868,303.2,1969,333.0,113.8,0.8,https://www.instagram.com/lucent_home23/
salim__tips,X,폐업(100일+),19788,119000,13.2,83,38.5,149.4,1.0,https://www.instagram.com/salim__tips/
homefinds.maggie,X,폐업(100일+),19722,27795,3.5,8,149.4,377.3,1.3,https://www.instagram.com/homefinds.maggie/
zipdori.tem,X,폐업(100일+),19401,165060,347.4,3458,87.1,157.0,1.4,https://www.instagram.com/zipdori.tem/
zachi_rabbit,X,휴면(60일+),19283,133665,167.1,764,117.5,70.5,1.7,https://www.instagram.com/zachi_rabbit/
simplosophy25,X,폐업(100일+),18434,186149,52.5,321,104.3,220.5,3.4,https://www.instagram.com/simplosophy25/
emerald.lving.home,X,폐업(100일+),17273,180437,29.3,214,60.3,186.4,6.0,https://www.instagram.com/emerald.lving.home/
oharu.haus,X,폐업(100일+),17165,158247,62.8,353,45.2,120.5,7.0,https://www.instagram.com/oharu.haus/
ancco.home,X,폐업(100일+),16862,23171,0.0,0,71.5,496.4,3.5,https://www.instagram.com/ancco.home/
salimbanana,X,폐업(100일+),15958,119885,353.2,3434,100.7,111.5,1.1,https://www.instagram.com/salimbanana/
hometem_diary,X,폐업(100일+),15768,70082,53.2,155,89.5,149.5,1.0,https://www.instagram.com/hometem_diary/
sallimnam0,X,휴면(60일+),14795,146831,224.2,2451,103.9,82.9,2.2,https://www.instagram.com/sallimnam0/
home.living.lab,X,폐업(100일+),13519,109535,278.8,2133,114.9,163.1,1.2,https://www.instagram.com/home.living.lab/
need.tem,X,폐업(100일+),12834,136997,117.8,1370,64.0,115.1,4.0,https://www.instagram.com/need.tem/
switi.home,X,폐업(100일+),12705,69332,455.0,4790,55.1,109.0,1.3,https://www.instagram.com/switi.home/
harry___home,X,휴면(60일+),11785,129701,116.8,1269,42.0,84.7,1.3,https://www.instagram.com/harry___home/
living._.home,X,폐업(100일+),11655,77796,47.9,223,30.3,235.1,7.6,https://www.instagram.com/living._.home/
salim_bonsaek,X,폐업(100일+),11591,73089,53.8,99,82.8,240.1,7.0,https://www.instagram.com/salim_bonsaek/
tem._.soo.ni,X,휴면(60일+),11533,98933,318.2,2513,98.2,63.1,7.0,https://www.instagram.com/tem._.soo.ni/
health_minimal,X,휴면(60일+),11350,28324,69.3,277,32.2,73.0,0.7,https://www.instagram.com/health_minimal/
siri.yori,X,휴면(60일+),11336,81855,29.5,180,36.2,92.2,1.1,https://www.instagram.com/siri.yori/
salimdepot,X,폐업(100일+),10916,18954,294.6,1056,52.5,193.1,3.1,https://www.instagram.com/salimdepot/
gasungbimoa,X,폐업(100일+),10056,102800,9.9,70,30.2,230.5,1.7,https://www.instagram.com/gasungbimoa/
tembbal.salimnam,X,휴면(60일+),9600,75862,57.4,184,34.1,79.5,6.5,https://www.instagram.com/tembbal.salimnam/
daily_upitem,X,폐업(100일+),9330,107491,4.7,20,19.7,117.0,0.7,https://www.instagram.com/daily_upitem/
hanyanglive,X,폐업(100일+),9122,26606,5.7,37,18.1,116.1,8.4,https://www.instagram.com/hanyanglive/
todays_items,X,휴면(60일+),8749,33562,111.3,411,15.3,65.4,6.5,https://www.instagram.com/todays_items/
appa_jangbi,X,폐업(100일+),8677,64273,18.5,155,13.1,111.2,0.6,https://www.instagram.com/appa_jangbi/
salim__touch,X,폐업(100일+),7240,15206,78.2,264,36.3,158.1,5.6,https://www.instagram.com/salim__touch/
jibeuro_home,X,폐업(100일+),7044,47018,60.2,97,32.1,125.5,6.5,https://www.instagram.com/jibeuro_home/
tem.bee77,X,폐업(100일+),6300,26486,53.1,70,42.3,129.5,7.6,https://www.instagram.com/tem.bee77/
homekkun,X,휴면(60일+),5957,41473,109.5,544,50.2,98.5,1.9,https://www.instagram.com/homekkun/
pick_3300,X,폐업(100일+),5915,16015,60.9,121,44.5,232.1,12.0,https://www.instagram.com/pick_3300/
ziptemshop,X,폐업(100일+),5913,26318,48.7,276,18.0,106.3,7.0,https://www.instagram.com/ziptemshop/
quickfixdiy,X,폐업(100일+),5795,33635,0.0,0,4.7,1101.1,0.4,https://www.instagram.com/quickfixdiy/
joara_choice,X,폐업(100일+),5266,24230,25.7,53,18.6,104.5,5.6,https://www.instagram.com/joara_choice/
bagnbuy.life,X,폐업(100일+),5193,23147,23.8,47,14.9,137.5,3.7,https://www.instagram.com/bagnbuy.life/
zoa.tem,X,폐업(100일+),5066,20761,53.8,78,35.1,160.1,7.0,https://www.instagram.com/zoa.tem/
meer.pick,X,폐업(100일+),4820,24952,17.4,113,18.4,135.9,7.6,https://www.instagram.com/meer.pick/
homegoodscenter.kr,X,폐업(100일+),4716,14062,0.5,3,4.4,263.3,0.1,https://www.instagram.com/homegoodscenter.kr/
gaemsung._.goods,X,폐업(100일+),4557,21887,114.8,307,46.8,118.5,1.4,https://www.instagram.com/gaemsung._.goods/
homevibe_tem,X,폐업(100일+),4273,17368,24.2,187,11.8,210.1,4.0,https://www.instagram.com/homevibe_tem/
yuntaek_hangirl,X,폐업(100일+),4226,13268,32.0,212,26.5,155.1,3.4,https://www.instagram.com/yuntaek_hangirl/
moosim.ko,X,폐업(100일+),4062,8616,1.8,5,13.8,249.1,6.0,https://www.instagram.com/moosim.ko/
salim_jejakso,X,폐업(100일+),3827,23637,14.7,36,9.1,166.9,4.9,https://www.instagram.com/salim_jejakso/
sosoreview1,X,폐업(100일+),3789,32667,53.6,376,29.5,130.0,0.7,https://www.instagram.com/sosoreview1/
we_life_love28,X,폐업(100일+),3682,8135,60.8,331,26.9,145.5,2.7,https://www.instagram.com/we_life_love28/
petit_deco_home,X,폐업(100일+),3536,10567,38.2,281,25.8,117.1,8.4,https://www.instagram.com/petit_deco_home/
stay_mood_home,X,폐업(100일+),3403,11538,110.5,501,37.9,109.5,4.4,https://www.instagram.com/stay_mood_home/
dahae._.bom,X,폐업(100일+),3281,9222,78.2,122,35.2,130.4,9.3,https://www.instagram.com/dahae._.bom/
sagil4949,X,폐업(100일+),3168,16664,4.1,7,17.7,181.1,2.8,https://www.instagram.com/sagil4949/
sallim.hack,X,폐업(100일+),3070,6517,27.6,44,34.3,238.0,7.0,https://www.instagram.com/sallim.hack/
home._.guide,X,휴면(60일+),2930,7035,28.2,66,13.3,64.2,6.5,https://www.instagram.com/home._.guide/
ghddudal0150,X,폐업(100일+),2898,4670,21.8,39,12.8,254.3,1.0,https://www.instagram.com/ghddudal0150/
sallim_jibsa,X,폐업(100일+),2785,5760,17.5,40,10.3,181.0,1.3,https://www.instagram.com/sallim_jibsa/
ggomggom_nammae,X,폐업(100일+),2774,9679,47.7,192,24.7,128.5,5.2,https://www.instagram.com/ggomggom_nammae/
salim_knowhow,X,폐업(100일+),2763,6328,104.4,359,37.2,142.5,8.4,https://www.instagram.com/salim_knowhow/
mommy_pickk,X,폐업(100일+),2628,11521,59.3,139,44.1,241.5,6.0,https://www.instagram.com/mommy_pickk/
jays.iei,X,폐업(100일+),2604,10054,24.1,111,8.8,129.1,1.8,https://www.instagram.com/jays.iei/
lua_sebiga,X,폐업(100일+),2571,9723,5.3,8,105.3,465.8,0.3,https://www.instagram.com/lua_sebiga/
malang.0.pick,X,폐업(100일+),2550,8214,22.2,33,20.6,130.0,8.4,https://www.instagram.com/malang.0.pick/
stayhomeitems,X,폐업(100일+),2530,4964,48.3,112,22.6,131.1,4.4,https://www.instagram.com/stayhomeitems/
bombom_pick,X,폐업(100일+),2454,6519,47.6,91,22.0,137.5,2.5,https://www.instagram.com/bombom_pick/
gogohometem,X,휴면(60일+),2447,4586,170.0,217,91.3,90.5,3.5,https://www.instagram.com/gogohometem/
sia._.home,X,폐업(100일+),2441,16217,11.7,43,15.6,105.2,0.8,https://www.instagram.com/sia._.home/
hej__home,X,폐업(100일+),2428,4462,82.5,137,43.8,138.0,7.6,https://www.instagram.com/hej__home/
nunu.tem,X,폐업(100일+),2390,4418,42.0,60,16.7,119.1,4.7,https://www.instagram.com/nunu.tem/
yoon._.storyy,X,폐업(100일+),2374,8866,45.4,69,28.2,128.5,8.4,https://www.instagram.com/yoon._.storyy/
kkomzipsa.salim,X,폐업(100일+),2307,7899,43.2,71,24.4,128.5,7.6,https://www.instagram.com/kkomzipsa.salim/
unni._.home,X,폐업(100일+),2247,14117,21.4,60,20.2,225.1,7.0,https://www.instagram.com/unni._.home/
kkultem._.go,X,폐업(100일+),2139,7612,48.6,90,32.2,113.0,3.8,https://www.instagram.com/kkultem._.go/
chachaunni11,X,폐업(100일+),2052,3473,9.8,34,14.7,229.4,7.6,https://www.instagram.com/chachaunni11/
home_kkiri,X,폐업(100일+),2027,3535,43.1,111,19.2,150.1,6.5,https://www.instagram.com/home_kkiri/
joopilpick,X,폐업(100일+),1874,7184,49.0,141,24.8,139.4,4.7,https://www.instagram.com/joopilpick/
gamdasallim,X,폐업(100일+),1852,3792,31.2,63,33.2,248.5,7.6,https://www.instagram.com/gamdasallim/
life.ggul.tem,X,휴면(60일+),1792,3763,77.5,107,39.8,98.1,7.6,https://www.instagram.com/life.ggul.tem/
ourhome._.panda,X,휴면(60일+),1693,2985,48.1,79,27.2,65.1,5.6,https://www.instagram.com/ourhome._.panda/
pickinbloom1,X,폐업(100일+),1664,5011,8.8,35,5.1,112.5,14.0,https://www.instagram.com/pickinbloom1/
todaypickpick,X,휴면(60일+),1640,8789,19.9,53,10.4,90.4,0.5,https://www.instagram.com/todaypickpick/
interior__tip,X,폐업(100일+),1622,11565,4.2,15,13.3,219.5,5.2,https://www.instagram.com/interior__tip/
sundaypick1,X,폐업(100일+),1580,6238,57.8,88,39.6,239.1,7.6,https://www.instagram.com/sundaypick1/
home.step.salim,X,폐업(100일+),1498,5605,21.8,36,13.2,127.9,6.5,https://www.instagram.com/home.step.salim/
smart_plck,X,폐업(100일+),1497,3829,3.5,13,7.8,231.1,7.0,https://www.instagram.com/smart_plck/
supertem_log,X,폐업(100일+),1425,8753,2.5,10,4.4,141.9,1.8,https://www.instagram.com/supertem_log/
homen_item,X,폐업(100일+),1347,2662,28.5,39,21.2,170.4,5.2,https://www.instagram.com/homen_item/
jjittem,X,폐업(100일+),1311,2387,5.4,27,7.0,235.5,8.4,https://www.instagram.com/jjittem/
kkomi._.tem,X,폐업(100일+),1310,3468,47.8,61,25.6,108.5,4.0,https://www.instagram.com/kkomi._.tem/
lifestyle__savvy,X,폐업(100일+),1190,3522,48.8,71,36.3,229.5,7.0,https://www.instagram.com/lifestyle__savvy/
mom_peon,X,폐업(100일+),1177,2311,14.3,48,15.8,245.1,4.2,https://www.instagram.com/mom_peon/
home.salim.kr,X,휴면(60일+),1140,2510,18.9,73,8.5,94.8,4.2,https://www.instagram.com/home.salim.kr/
insaeng_salim,X,폐업(100일+),1121,5143,6.6,13,2.9,114.5,4.2,https://www.instagram.com/insaeng_salim/
open._.mytem,X,폐업(100일+),1097,5083,45.2,92,22.5,202.5,7.6,https://www.instagram.com/open._.mytem/
feel_so_goodtem,X,폐업(100일+),1084,2172,21.9,78,6.2,115.3,6.5,https://www.instagram.com/feel_so_goodtem/
du._.rum._.ma,X,휴면(60일+),1063,2751,42.0,64,24.2,96.0,5.2,https://www.instagram.com/du._.rum._.ma/
salim._.bee,X,폐업(100일+),1058,2078,42.8,74,23.1,130.0,9.3,https://www.instagram.com/salim._.bee/
home_living_note,X,폐업(100일+),1025,2019,36.0,53,24.7,128.1,8.4,https://www.instagram.com/home_living_note/
home_grim_life,X,폐업(100일+),1004,1282,17.2,27,8.8,120.1,4.9,https://www.instagram.com/home_grim_life/
daolmarket77,X,폐업(100일+),991,1614,3.1,17,3.8,206.1,4.7,https://www.instagram.com/daolmarket77/
churai_home,X,휴면(60일+),967,2827,10.2,33,7.4,69.0,2.5,https://www.instagram.com/churai_home/
salim___corner,X,폐업(100일+),960,5145,3.5,26,3.6,121.0,4.4,https://www.instagram.com/salim___corner/
vivi.hot.tem,X,폐업(100일+),947,2394,16.2,29,25.4,240.4,0.7,https://www.instagram.com/vivi.hot.tem/
yonyon.home,X,휴면(60일+),944,2770,7.0,12,52.6,95.4,0.3,https://www.instagram.com/yonyon.home/
honey.item.pick,X,폐업(100일+),928,3515,27.6,46,21.1,220.5,6.5,https://www.instagram.com/honey.item.pick/
livingarchive7,X,휴면(60일+),908,3577,35.2,155,20.3,91.5,0.8,https://www.instagram.com/livingarchive7/
ssmart__living,X,폐업(100일+),872,2068,17.8,25,13.6,218.4,6.5,https://www.instagram.com/ssmart__living/
younge.zip,X,폐업(100일+),861,861,15.0,15,3.0,251.9,,https://www.instagram.com/younge.zip/
newmal._.pick,X,휴면(60일+),810,3129,24.2,60,13.7,86.1,1.9,https://www.instagram.com/newmal._.pick/
lighthands_works,X,휴면(60일+),809,2295,3.2,13,1.4,94.5,0.8,https://www.instagram.com/lighthands_works/
annystory99,X,폐업(100일+),798,2874,2.3,5,3.5,128.5,9.3,https://www.instagram.com/annystory99/
bbori_2026,X,폐업(100일+),793,1864,15.0,25,7.9,129.5,28.0,https://www.instagram.com/bbori_2026/
honeytip_honeytem,X,휴면(60일+),785,2247,0.5,4,1.4,92.1,3.8,https://www.instagram.com/honeytip_honeytem/
atomiccrew_mkt,X,폐업(100일+),781,3292,1.3,2,12.5,235.2,2.5,https://www.instagram.com/atomiccrew_mkt/
uaa365,X,폐업(100일+),749,1115,0.1,1,1.2,171.0,3.8,https://www.instagram.com/uaa365/
lullu_salim,X,폐업(100일+),747,2515,6.8,11,9.0,106.1,4.0,https://www.instagram.com/lullu_salim/
hooni.home,X,휴면(60일+),715,1715,37.6,59,20.2,66.1,8.4,https://www.instagram.com/hooni.home/
best_ggul_tem,X,폐업(100일+),700,1542,14.6,27,13.3,229.5,8.4,https://www.instagram.com/best_ggul_tem/
home.sweet_mood,X,폐업(100일+),685,3217,12.7,58,10.8,225.2,3.4,https://www.instagram.com/home.sweet_mood/
leezooboo0,X,폐업(100일+),599,2077,26.8,76,12.1,158.5,3.0,https://www.instagram.com/leezooboo0/
tilting_9,X,폐업(100일+),555,2563,8.5,45,12.2,222.1,2.5,https://www.instagram.com/tilting_9/
daily_pick5,X,폐업(100일+),509,753,7.1,13,5.2,107.5,7.6,https://www.instagram.com/daily_pick5/
salrim.editorh,X,폐업(100일+),497,1242,14.5,17,13.3,123.5,0.4,https://www.instagram.com/salrim.editorh/
godlife_8282,X,폐업(100일+),487,642,26.8,45,15.9,210.0,7.6,https://www.instagram.com/godlife_8282/
it_tem_ida,X,폐업(100일+),478,1127,54.2,100,28.9,174.5,7.6,https://www.instagram.com/it_tem_ida/
cooktime,X,폐업(100일+),470,1613,0.5,2,2.9,487.0,0.1,https://www.instagram.com/cooktime/
vivi_tem_01,X,폐업(100일+),452,1090,17.4,50,18.7,225.4,1.6,https://www.instagram.com/vivi_tem_01/
live_on.zip,X,폐업(100일+),450,1874,11.2,23,7.2,232.1,3.7,https://www.instagram.com/live_on.zip/
living.n.me,X,휴면(60일+),440,2091,5.8,14,5.0,87.5,4.0,https://www.instagram.com/living.n.me/
opic.kshop,X,폐업(100일+),432,2333,13.8,28,10.8,233.4,7.0,https://www.instagram.com/opic.kshop/
bori_tem,X,휴면(60일+),415,1558,8.2,17,7.0,71.0,16.8,https://www.instagram.com/bori_tem/
zipggu.item,X,폐업(100일+),413,697,40.9,51,24.1,143.4,2.4,https://www.instagram.com/zipggu.item/
going_home11,X,폐업(100일+),408,982,3.6,7,7.2,186.1,3.7,https://www.instagram.com/going_home11/
salim_otter,X,폐업(100일+),406,720,14.7,35,23.6,244.8,2.5,https://www.instagram.com/salim_otter/
home_dot787,X,폐업(100일+),404,1775,1.2,6,2.2,132.4,4.2,https://www.instagram.com/home_dot787/
goodbuy_jihea,X,폐업(100일+),391,1038,1.3,3,4.7,247.5,3.9,https://www.instagram.com/goodbuy_jihea/
templex,X,폐업(100일+),375,1532,1.0,6,22.4,1318.3,,https://www.instagram.com/templex/
baro._.now,X,폐업(100일+),370,576,7.3,19,27.5,244.5,1.5,https://www.instagram.com/baro._.now/
days_mompick,X,폐업(100일+),368,691,30.8,41,3.0,104.0,5.2,https://www.instagram.com/days_mompick/
lim_salim1020,X,폐업(100일+),368,659,1.0,2,2.5,310.8,0.1,https://www.instagram.com/lim_salim1020/
home.living.log,X,휴면(60일+),348,721,22.1,54,12.2,66.5,1.9,https://www.instagram.com/home.living.log/
family.pick,X,폐업(100일+),327,846,32.2,94,18.8,233.5,8.4,https://www.instagram.com/family.pick/
today_tem.note,X,폐업(100일+),278,278,11.0,11,31.0,267.1,,https://www.instagram.com/today_tem.note/
home_pick_guide,X,휴면(60일+),268,391,23.4,37,13.2,80.5,3.7,https://www.instagram.com/home_pick_guide/
onair_myspace,X,폐업(100일+),267,382,5.8,15,3.2,137.5,2.0,https://www.instagram.com/onair_myspace/
mongya220,X,폐업(100일+),242,336,1.2,6,33.8,244.9,1.6,https://www.instagram.com/mongya220/
home_edition1,X,폐업(100일+),230,435,3.5,19,2.2,120.3,7.0,https://www.instagram.com/home_edition1/
muk_hyonini,X,폐업(100일+),225,435,7.0,20,27.3,252.1,1.5,https://www.instagram.com/muk_hyonini/
ggultem_ida,X,폐업(100일+),215,215,9.0,9,5.0,237.7,,https://www.instagram.com/ggultem_ida/
salim_kkuna,X,휴면(60일+),205,1131,0.5,1,1.0,83.3,2.2,https://www.instagram.com/salim_kkuna/
bungu,X,폐업(100일+),197,197,0.0,0,3.0,103.9,,https://www.instagram.com/bungu/
salimgongsik,X,폐업(100일+),179,226,2.8,5,5.1,171.0,4.7,https://www.instagram.com/salimgongsik/
cozynest_shop,X,폐업(100일+),169,325,0.0,0,2.0,2051.1,,https://www.instagram.com/cozynest_shop/
semojoa1,X,폐업(100일+),146,181,0.0,0,2.3,151.4,1.6,https://www.instagram.com/semojoa1/
joyful_mom_picks,X,폐업(100일+),145,177,0.6,4,1.4,245.1,7.6,https://www.instagram.com/joyful_mom_picks/
tem_cokcok,X,폐업(100일+),136,350,3.0,8,6.6,230.2,2.3,https://www.instagram.com/tem_cokcok/
