video_id,url,channel_id,channel_name,title,views,comments,upload_ts,first_seen,last_seen,category,style,channel_subs,style_set_at
hwgeNcI8vP4,https://www.youtube.com/watch?v=hwgeNcI8vP4,ucmo2rfye0ljbv_m4e5mhz0w,꿀템탐구소,한국 천재가 만들어 감동한 발명품,4304825,908,2026-09-02T13:16:03.000270+00:00,2026-09-14T23:10:03.036703+00:00,2026-09-16T05:10:03.000270+00:00,제품정체형,썰쇼핑,4300,2026-09-14 07:04:05
jt0w9whSBZk,https://www.youtube.com/watch?v=jt0w9whSBZk,ucvq26myeojatrmce0pm0qsq,먹킷리스트,집에 있는 옛날 동전에 '이 숫자'가 박혀 있기만 해도 가치가 800만 원이라네요. 희귀동전 구별하는 꿀팁을 소개합니다.,2528966,1022,2026-09-04T09:58:03.000270+00:00,2026-09-09T23:10:01.358608+00:00,2026-09-16T05:10:03.000270+00:00,기타,썰쇼핑,89600,2026-09-09 07:08:49
5v1dk0wF50I,https://www.youtube.com/watch?v=5v1dk0wF50I,ucjbxdaaibb0uk1zdepjja6w,쇼핑천재,역발상으로 돈방석앉은 육아천재의 발명품,1772569,157,2026-09-01T01:10:03.036703+00:00,2026-09-04T23:10:02.346310+00:00,2026-09-14T23:10:03.036703+00:00,제품정체형,썰쇼핑,40600,2026-09-09 07:08:49
ZkwtNGTL3hQ,https://www.youtube.com/watch?v=ZkwtNGTL3hQ,uc9cpf1vjxwkndwy1jvvdzvw,쇼핑남자,써보면 반한다는 천재의 발명품,1600505,290,2026-09-06T06:28:03.000270+00:00,2026-09-06T23:10:01.282766+00:00,2026-09-16T05:10:03.000270+00:00,제품정체형,썰쇼핑,6370,2026-09-09 07:08:49
Y0vFadxKCvM,https://www.youtube.com/watch?v=Y0vFadxKCvM,uc0do9ivmcduowrrnlcg94hw,꿀템줍줍,"반찬통 뚜껑, 씻고 바로 닫지 마세요😳",1558492,92,2026-09-03T12:58:03.000270+00:00,2026-09-04T23:10:02.346310+00:00,2026-09-16T05:10:03.000270+00:00,제품정체형,썰쇼핑,44400,2026-09-09 02:35:38
t-xMApVctB0,https://www.youtube.com/watch?v=t-xMApVctB0,ucl12scb2y7j-kx0_ghaf-xq,썰풀다,100년 동안 아무도 못 연 할머니의 비밀 상자 열어봄#빈티지화장품 #1930s #레트로감성,1356205,163,2026-09-01T02:46:03.036703+00:00,2026-09-04T23:10:02.346310+00:00,2026-09-14T23:10:03.036703+00:00,제품정체형,썰쇼핑,0,2026-08-19 05:56:25
OyseGsctVwg,https://www.youtube.com/watch?v=OyseGsctVwg,uclecy6ihcjwmcbjhiz2-ctg,이븐쇼핑,한국 천재가 특허내 돈방석 앉은 제품,1101222,71,2026-09-01T11:34:02.238212+00:00,2026-09-04T23:10:02.346310+00:00,2026-09-15T05:10:02.238212+00:00,제품정체형,썰쇼핑,28300,2026-09-09 07:08:49
mK1DRvaaUts,https://www.youtube.com/watch?v=mK1DRvaaUts,uc_hbvja6hxd4v2y0duybvuq,참좋은 도구들,제조사도 당황한 의외의 사용자 #젤펜#왼손잡이펜 #문구추천,1020651,100,2026-09-03T08:16:03.000270+00:00,2026-09-04T23:10:02.346310+00:00,2026-09-16T05:10:03.000270+00:00,제품정체형,썰쇼핑,1830,2026-09-09 07:08:49
_86REXAjv0U,https://www.youtube.com/watch?v=_86REXAjv0U,uclecy6ihcjwmcbjhiz2-ctg,이븐쇼핑,영혼까지 빨아 마시는 한국 천재의 발명품,958451,84,2026-08-24T13:58:01.282766+00:00,2026-09-04T23:10:02.346310+00:00,2026-09-06T23:10:01.282766+00:00,제품정체형,썰쇼핑,28300,2026-09-09 07:08:49
gf25fMSZHO4,https://www.youtube.com/watch?v=gf25fMSZHO4,uclecy6ihcjwmcbjhiz2-ctg,이븐쇼핑,한국 천재가 만들어 돈방석 앉은 제품,957802,55,,2026-09-04T23:10:02.346310+00:00,2026-09-04T23:10:02.346310+00:00,제품정체형,썰쇼핑,28300,2026-09-09 07:08:49
UUEiWg7oijM,https://www.youtube.com/watch?v=UUEiWg7oijM,ucwomfgpbfxbehvdxb9j7rsa,살림템바이,2만명이 저장한 이케아 행주 활용법 |꿀팁|이케아 추천템|주방템,950031,61,2026-08-29T09:58:02.660921+00:00,2026-09-04T23:10:02.346310+00:00,2026-09-12T05:10:02.660921+00:00,홈템,썰쇼핑,1090,2026-09-09 07:08:49
EykE8gyjFYw,https://www.youtube.com/watch?v=EykE8gyjFYw,ucbyo4sbywz2owv1u309owmq,젤다바라,결국 나와버린 리메이크 가불기,923611,177,2026-09-09T04:58:03.000270+00:00,2026-09-09T05:10:02.542305+00:00,2026-09-16T05:10:03.000270+00:00,기타,썰쇼핑,78800,2026-09-09 07:08:49
-cDiMofZWyo,https://www.youtube.com/watch?v=-cDiMofZWyo,ucl12scb2y7j-kx0_ghaf-xq,썰풀다,파스타 면 태워먹던 요린이의 삶을 바꾼 미친 아이템#파스타쿠커 #자취요리 #주방꿀템,866605,123,2026-08-23T05:10:01.374377+00:00,2026-09-04T23:10:02.346310+00:00,2026-09-05T23:10:01.374377+00:00,홈템,썰쇼핑,0,2026-08-19 05:56:25
9mtUoCs0tGM,https://www.youtube.com/watch?v=9mtUoCs0tGM,uclecy6ihcjwmcbjhiz2-ctg,이븐쇼핑,다이소도 예상 못한 천재 주부의 활용법,865922,56,2026-08-26T12:16:02.542305+00:00,2026-09-04T23:10:02.346310+00:00,2026-09-09T05:10:02.542305+00:00,오용형,썰쇼핑,28300,2026-09-09 07:08:49
CRDgWgy4PA4,https://www.youtube.com/watch?v=CRDgWgy4PA4,ucl12scb2y7j-kx0_ghaf-xq,썰풀다,칼로 식빵 썰다 빡친 빵순이가 만든 미친 주방템#빵슬라이서 #주방꿀템 #홈베이킹 #식빵소분,828773,74,,2026-09-04T23:10:02.346310+00:00,2026-09-04T23:10:02.346310+00:00,홈템,썰쇼핑,0,2026-08-19 05:56:25
Ii5dt0E3qD8,https://www.youtube.com/watch?v=Ii5dt0E3qD8,uclfbmumxshw-8ylwcgp-w3w,Gcar지카,시뻘건 쇳덩이를 꽈배기처럼 비틀었더니?! 천만 명이 경악한 단조 작업,762391,10,2026-09-07T06:28:03.000270+00:00,2026-09-07T23:10:02.851021+00:00,2026-09-16T05:10:03.000270+00:00,기타,썰쇼핑,75100,2026-09-09 02:35:38
g2BHj0sB7pk,https://www.youtube.com/watch?v=g2BHj0sB7pk,uco5envmkrcuynv6jubsd_7g,긍정템,점심값 박살내버린 한국 천재 발명품,759728,127,2026-08-24T01:28:01.282766+00:00,2026-09-04T23:10:02.346310+00:00,2026-09-06T23:10:01.282766+00:00,제품정체형,썰쇼핑,3660,2026-09-09 07:08:49
9OslEZJs_is,https://www.youtube.com/watch?v=9OslEZJs_is,ucbfu04us6bv9ofcwrjdxdmg,살림킹왕짱,다이소도 예상 못한 미친 사용법 #다용도걸이,689888,54,2026-08-29T00:52:02.319689+00:00,2026-09-04T23:10:02.346310+00:00,2026-09-11T23:10:02.319689+00:00,오용형,썰쇼핑,14600,2026-09-09 07:08:49
zOVaGcGvbgA,https://www.youtube.com/watch?v=zOVaGcGvbgA,uclecy6ihcjwmcbjhiz2-ctg,이븐쇼핑,이탈리아를 정복해버린 한국 천재의 발명품,656205,117,,2026-09-04T23:10:02.346310+00:00,2026-09-05T04:42:28.257041+00:00,제품정체형,썰쇼핑,28300,2026-09-09 07:08:49
L28p6bpcgnw,https://www.youtube.com/watch?v=L28p6bpcgnw,ucmbeuonh4nls9qryeeue_gg,쓸모있어,다이소에서 꼭 사야 할 BEST 😍,655449,46,2026-09-09T09:58:03.000270+00:00,2026-09-09T23:10:01.358608+00:00,2026-09-16T05:10:03.000270+00:00,홈템,썰쇼핑,1240,2026-09-09 07:08:49
Est1lZgho9o,https://www.youtube.com/watch?v=Est1lZgho9o,uccb3vyyx4jqhx5x6grrt_la,도토리에이드,집안일이 귀찮았던 천재가 개발해 대박난 제품?,654623,48,2026-09-05T22:28:03.000270+00:00,2026-09-14T23:10:03.036703+00:00,2026-09-16T05:10:03.000270+00:00,제품정체형,썰쇼핑,2090,2026-09-14 07:04:05
oFfS_HcJzgg,https://www.youtube.com/watch?v=oFfS_HcJzgg,uclecy6ihcjwmcbjhiz2-ctg,이븐쇼핑,미국 천재가 만들어 떼돈 번 제품의 정체,646683,98,2026-08-29T01:58:02.319689+00:00,2026-09-04T23:10:02.346310+00:00,2026-09-11T23:10:02.319689+00:00,제품정체형,썰쇼핑,28300,2026-09-09 07:08:49
-pWrm2DhOhs,https://www.youtube.com/watch?v=-pWrm2DhOhs,uc8wcwts4chdpce-nzqpm04a,인생갓템,따라만들어 초대박쳐버린 제품,642249,33,,2026-09-04T23:10:02.346310+00:00,2026-09-05T04:42:28.257041+00:00,기타,썰쇼핑,30700,2026-09-09 07:08:49
Ielb4AVTKck,https://www.youtube.com/watch?v=Ielb4AVTKck,ucfaekcmnuys14pviokatqrg,형님여기,일본 천재가 만들어 떼돈 번 제품의 정체,605450,40,2026-08-28T07:28:02.666924+00:00,2026-09-04T23:10:02.346310+00:00,2026-09-11T05:10:02.666924+00:00,제품정체형,썰쇼핑,11300,2026-09-09 07:08:49
PxLN3EJEt64,https://www.youtube.com/watch?v=PxLN3EJEt64,ucqrltjou9wttstlwiem2lma,왜 팔릴까,아들이 만들어 세상을 바꾼 발명품,584126,258,2026-08-25T11:22:24.676804+00:00,2026-09-04T23:10:02.346310+00:00,2026-09-08T11:10:24.676804+00:00,제품정체형,썰쇼핑,1720,2026-09-09 07:08:49
6KlP1xkSKnE,https://www.youtube.com/watch?v=6KlP1xkSKnE,ucl12scb2y7j-kx0_ghaf-xq,썰풀다,삼성 본사 멘붕 터진 애플의 7년 만의 미친 반격#아이폰폴드 #아이폰울트라 #갤럭시Z폴드8 #접히는아이폰 #테크쇼츠,580589,766,2026-08-29T04:52:02.666924+00:00,2026-09-04T23:10:02.346310+00:00,2026-09-11T05:10:02.666924+00:00,제품정체형,썰쇼핑,0,2026-08-19 05:56:25
Is1bwCs2nmE,https://www.youtube.com/watch?v=Is1bwCs2nmE,ucjbxdaaibb0uk1zdepjja6w,쇼핑천재,미국부모들 육퇴를 앞당겼다는 통잠인형의 비밀,555789,75,2026-09-04T01:34:03.000270+00:00,2026-09-04T23:10:02.346310+00:00,2026-09-16T05:10:03.000270+00:00,제품정체형,썰쇼핑,40600,2026-09-09 07:08:49
Rn5Q9GJK6A0,https://www.youtube.com/watch?v=Rn5Q9GJK6A0,ucf_di4heihyo_ghbpg-0yxa,공가미,종이 대신 커피를 넣는 천재적인 발명품ㄷㄷㄷ,527555,54,2026-09-11T10:46:03.000270+00:00,2026-09-11T23:10:02.319689+00:00,2026-09-16T05:10:03.000270+00:00,제품정체형,썰쇼핑,8070,2026-09-09 07:08:49
ay2iZUrBz0A,https://www.youtube.com/watch?v=ay2iZUrBz0A,uccb3vyyx4jqhx5x6grrt_la,도토리에이드,다이소도 놀라버린 찬재 주부의 활용법,514074,18,2026-09-03T10:10:03.000270+00:00,2026-09-06T23:10:01.282766+00:00,2026-09-16T05:10:03.000270+00:00,오용형,썰쇼핑,2090,2026-09-14 07:04:05
2QbyrPcLIf4,https://www.youtube.com/watch?v=2QbyrPcLIf4,ucgfkcrlj5kbiw01hdol2e6g,K파민,백반집에서 혼밥하는 외국인에게 명함 건넨 노신사분의 상상도 못한 정체는?,512574,40,2026-09-05T00:58:03.000270+00:00,2026-09-14T23:10:03.036703+00:00,2026-09-16T05:10:03.000270+00:00,제품정체형,썰쇼핑,446,2026-09-14 07:04:05
rQaMYIZSf1c,https://www.youtube.com/watch?v=rQaMYIZSf1c,uclfbmumxshw-8ylwcgp-w3w,Gcar지카,사과 껍질처럼 쓱? 전봇대 전선 3초 만에 벗기는 마법의 공구 ㄷㄷ,511143,39,2026-08-27T06:46:01.358608+00:00,2026-09-04T23:10:02.346310+00:00,2026-09-09T23:10:01.358608+00:00,장비템,썰쇼핑,75100,2026-09-09 02:35:38
ieg-4Eaz46U,https://www.youtube.com/watch?v=ieg-4Eaz46U,ucacjyzv8sszopdmi_punhyw,느좋스냅,델몬트빈병 수집 노린 한국천재의 미친 기획력 #짧은영상 #유머,505538,244,2026-08-29T13:28:02.660921+00:00,2026-09-08T11:10:24.676804+00:00,2026-09-12T05:10:02.660921+00:00,제품정체형,썰쇼핑,42300,2026-09-09 07:08:49
zZZsiLyTekQ,https://www.youtube.com/watch?v=zZZsiLyTekQ,uclecy6ihcjwmcbjhiz2-ctg,이븐쇼핑,캠핑 업계를 뒤집은 한국 천재의 발명품,476653,99,2026-09-06T01:58:03.000270+00:00,2026-09-06T23:10:01.282766+00:00,2026-09-16T05:10:03.000270+00:00,제품정체형,썰쇼핑,28300,2026-09-09 07:08:49
cxFKMUYol6k,https://www.youtube.com/watch?v=cxFKMUYol6k,ucjh0lkgxay9d_hvefiajuwg,와우냥,또 한번 사고쳤다는 다이소ㄷㄷ,474936,36,2026-08-23T07:58:01.374377+00:00,2026-09-04T23:10:02.346310+00:00,2026-09-05T23:10:01.374377+00:00,홈템,썰쇼핑,1340,2026-09-09 07:08:49
v8-lPGv_pWY,https://www.youtube.com/watch?v=v8-lPGv_pWY,uclecy6ihcjwmcbjhiz2-ctg,이븐쇼핑,한국 천재가 만들어 떼돈 번 제품의 정체,473591,29,2026-08-31T11:40:02.569334+00:00,2026-09-04T23:10:02.346310+00:00,2026-09-14T05:10:02.569334+00:00,제품정체형,썰쇼핑,28300,2026-09-09 07:08:49
6euxRJUPXZA,https://www.youtube.com/watch?v=6euxRJUPXZA,ucbyo4sbywz2owv1u309owmq,젤다바라,요정은 최대 몇 개까지 가능?,463146,126,2026-09-03T08:28:03.000270+00:00,2026-09-08T12:30:44.178691+00:00,2026-09-16T05:10:03.000270+00:00,기타,썰쇼핑,78800,2026-09-09 07:08:49
WE96xHv_dFE,https://www.youtube.com/watch?v=WE96xHv_dFE,ucyyk7iodeqyylbdltmc2z_g,쇼츠왕,99%가 처음 본다는 &#39;액체 대리석&#39;의 비밀 (진짜 붓기만 하면 끝) 😲,439457,27,2026-08-30T12:48:44.178691+00:00,2026-09-06T23:10:01.282766+00:00,2026-09-08T12:30:44.178691+00:00,제품정체형,썰쇼핑,79900,2026-09-09 02:35:38
rc6woSkQ9cw,https://www.youtube.com/watch?v=rc6woSkQ9cw,uc5vyr2cff4364oi5l6cwrja,숏핑,삼성도 당황한 천재 주부 발명품,436791,1,2026-08-28T08:40:02.666924+00:00,2026-09-04T23:10:02.346310+00:00,2026-09-11T05:10:02.666924+00:00,제품정체형,썰쇼핑,39900,2026-09-09 07:08:49
DNwbDqBT9UU,https://www.youtube.com/watch?v=DNwbDqBT9UU,uc-qj4zhvdxc0f-m8quxl-fw,귤템,다이소에 절대 없는 미국 천재 발명품,430988,60,2026-09-01T07:28:02.238212+00:00,2026-09-08T11:10:24.676804+00:00,2026-09-15T05:10:02.238212+00:00,제품정체형,썰쇼핑,4880,2026-09-09 07:08:49
D1ExJpuDoGk,https://www.youtube.com/watch?v=D1ExJpuDoGk,uclfbmumxshw-8ylwcgp-w3w,Gcar지카,두꺼운 쇳덩어리를 두부처럼 썰어버리는 소름 돋는 절단 기술,406790,7,2026-09-10T15:34:03.000270+00:00,2026-09-11T02:10:02.367900+00:00,2026-09-16T05:10:03.000270+00:00,기타,썰쇼핑,75100,2026-09-09 02:35:38
bQ7IDcJwAFE,https://www.youtube.com/watch?v=bQ7IDcJwAFE,ucjbxdaaibb0uk1zdepjja6w,쇼핑천재,개발자도 예상못한 육아천재의 활용법,402758,32,2026-09-08T03:10:03.000270+00:00,2026-09-08T10:27:51.412064+00:00,2026-09-16T05:10:03.000270+00:00,오용형,썰쇼핑,40600,2026-09-09 07:08:49
sOGg5ySFBDo,https://www.youtube.com/watch?v=sOGg5ySFBDo,ucl12scb2y7j-kx0_ghaf-xq,썰풀다,수천억 이혼 소송 후 베트남 커피 여왕이 작정하고 만든 인생 스틱 커피#킹커피 #인스턴트커피 #베트남커피 #아이스라떼 #홈카페추천,399139,53,,2026-09-04T23:10:02.346310+00:00,2026-09-05T04:42:28.257041+00:00,기타,썰쇼핑,0,2026-08-19 05:56:25
NZW7B3I7gt0,https://www.youtube.com/watch?v=NZW7B3I7gt0,uctd1t12z1qtvalhdd728tsg,우디홈템,다이소에서 이거 보이면 무조건 집어오세요,391769,12,2026-08-25T23:00:44.178691+00:00,2026-09-04T23:10:02.346310+00:00,2026-09-08T12:30:44.178691+00:00,홈템,썰쇼핑,3700,2026-09-09 07:08:49
ntEPcF4o-sI,https://www.youtube.com/watch?v=ntEPcF4o-sI,ucamzjidsn-e1fi_kpveqt_q,순삭킥,열심히 준비했는데 예상치 못한 반전으로 끝난 상황 #트랩 #야생동물 #실험 #자연 #꿀잼,389789,22,2026-09-02T04:28:03.157352+00:00,2026-09-14T23:10:03.036703+00:00,2026-09-15T23:10:03.157352+00:00,제품정체형,썰쇼핑,8870,2026-09-14 07:06:10
bOJShaXzw-Q,https://www.youtube.com/watch?v=bOJShaXzw-Q,ucgfkcrlj5kbiw01hdol2e6g,K파민,김치 찢어 먹는 외국인 보고 밥먹던 한국인들이 난리난 진짜 이유,376199,34,2026-09-02T15:40:03.000270+00:00,2026-09-14T23:10:03.036703+00:00,2026-09-16T05:10:03.000270+00:00,제품정체형,썰쇼핑,446,2026-09-14 07:04:05
ejTb4zv1YqM,https://www.youtube.com/watch?v=ejTb4zv1YqM,ucipqot8sknih3msbu2b7ahw,트렌드헌터,진짜 외계인 납치한 거 아니냐는 삼성의 AI 신기술,375995,16,2026-09-01T10:10:02.238212+00:00,2026-09-14T23:10:03.036703+00:00,2026-09-15T05:10:02.238212+00:00,홈템,썰쇼핑,1350,2026-09-14 07:04:05
C9uh0lslkDE,https://www.youtube.com/watch?v=C9uh0lslkDE,ucbyo4sbywz2owv1u309owmq,젤다바라,시간의 오카리나 각 나라별 특전,369133,131,2026-09-13T09:10:03.000270+00:00,2026-09-13T23:10:02.300105+00:00,2026-09-16T05:10:03.000270+00:00,기타,썰쇼핑,78800,2026-09-09 07:08:49
HE7yo0cdWb8,https://www.youtube.com/watch?v=HE7yo0cdWb8,uci7bltdlfsal3bodxjkalqw,수미네집,다이소 가면 이거 무조건 10개 사세요,356431,18,2026-08-29T12:04:02.660921+00:00,2026-09-04T23:10:02.346310+00:00,2026-09-12T05:10:02.660921+00:00,홈템,썰쇼핑,6030,2026-09-09 07:08:49
-XAiwXVuRmY,https://www.youtube.com/watch?v=-XAiwXVuRmY,ucao4qhqpclzsrbrdsrrfryw,짤컷,"드디어 한국에 온 치폴레, 주문 꿀팁 공개",354133,166,2026-09-04T08:28:03.000270+00:00,2026-09-15T23:10:03.157352+00:00,2026-09-16T05:10:03.000270+00:00,기타,썰쇼핑,2130000,2026-09-09 02:35:38
S6eZtXj3UkQ,https://www.youtube.com/watch?v=S6eZtXj3UkQ,ucjbxdaaibb0uk1zdepjja6w,쇼핑천재,한국에선 창피해하는데 해외에선 극찬하는 한국물건?,342994,262,2026-09-07T04:10:03.000270+00:00,2026-09-07T23:10:02.851021+00:00,2026-09-16T05:10:03.000270+00:00,제품정체형,썰쇼핑,40600,2026-09-09 07:08:49
f7dtf8bg98E,https://www.youtube.com/watch?v=f7dtf8bg98E,ucigtymqr64yuejp8swuysog,일단담자,미국 천재가 만들어 돈방석에 앉은 인테리어 제품 정체,337743,18,2026-09-06T09:28:03.000270+00:00,2026-09-14T23:10:03.036703+00:00,2026-09-16T05:10:03.000270+00:00,제품정체형,썰쇼핑,1240,2026-09-14 07:06:10
1IodTJPQ1p4,https://www.youtube.com/watch?v=1IodTJPQ1p4,ucmbeuonh4nls9qryeeue_gg,쓸모있어,주방 인테리어 BEST 꿀템,335741,17,2026-09-07T11:58:03.000270+00:00,2026-09-08T11:10:24.676804+00:00,2026-09-16T05:10:03.000270+00:00,홈템,썰쇼핑,1240,2026-09-09 07:08:49
Q9ew-w37sYg,https://www.youtube.com/watch?v=Q9ew-w37sYg,ucyqinyt44mk8u06nlz5n2-g,갓성비스토리,한국 코스트코가 어이없어한 이유?,335101,25,2026-08-31T02:16:02.300105+00:00,2026-09-08T12:30:44.178691+00:00,2026-09-13T23:10:02.300105+00:00,기타,썰쇼핑,10300,2026-09-09 07:08:49
qE0e9122gmM,https://www.youtube.com/watch?v=qE0e9122gmM,ucbyo4sbywz2owv1u309owmq,젤다바라,저주받은 말,333390,85,2026-08-28T09:52:02.666924+00:00,2026-09-08T12:30:44.178691+00:00,2026-09-11T05:10:02.666924+00:00,기타,썰쇼핑,78800,2026-09-09 07:08:49
ytVVySOVzHU,https://www.youtube.com/watch?v=ytVVySOVzHU,ucbyo4sbywz2owv1u309owmq,젤다바라,비오는 타이밍 레전드,333288,45,2026-09-08T10:16:03.000270+00:00,2026-09-08T12:30:44.178691+00:00,2026-09-16T05:10:03.000270+00:00,기타,썰쇼핑,78800,2026-09-09 07:08:49
yDSv96ANbqA,https://www.youtube.com/watch?v=yDSv96ANbqA,ucbyo4sbywz2owv1u309owmq,젤다바라,조라 왕족 이름에 숨겨진 비밀,326887,76,2026-09-07T09:58:03.000270+00:00,2026-09-08T12:30:44.178691+00:00,2026-09-16T05:10:03.000270+00:00,기타,썰쇼핑,78800,2026-09-09 07:08:49
54TFAHK-cjg,https://www.youtube.com/watch?v=54TFAHK-cjg,ucgfkcrlj5kbiw01hdol2e6g,K파민,김치찌개 하나 시켰을 뿐인데 혼밥하던 외국인이 눈물 쏟을 뻔한 진짜 이유,318505,14,2026-09-03T13:34:03.000270+00:00,2026-09-14T23:10:03.036703+00:00,2026-09-16T05:10:03.000270+00:00,제품정체형,썰쇼핑,446,2026-09-14 07:04:05
Njagqjqv9bE,https://www.youtube.com/watch?v=Njagqjqv9bE,ucxeyhz8xitvlxhdduxy6zca,리뷰남 ,찢어진 노트를 되살려준다는 일본 문구의 아이디어,311713,41,2026-08-28T04:52:02.367900+00:00,2026-09-04T23:10:02.346310+00:00,2026-09-11T02:10:02.367900+00:00,제품정체형,썰쇼핑,16100,2026-09-09 07:08:49
DoP1WpUE-3A,https://www.youtube.com/watch?v=DoP1WpUE-3A,uc8wcwts4chdpce-nzqpm04a,인생갓템,드디어 밝혀졌다는 소름돋는 템ㄷㄷ,309004,77,2026-08-29T00:40:02.319689+00:00,2026-09-04T23:10:02.346310+00:00,2026-09-11T23:10:02.319689+00:00,기타,썰쇼핑,30700,2026-09-09 07:08:49
ytExsWyc0Lo,https://www.youtube.com/watch?v=ytExsWyc0Lo,ucxfcgk6imynzbexyly8mhiq,코어장바구니,결국 팀킬해버린 팔도 비빔면,301912,41,2026-08-23T07:28:01.374377+00:00,2026-09-04T23:10:02.346310+00:00,2026-09-05T23:10:01.374377+00:00,기타,썰쇼핑,8610,2026-09-09 07:08:49
8f-TY-fKRXk,https://www.youtube.com/watch?v=8f-TY-fKRXk,ucbyo4sbywz2owv1u309owmq,젤다바라,사토리산에 숨겨진 비밀,297746,105,2026-09-05T05:28:03.000270+00:00,2026-09-08T12:30:44.178691+00:00,2026-09-16T05:10:03.000270+00:00,기타,썰쇼핑,78800,2026-09-09 07:08:49
iUbCvM0kEtg,https://www.youtube.com/watch?v=iUbCvM0kEtg,ucjiyb-pm9ltdsk4a4yw7oia,마미마루,어린이가 어른이가 될 때까지 #아기침대,296503,171,2026-09-09T02:34:03.000270+00:00,2026-09-09T04:37:54.503187+00:00,2026-09-16T05:10:03.000270+00:00,기타,썰쇼핑,507,2026-09-09 07:08:49
tjhKrXqsTGI,https://www.youtube.com/watch?v=tjhKrXqsTGI,ucmeifnqi1f99moxyzgcrp2q,발견상자,한국 천재가 특허내 돈방석 앉은 제품,295893,83,2026-09-15T06:22:03.000270+00:00,2026-09-15T23:10:03.157352+00:00,2026-09-16T05:10:03.000270+00:00,제품정체형,썰쇼핑,1080,2026-09-09 07:08:49
ATOA0WI8h8M,https://www.youtube.com/watch?v=ATOA0WI8h8M,uckpphyi5ul6uw-axomcfmia,뽀터언니,제조사도 당황한 프로주부의 활용법,288599,16,2026-09-05T02:28:03.000270+00:00,2026-09-05T04:42:28.257041+00:00,2026-09-16T05:10:03.000270+00:00,오용형,썰쇼핑,1350,2026-09-09 07:08:49
_gsot6TByOg,https://www.youtube.com/watch?v=_gsot6TByOg,ucao4qhqpclzsrbrdsrrfryw,짤컷,다이소에서 아무거나 사면 후회합니다,277930,39,2026-09-08T07:58:03.000270+00:00,2026-09-15T23:10:03.157352+00:00,2026-09-16T05:10:03.000270+00:00,홈템,썰쇼핑,2130000,2026-09-09 02:35:38
fn3qE6tvIbU,https://www.youtube.com/watch?v=fn3qE6tvIbU,uc8wcwts4chdpce-nzqpm04a,인생갓템,이상한 가방만들어 초대박친 혼다,272897,81,2026-09-04T14:16:03.000270+00:00,2026-09-04T23:10:02.346310+00:00,2026-09-16T05:10:03.000270+00:00,제품정체형,썰쇼핑,30700,2026-09-09 07:08:49
2n_RC8s6hRo,https://www.youtube.com/watch?v=2n_RC8s6hRo,ucbyo4sbywz2owv1u309owmq,젤다바라,별의 커비 신작인데 젤다로 착각함(?),262277,181,2026-09-11T10:28:03.000270+00:00,2026-09-11T23:10:02.319689+00:00,2026-09-16T05:10:03.000270+00:00,기타,썰쇼핑,78800,2026-09-09 07:08:49
VDr9P33B1mw,https://www.youtube.com/watch?v=VDr9P33B1mw,ucxeyhz8xitvlxhdduxy6zca,리뷰남 ,세계 커피박람회에서 기립박수 받은 일본 천재의 발명품,261270,118,2026-09-09T04:34:03.000270+00:00,2026-09-09T04:37:54.503187+00:00,2026-09-16T05:10:03.000270+00:00,제품정체형,썰쇼핑,16100,2026-09-09 07:08:49
UyGAhHrhvhg,https://www.youtube.com/watch?v=UyGAhHrhvhg,uckpphyi5ul6uw-axomcfmia,뽀터언니,일본도 예상못한 한국인의 착각,260617,65,2026-09-04T10:28:03.000270+00:00,2026-09-04T23:10:02.346310+00:00,2026-09-16T05:10:03.000270+00:00,제품정체형,썰쇼핑,1350,2026-09-09 07:08:49
e58U8UebarA,https://www.youtube.com/watch?v=e58U8UebarA,ucjcbuxcvr7fojmnvzw3haua,상자쿤,20년 동안 짝퉁도 못 만든 미국의 특허 발명품ㄷㄷㄷ,255372,29,2026-08-30T09:46:02.819135+00:00,2026-09-08T11:10:24.676804+00:00,2026-09-13T05:10:02.819135+00:00,기타,썰쇼핑,5860,2026-09-09 07:08:49
wjxKpO2boIc,https://www.youtube.com/watch?v=wjxKpO2boIc,ucxunuiivb1w3mchfbrzxy-a,도파민모음집,팔이 채찍처럼 휘어지는 야마모토 미친 투구 폼 ㄷㄷ #야구,250767,24,2026-09-09T05:58:03.000270+00:00,2026-09-14T23:10:03.036703+00:00,2026-09-16T05:10:03.000270+00:00,기타,썰쇼핑,78600,2026-09-14 07:04:05
wRnynmZ7fbs,https://www.youtube.com/watch?v=wRnynmZ7fbs,uc5vyr2cff4364oi5l6cwrja,숏핑,의사가 만들어 떼돈 번 제품 정체,238573,29,,2026-09-04T23:10:02.346310+00:00,2026-09-04T23:10:02.346310+00:00,제품정체형,썰쇼핑,39900,2026-09-09 07:08:49
keSq-iDHRfE,https://www.youtube.com/watch?v=keSq-iDHRfE,uclfbmumxshw-8ylwcgp-w3w,Gcar지카,수억 원대 기계가 두꺼운 철골을 두부처럼 써는 마법 😲,238542,6,2026-09-06T06:28:03.000270+00:00,2026-09-06T23:10:01.282766+00:00,2026-09-16T05:10:03.000270+00:00,기타,썰쇼핑,75100,2026-09-09 02:35:38
InWRhs_a0Uc,https://www.youtube.com/watch?v=InWRhs_a0Uc,ucm_du1kofq8nxfvmtm0xx2w,로디홈,뒤집었더니 대박난 이케아 미니 서랍장,235678,13,2026-09-10T16:40:03.000270+00:00,2026-09-11T02:10:02.367900+00:00,2026-09-16T05:10:03.000270+00:00,홈템,썰쇼핑,5990,2026-09-09 07:08:49
g-KyqOT4aTI,https://www.youtube.com/watch?v=g-KyqOT4aTI,ucf_di4heihyo_ghbpg-0yxa,공가미,주차장 보고 만들었다는 일본 천재의 아이디어,235257,13,,2026-09-04T23:10:02.346310+00:00,2026-09-05T04:42:28.257041+00:00,기타,썰쇼핑,8070,2026-09-09 07:08:49
yjEyYZxhuMs,https://www.youtube.com/watch?v=yjEyYZxhuMs,uc_hbvja6hxd4v2y0duybvuq,참좋은 도구들,제조사도 예상못한 천재활용법 #목공연필#문구추천,234855,17,2026-09-09T08:16:03.000270+00:00,2026-09-09T23:10:01.358608+00:00,2026-09-16T05:10:03.000270+00:00,오용형,썰쇼핑,1830,2026-09-09 07:08:49
Y1o5VWbJfeQ,https://www.youtube.com/watch?v=Y1o5VWbJfeQ,ucyqinyt44mk8u06nlz5n2-g,갓성비스토리,코스트코가 개빡쳐버린 이유?,230300,58,2026-09-09T03:16:03.000270+00:00,2026-09-09T04:37:54.503187+00:00,2026-09-16T05:10:03.000270+00:00,기타,썰쇼핑,10300,2026-09-09 07:08:49
IF3uYxoU5EE,https://www.youtube.com/watch?v=IF3uYxoU5EE,uclecy6ihcjwmcbjhiz2-ctg,이븐쇼핑,다이소도 탐내는 한국 천재의 발명품,224762,27,2026-08-23T01:58:01.374377+00:00,2026-09-04T23:10:02.346310+00:00,2026-09-05T23:10:01.374377+00:00,제품정체형,썰쇼핑,28300,2026-09-09 07:08:49
H9VYTOUKsic,https://www.youtube.com/watch?v=H9VYTOUKsic,ucqnbrrb-zbu_7o5ksr27l6g,리치쇼핑,천장을 뚫어버린 천재의 발명품,223383,31,2026-09-04T07:58:03.000270+00:00,2026-09-04T23:10:02.346310+00:00,2026-09-16T05:10:03.000270+00:00,제품정체형,썰쇼핑,3050,2026-09-14 07:04:05
NWHOPlPUfAE,https://www.youtube.com/watch?v=NWHOPlPUfAE,ucipqot8sknih3msbu2b7ahw,트렌드헌터,디지털 시대에 오히려 손글씨를 살려버린 천재적인 아이디어,221231,54,2026-09-08T08:10:03.000270+00:00,2026-09-14T23:10:03.036703+00:00,2026-09-16T05:10:03.000270+00:00,제품정체형,썰쇼핑,1350,2026-09-14 07:04:05
n0C9OtvEQNc,https://www.youtube.com/watch?v=n0C9OtvEQNc,ucxirsjqetzz4ml6lc-uu5tq,이런호기심,길가다 주운 감자돌(?)을 반으로 갈라보았습니다 💎,220667,29,2026-09-03T22:58:03.036703+00:00,2026-09-14T23:10:03.036703+00:00,2026-09-14T23:10:03.036703+00:00,레시피,썰쇼핑,14400,2026-09-14 07:04:05
8_VE-S-eLU4,https://www.youtube.com/watch?v=8_VE-S-eLU4,ucbyo4sbywz2owv1u309owmq,젤다바라,사과 100개 vs 요정 4개,217956,85,2026-09-02T10:16:03.000270+00:00,2026-09-08T12:30:44.178691+00:00,2026-09-16T05:10:03.000270+00:00,기타,썰쇼핑,78800,2026-09-09 07:08:49
WEvmzB79TD8,https://www.youtube.com/watch?v=WEvmzB79TD8,ucxunuiivb1w3mchfbrzxy-a,도파민모음집,14살이라고는 절대 안 믿기는 도미니카 유망주 피지컬 수준 ㄷㄷ #야구,217548,346,2026-09-03T08:04:03.000270+00:00,2026-09-14T23:10:03.036703+00:00,2026-09-16T05:10:03.000270+00:00,기타,썰쇼핑,78600,2026-09-14 07:04:05
ZfZwlP_4vvI,https://www.youtube.com/watch?v=ZfZwlP_4vvI,ucipqot8sknih3msbu2b7ahw,트렌드헌터,인테리어 업자들도 기립박수 친 천재적인 아이디,212719,11,2026-09-02T09:58:03.000270+00:00,2026-09-14T23:10:03.036703+00:00,2026-09-16T05:10:03.000270+00:00,제품정체형,썰쇼핑,1350,2026-09-14 07:04:05
kuGa_3PqiCc,https://www.youtube.com/watch?v=kuGa_3PqiCc,ucgttnudyop52of_zrxv--aw,리빙픽템,코스트코 고기 살때 필수 준비물 #코스트코추천템 #코스트코고기 #고기손질 #주방꿀템 #살림템,209181,22,2026-09-04T09:04:03.000270+00:00,2026-09-04T23:10:02.346310+00:00,2026-09-16T05:10:03.000270+00:00,제품정체형,썰쇼핑,6760,2026-09-09 07:08:49
oNFqdunqOgM,https://www.youtube.com/watch?v=oNFqdunqOgM,uc7-zana-q91i52ma1ufhghg,달래샵,포스트잇 회사가 오열해버린 풀의 정체 😱,208099,8,2026-08-29T10:58:02.660921+00:00,2026-09-04T23:10:02.346310+00:00,2026-09-12T05:10:02.660921+00:00,제품정체형,썰쇼핑,6910,2026-09-09 07:08:49
MRJvZTZFo44,https://www.youtube.com/watch?v=MRJvZTZFo44,uc-qj4zhvdxc0f-m8quxl-fw,귤템,구조 하나로 떼돈번 한국 천재 발명품ㄷㄷ,206030,40,2026-08-28T08:40:02.666924+00:00,2026-09-05T23:10:01.374377+00:00,2026-09-11T05:10:02.666924+00:00,제품정체형,썰쇼핑,4880,2026-09-09 07:08:49
cwh_MSsBauI,https://www.youtube.com/watch?v=cwh_MSsBauI,uctmchwo4yehl0exsqp_apog,생활꿀템추천샵,다이소 가면 이건 무조건 담으세요🔥 수납 고수들의 숨겨진 활용법,203910,27,2026-08-31T09:58:02.569334+00:00,2026-09-04T23:10:02.346310+00:00,2026-09-14T05:10:02.569334+00:00,제품정체형,썰쇼핑,6830,2026-09-09 07:08:49
xE2-QOuN9Hk,https://www.youtube.com/watch?v=xE2-QOuN9Hk,ucbyo4sbywz2owv1u309owmq,젤다바라,젤다 에디션 구걸하는 젤다 유튜버,201875,117,2026-09-14T07:40:03.000270+00:00,2026-09-14T23:10:03.036703+00:00,2026-09-16T05:10:03.000270+00:00,기타,썰쇼핑,78800,2026-09-09 07:08:49
GqV__fVDMkk,https://www.youtube.com/watch?v=GqV__fVDMkk,ucl12scb2y7j-kx0_ghaf-xq,썰풀다,​100% 녹아서 흔적도 없이 사라지는 미친 샴푸통 등장#소프보틀 #친환경아이템 #제로웨이스트,199129,15,2026-08-26T09:06:44.178691+00:00,2026-09-04T23:10:02.346310+00:00,2026-09-08T12:30:44.178691+00:00,기타,썰쇼핑,0,2026-08-19 05:56:25
XDV8eSDoyT8,https://www.youtube.com/watch?v=XDV8eSDoyT8,ucbyo4sbywz2owv1u309owmq,젤다바라,야숨 맵에 숨겨진 교토의 비밀,197914,44,2026-08-31T09:58:02.569334+00:00,2026-09-08T12:30:44.178691+00:00,2026-09-14T05:10:02.569334+00:00,기타,썰쇼핑,78800,2026-09-09 07:08:49
i--NV-tsReI,https://www.youtube.com/watch?v=i--NV-tsReI,ucrbvn94qfocjbtkhepz7heg,전설의레전드,음대 출신 싹 발라버린다는역대급 미친 악기,197243,3,2026-09-04T02:04:03.000270+00:00,2026-09-08T11:10:24.676804+00:00,2026-09-16T05:10:03.000270+00:00,제품정체형,썰쇼핑,10900,2026-09-09 07:08:49
qY66zXRaVk8,https://www.youtube.com/watch?v=qY66zXRaVk8,ucbyo4sbywz2owv1u309owmq,젤다바라,스위치2 에디션 젤다 무쌍 출시,194381,73,2026-09-10T23:10:03.000270+00:00,2026-09-11T02:10:02.367900+00:00,2026-09-16T05:10:03.000270+00:00,기타,썰쇼핑,78800,2026-09-09 07:08:49
foIqwExxi-w,https://www.youtube.com/watch?v=foIqwExxi-w,ucbyo4sbywz2owv1u309owmq,젤다바라,둘 중 더 쉬운 것은?,193411,90,2026-08-27T10:34:02.680133+00:00,2026-09-08T12:30:44.178691+00:00,2026-09-10T08:10:02.680133+00:00,기타,썰쇼핑,78800,2026-09-09 07:08:49
42_WRs-qbng,https://www.youtube.com/watch?v=42_WRs-qbng,ucmbeuonh4nls9qryeeue_gg,쓸모있어,다이소 Best 제품😃😃,193163,19,2026-09-08T09:58:03.000270+00:00,2026-09-08T11:10:24.676804+00:00,2026-09-16T05:10:03.000270+00:00,홈템,썰쇼핑,1240,2026-09-09 07:08:49
lL6SjxinmaA,https://www.youtube.com/watch?v=lL6SjxinmaA,uc-qj4zhvdxc0f-m8quxl-fw,귤템,구멍 하나로 떼돈 버는 한국 천재,189682,10,2026-09-10T10:28:03.000270+00:00,2026-09-11T02:10:02.367900+00:00,2026-09-16T05:10:03.000270+00:00,제품정체형,썰쇼핑,4880,2026-09-09 07:08:49
DegGDcqnFd8,https://www.youtube.com/watch?v=DegGDcqnFd8,ucm_du1kofq8nxfvmtm0xx2w,로디홈,이케아 디자이너도 감탄한 아이디어,186033,5,2026-08-27T04:40:01.358608+00:00,2026-09-04T23:10:02.346310+00:00,2026-09-09T23:10:01.358608+00:00,오용형,썰쇼핑,5990,2026-09-09 07:08:49
utJTXTMkmLQ,https://www.youtube.com/watch?v=utJTXTMkmLQ,ucxeyhz8xitvlxhdduxy6zca,리뷰남 ,2026년 최고의 혁신상 받아버린 HP의 미친 아이디어,185197,163,2026-09-02T03:16:03.157352+00:00,2026-09-04T23:10:02.346310+00:00,2026-09-15T23:10:03.157352+00:00,제품정체형,썰쇼핑,16100,2026-09-09 07:08:49
Nlu8a-kjCiw,https://www.youtube.com/watch?v=Nlu8a-kjCiw,ucssx2crprqprm_uaedxg7ua,꿀팁꿀템,제조사도 깜짝 놀란 한국주부의 미친 활용법#덮으면 완성되는 갓성비 인테리어#감성 카페로 변신#유해물질 제로,184183,15,2026-08-29T03:16:02.319689+00:00,2026-09-04T23:10:02.346310+00:00,2026-09-11T23:10:02.319689+00:00,오용형,썰쇼핑,53800,2026-09-09 07:08:49
Dz4WtwWRPKk,https://www.youtube.com/watch?v=Dz4WtwWRPKk,ucbfu04us6bv9ofcwrjdxdmg,살림킹왕짱,제조사도 감탄한 뜻밖의 활용법 #무타공도어,174153,7,2026-09-05T00:58:03.000270+00:00,2026-09-05T04:42:28.257041+00:00,2026-09-16T05:10:03.000270+00:00,오용형,썰쇼핑,14600,2026-09-09 07:08:49
gWmURSPyzuk,https://www.youtube.com/watch?v=gWmURSPyzuk,uc9xfth7mqhbdlju9qzpxiha,쿨냥냥,세븐틴이 한꺼번에 입대 하지 않고 흩어져 가는 이유,171265,42,2026-09-13T04:52:03.000270+00:00,2026-09-13T05:10:02.819135+00:00,2026-09-16T05:10:03.000270+00:00,기타,썰쇼핑,5630,2026-09-09 07:08:49
mlaiX-U7Wgk,https://www.youtube.com/watch?v=mlaiX-U7Wgk,ucl12scb2y7j-kx0_ghaf-xq,썰풀다,이비인후과 갔다가 빡친 개발자가 직접 만든 미친 귀이개#스마트귀이개 #카메라귀이개 #귀청소,169126,4,2026-08-23T12:22:01.374377+00:00,2026-09-04T23:10:02.346310+00:00,2026-09-05T23:10:01.374377+00:00,제품정체형,썰쇼핑,0,2026-08-19 05:56:25
mjuFGueNs0U,https://www.youtube.com/watch?v=mjuFGueNs0U,ucxirsjqetzz4ml6lc-uu5tq,이런호기심,바퀴가 빨라지면 알아서 기어가 올라간다고? 시대를 앞서간 자전거 기술,166059,35,2026-09-06T21:58:03.000270+00:00,2026-09-14T23:10:03.036703+00:00,2026-09-16T05:10:03.000270+00:00,기타,썰쇼핑,14400,2026-09-14 07:04:05
ekpY54gUb1A,https://www.youtube.com/watch?v=ekpY54gUb1A,ucjbxdaaibb0uk1zdepjja6w,쇼핑천재,결국 싹 까발렸다는 한국 소비자원?,165607,31,2026-09-05T02:28:03.000270+00:00,2026-09-05T04:42:28.257041+00:00,2026-09-16T05:10:03.000270+00:00,제품정체형,썰쇼핑,40600,2026-09-09 07:08:49
znvOi8bMB9s,https://www.youtube.com/watch?v=znvOi8bMB9s,ucf_di4heihyo_ghbpg-0yxa,공가미,잠자는 꽃 보고 만들었다는 네덜란드 천재의 아이디어,164528,60,2026-08-24T10:46:01.282766+00:00,2026-09-04T23:10:02.346310+00:00,2026-09-06T23:10:01.282766+00:00,기타,썰쇼핑,8070,2026-09-09 07:08:49
cdDSUUOGkJ8,https://www.youtube.com/watch?v=cdDSUUOGkJ8,ucmerd4mbsquuixhfb8rtjla,정리왕,이불 꺼낼때마다 무너지는거 스트레스인 사람 #정리왕,164376,5,2026-09-07T07:58:03.000270+00:00,2026-09-09T23:10:01.358608+00:00,2026-09-16T05:10:03.000270+00:00,홈템,썰쇼핑,421000,2026-09-09 07:08:49
gAGfMdzXeU0,https://www.youtube.com/watch?v=gAGfMdzXeU0,uc_hbvja6hxd4v2y0duybvuq,참좋은 도구들,전세계가 속아버린 유니볼원?  #유니볼원피카 #일본문구,163606,17,2026-09-12T08:16:03.000270+00:00,2026-09-12T23:10:03.131380+00:00,2026-09-16T05:10:03.000270+00:00,제품정체형,썰쇼핑,1830,2026-09-09 07:08:49
hWnbcmkWTjw,https://www.youtube.com/watch?v=hWnbcmkWTjw,ucxfcgk6imynzbexyly8mhiq,코어장바구니,대놓고 까발려진 스리라차의 비밀,162118,25,2026-09-07T14:58:03.000270+00:00,2026-09-07T23:10:02.851021+00:00,2026-09-16T05:10:03.000270+00:00,제품정체형,썰쇼핑,8610,2026-09-09 07:08:49
iZ-TprLYezA,https://www.youtube.com/watch?v=iZ-TprLYezA,ucl12scb2y7j-kx0_ghaf-xq,썰풀다,따로 보면 두 개인데 하나가 되고… 1위는 빛을 비추면 고백까지 합니다#반지추천 #커플링 #커플선물 #주얼리추천,162071,5,2026-09-09T11:58:03.000270+00:00,2026-09-09T23:10:01.358608+00:00,2026-09-16T05:10:03.000270+00:00,제품정체형,썰쇼핑,0,2026-08-19 05:56:25
h0yOjENtyBI,https://www.youtube.com/watch?v=h0yOjENtyBI,uc-qj4zhvdxc0f-m8quxl-fw,귤템,이케아에 절대 없는 한국 천재 발명품,161885,30,2026-09-04T11:10:03.000270+00:00,2026-09-08T11:10:24.676804+00:00,2026-09-16T05:10:03.000270+00:00,제품정체형,썰쇼핑,4880,2026-09-09 07:08:49
4RKsl0caOFw,https://www.youtube.com/watch?v=4RKsl0caOFw,ucl12scb2y7j-kx0_ghaf-xq,썰풀다,후드 끈을 대놓고 씹으라고 만든 미친 신상의 정체#피젯후드티 #말랑이후드티 #ADHD꿀템,154588,23,2026-08-27T12:16:01.358608+00:00,2026-09-04T23:10:02.346310+00:00,2026-09-09T23:10:01.358608+00:00,제품정체형,썰쇼핑,0,2026-08-19 05:56:25
2ScDpRPB_vI,https://www.youtube.com/watch?v=2ScDpRPB_vI,uc8wcwts4chdpce-nzqpm04a,인생갓템,이상한 기능넣어 대박친 카시오,154466,37,2026-09-07T09:04:03.000270+00:00,2026-09-07T23:10:02.851021+00:00,2026-09-16T05:10:03.000270+00:00,제품정체형,썰쇼핑,30700,2026-09-09 07:08:49
zecA6Nxuw00,https://www.youtube.com/watch?v=zecA6Nxuw00,uc8wcwts4chdpce-nzqpm04a,인생갓템,해외를 넘어 한국주부까지 점령한 제품,154309,22,2026-08-29T08:34:02.660921+00:00,2026-09-04T23:10:02.346310+00:00,2026-09-12T05:10:02.660921+00:00,기타,썰쇼핑,30700,2026-09-09 07:08:49
WJsxhwlbgNA,https://www.youtube.com/watch?v=WJsxhwlbgNA,uclecy6ihcjwmcbjhiz2-ctg,이븐쇼핑,발상의 전환으로 떼돈 번 한국 천재의 발명품,154027,33,2026-09-04T09:34:03.000270+00:00,2026-09-04T23:10:02.346310+00:00,2026-09-16T05:10:03.000270+00:00,제품정체형,썰쇼핑,28300,2026-09-09 07:08:49
C86sJ2XbJ8Q,https://www.youtube.com/watch?v=C86sJ2XbJ8Q,ucsbp41obff8fsjgcvxut6ga,또왔소,선수 멘탈 걱정된다는 역대급 반전 결과 #스포츠 #미식축구 #참교육,151773,13,2026-09-06T03:46:03.000270+00:00,2026-09-06T23:10:01.282766+00:00,2026-09-16T05:10:03.000270+00:00,제품정체형,썰쇼핑,10700,2026-09-09 07:08:49
UP_4feRwSvo,https://www.youtube.com/watch?v=UP_4feRwSvo,ucbyo4sbywz2owv1u309owmq,젤다바라,부메랑에 불 붙이는 고인물,150261,55,2026-09-06T09:52:03.000270+00:00,2026-09-08T12:30:44.178691+00:00,2026-09-16T05:10:03.000270+00:00,기타,썰쇼핑,78800,2026-09-09 07:08:49
tlGu4zkHvJI,https://www.youtube.com/watch?v=tlGu4zkHvJI,uckpphyi5ul6uw-axomcfmia,뽀터언니,죽은고기도 살린다는양념의 정체,148800,26,2026-09-07T09:58:03.000270+00:00,2026-09-07T23:10:02.851021+00:00,2026-09-16T05:10:03.000270+00:00,제품정체형,썰쇼핑,1350,2026-09-09 07:08:49
O_mQ5LrwUmY,https://www.youtube.com/watch?v=O_mQ5LrwUmY,uc0do9ivmcduowrrnlcg94hw,꿀템줍줍,다이소 네트망으로 싱크대 하부장 정리했더니 수납공간이 2배✨(0302번),146383,15,2026-08-26T09:58:02.542305+00:00,2026-09-04T23:10:02.346310+00:00,2026-09-09T05:10:02.542305+00:00,홈템,썰쇼핑,44400,2026-09-09 02:35:38
BBfaJenhrJc,https://www.youtube.com/watch?v=BBfaJenhrJc,ucwmaogosqen98l7nc_4xyga,썰핑,리트리버가 주인보다 똑똑하면 벌어지는 일,144700,34,2026-09-01T09:52:02.238212+00:00,2026-09-14T23:10:03.036703+00:00,2026-09-15T05:10:02.238212+00:00,기타,썰쇼핑,15600,2026-09-14 07:04:05
L137G5zjzLM,https://www.youtube.com/watch?v=L137G5zjzLM,ucbyo4sbywz2owv1u309owmq,젤다바라,다시 돌아온 왼손잡이 링크,138948,51,2026-09-13T01:58:03.000270+00:00,2026-09-13T05:10:02.819135+00:00,2026-09-16T05:10:03.000270+00:00,기타,썰쇼핑,78800,2026-09-09 07:08:49
5GvbdPlEL7U,https://www.youtube.com/watch?v=5GvbdPlEL7U,ucyqinyt44mk8u06nlz5n2-g,갓성비스토리,이상한 곳에서 떡상한 유동골뱅이?,137773,26,2026-08-29T07:04:02.660921+00:00,2026-09-08T12:30:44.178691+00:00,2026-09-12T05:10:02.660921+00:00,기타,썰쇼핑,10300,2026-09-09 07:08:49
wICULff9ojA,https://www.youtube.com/watch?v=wICULff9ojA,ucsbp41obff8fsjgcvxut6ga,또왔소,탑승객이 남자를 보고 놀란 이유,134476,1,2026-08-30T05:40:02.819135+00:00,2026-09-04T23:10:02.346310+00:00,2026-09-13T05:10:02.819135+00:00,기타,썰쇼핑,10700,2026-09-09 07:08:49
AFjRN9EyPz8,https://www.youtube.com/watch?v=AFjRN9EyPz8,ucqccuxzpl3snkehlhbti2hg,갓성비추천템,현장에 개빡친 고인물이 만든 미친제품,133814,65,2026-08-26T03:42:44.178691+00:00,2026-09-08T11:10:24.676804+00:00,2026-09-08T12:30:44.178691+00:00,기타,썰쇼핑,29800,2026-09-09 07:08:49
ObQ0FAjAgVo,https://www.youtube.com/watch?v=ObQ0FAjAgVo,uctd1t12z1qtvalhdd728tsg,우디홈템,50만 원 스텐 선반? 저는 10만 원대로 끝냈어요,126322,3,2026-08-24T22:58:01.282766+00:00,2026-09-04T23:10:02.346310+00:00,2026-09-06T23:10:01.282766+00:00,기타,썰쇼핑,3700,2026-09-09 07:08:49
ZFtMiObrQ3Y,https://www.youtube.com/watch?v=ZFtMiObrQ3Y,uc-qj4zhvdxc0f-m8quxl-fw,귤템,다이소에 없는 한국 천재 발명품,125764,20,2026-09-02T07:46:03.000270+00:00,2026-09-08T11:10:24.676804+00:00,2026-09-16T05:10:03.000270+00:00,제품정체형,썰쇼핑,4880,2026-09-09 07:08:49
SbQuM9296ko,https://www.youtube.com/watch?v=SbQuM9296ko,uc5vyr2cff4364oi5l6cwrja,숏핑,캠핑 천재가 만들어 떼돈 번 제품 정체,122963,13,2026-08-23T02:40:01.374377+00:00,2026-09-04T23:10:02.346310+00:00,2026-09-05T23:10:01.374377+00:00,제품정체형,썰쇼핑,39900,2026-09-09 07:08:49
J8WDDJeZXJ0,https://www.youtube.com/watch?v=J8WDDJeZXJ0,uc9cpf1vjxwkndwy1jvvdzvw,쇼핑남자,마케팅 천재가 만든 발명품,120513,46,2026-09-05T04:58:03.000270+00:00,2026-09-05T23:10:01.374377+00:00,2026-09-16T05:10:03.000270+00:00,제품정체형,썰쇼핑,6370,2026-09-09 07:08:49
tNK7_Fto3J0,https://www.youtube.com/watch?v=tNK7_Fto3J0,ucssx2crprqprm_uaedxg7ua,꿀팁꿀템,한국 천재가 만들어 떼돈 번 제품의 정체#사생활 보호#자외선 차단#저층 필수,120467,6,2026-09-03T15:46:03.000270+00:00,2026-09-04T23:10:02.346310+00:00,2026-09-16T05:10:03.000270+00:00,제품정체형,썰쇼핑,53800,2026-09-09 07:08:49
SOP5SJW9vMw,https://www.youtube.com/watch?v=SOP5SJW9vMw,ucao4qhqpclzsrbrdsrrfryw,짤컷,대한민국 천재들의 젓가락 활용법ㄷㄷ,119813,58,2026-09-11T07:58:03.000270+00:00,2026-09-15T23:10:03.157352+00:00,2026-09-16T05:10:03.000270+00:00,제품정체형,썰쇼핑,2130000,2026-09-09 02:35:38
nbCk898C8Kc,https://www.youtube.com/watch?v=nbCk898C8Kc,ucxunuiivb1w3mchfbrzxy-a,도파민모음집,마운드 위에서 뿜어져 나오는 야마모토 압도적 구위와 소리 ㄷㄷ #야구,119481,9,2026-09-10T13:10:03.000270+00:00,2026-09-14T23:10:03.036703+00:00,2026-09-16T05:10:03.000270+00:00,기타,썰쇼핑,78600,2026-09-14 07:04:05
IuAuliFx9Bg,https://www.youtube.com/watch?v=IuAuliFx9Bg,uc5rvoexd7qdesakzghws1mq,드라마짠,해라가 처음으로 자신의 출생을 의심했다 #욕망의덫 #드라마 #드라마추천 #드라마리뷰 #막장드라마 #가족드라마 #일일드라마,117308,5,2026-09-09T12:10:03.000270+00:00,2026-09-09T23:10:01.358608+00:00,2026-09-16T05:10:03.000270+00:00,기타,썰쇼핑,4340,2026-09-09 07:08:49
P5S9Q9aWO0c,https://www.youtube.com/watch?v=P5S9Q9aWO0c,uclecy6ihcjwmcbjhiz2-ctg,이븐쇼핑,14억개 팔아 떼돈번 미국 천재의 발명품,115959,26,2026-09-11T14:16:03.000270+00:00,2026-09-11T23:10:02.319689+00:00,2026-09-16T05:10:03.000270+00:00,제품정체형,썰쇼핑,28300,2026-09-09 07:08:49
b-WyuFzmQmU,https://www.youtube.com/watch?v=b-WyuFzmQmU,ucbfu04us6bv9ofcwrjdxdmg,살림킹왕짱,개발자도 몰래 따라한 활용법 #다용도접착제,112610,1,2026-09-13T00:46:03.000270+00:00,2026-09-13T05:10:02.819135+00:00,2026-09-16T05:10:03.000270+00:00,오용형,썰쇼핑,14600,2026-09-09 07:08:49
N4gs63fVUXU,https://www.youtube.com/watch?v=N4gs63fVUXU,ucbyo4sbywz2owv1u309owmq,젤다바라,소년 링크의 귀여운 장면 비교 [Young Link’s Cutest Moments Compared],110863,119,2026-09-09T08:46:03.000270+00:00,2026-09-09T23:10:01.358608+00:00,2026-09-16T05:10:03.000270+00:00,기타,썰쇼핑,78800,2026-09-09 07:08:49
w-Ygny1f8O8,https://www.youtube.com/watch?v=w-Ygny1f8O8,ucl12scb2y7j-kx0_ghaf-xq,썰풀다,전기 없던 시절 음악 저장하는 방법 ㄷㄷ#축음기 #원통축음기 #에디슨 #레트로감성 #신기한물건,107247,58,2026-09-13T04:16:03.000270+00:00,2026-09-13T05:10:02.819135+00:00,2026-09-16T05:10:03.000270+00:00,기타,썰쇼핑,0,2026-08-19 05:56:25
fnZNougO6NQ,https://www.youtube.com/watch?v=fnZNougO6NQ,ucl12scb2y7j-kx0_ghaf-xq,썰풀다,설거지 간단  미친 가성비 아침 샌드위치 메이커 ㄷㄷ​#샌드위치메이커 #자취생꿀템 #맥모닝만들기 #주방꿀템 #가성비아이템,105485,24,2026-09-10T02:34:03.000270+00:00,2026-09-10T08:10:02.680133+00:00,2026-09-16T05:10:03.000270+00:00,홈템,썰쇼핑,0,2026-08-19 05:56:25
fo5rxmQuOdw,https://www.youtube.com/watch?v=fo5rxmQuOdw,ucqccuxzpl3snkehlhbti2hg,갓성비추천템,기막힌 원리로 SNS수천만뷰 찍은 제품,104689,9,2026-08-28T03:34:02.367900+00:00,2026-09-08T11:10:24.676804+00:00,2026-09-11T02:10:02.367900+00:00,기타,썰쇼핑,29800,2026-09-09 07:08:49
VGowF9gARbk,https://www.youtube.com/watch?v=VGowF9gARbk,ucm_du1kofq8nxfvmtm0xx2w,로디홈,가렸더니 대박난 이케아 파티션,104342,3,2026-09-05T16:10:03.000270+00:00,2026-09-05T23:10:01.374377+00:00,2026-09-16T05:10:03.000270+00:00,홈템,썰쇼핑,5990,2026-09-09 07:08:49
CweSUiX378c,https://www.youtube.com/watch?v=CweSUiX378c,uct8wkoq7yyq2mgzqqf8_-hw,쇼핑 치트키,코스트코 본사도 감탄한 한국 천재 활용법,101655,4,2026-09-12T10:22:03.000270+00:00,2026-09-12T23:10:03.131380+00:00,2026-09-16T05:10:03.000270+00:00,제품정체형,썰쇼핑,4700,2026-09-09 07:08:49
l0-ENPsbhyE,https://www.youtube.com/watch?v=l0-ENPsbhyE,ucqccuxzpl3snkehlhbti2hg,갓성비추천템,상식을 해킹해 돈방석 앉게만든 제품,99306,33,2026-09-05T13:16:03.000270+00:00,2026-09-08T11:10:24.676804+00:00,2026-09-16T05:10:03.000270+00:00,제품정체형,썰쇼핑,29800,2026-09-09 07:08:49
y1K2Bs6ZU3A,https://www.youtube.com/watch?v=y1K2Bs6ZU3A,ucbyo4sbywz2owv1u309owmq,젤다바라,정직한 제목,98019,40,2026-08-29T09:58:02.660921+00:00,2026-09-08T12:30:44.178691+00:00,2026-09-12T05:10:02.660921+00:00,기타,썰쇼핑,78800,2026-09-09 07:08:49
L2sd-zBOrG0,https://www.youtube.com/watch?v=L2sd-zBOrG0,ucbyo4sbywz2owv1u309owmq,젤다바라,리듬 천국 (패링 ver.),97095,40,2026-09-10T07:58:03.000270+00:00,2026-09-10T08:10:02.680133+00:00,2026-09-16T05:10:03.000270+00:00,기타,썰쇼핑,78800,2026-09-09 07:08:49
kxJn_3LVing,https://www.youtube.com/watch?v=kxJn_3LVing,uc4iyryt1y1d5_cdjaocsk6q,설렘픽,"다이소 네트망, 이렇게 쓰면 본전 200%",96980,2,2026-09-03T04:22:03.000270+00:00,2026-09-04T23:10:02.346310+00:00,2026-09-16T05:10:03.000270+00:00,홈템,썰쇼핑,2580,2026-09-09 07:08:49
BoNFu3XlKrc,https://www.youtube.com/watch?v=BoNFu3XlKrc,uc9cpf1vjxwkndwy1jvvdzvw,쇼핑남자,다이소도 당황한 천재의 발명품,96865,10,2026-08-31T10:58:02.569334+00:00,2026-09-04T23:10:02.346310+00:00,2026-09-14T05:10:02.569334+00:00,제품정체형,썰쇼핑,6370,2026-09-09 07:08:49
j98_BD6xSxU,https://www.youtube.com/watch?v=j98_BD6xSxU,ucmbeuonh4nls9qryeeue_gg,쓸모있어,다이소에서 꼭 사야하는 BEST 🤩😍,96533,25,2026-09-12T09:58:03.000270+00:00,2026-09-12T23:10:03.131380+00:00,2026-09-16T05:10:03.000270+00:00,홈템,썰쇼핑,1240,2026-09-09 07:08:49
g1R-XQUzdQ4,https://www.youtube.com/watch?v=g1R-XQUzdQ4,ucbyo4sbywz2owv1u309owmq,젤다바라,일본 독점 출시라는 젤다 에디션(?),94005,138,2026-09-15T09:52:03.000270+00:00,2026-09-15T23:10:03.157352+00:00,2026-09-16T05:10:03.000270+00:00,기타,썰쇼핑,78800,2026-09-09 07:08:49
Y267IegPvsI,https://www.youtube.com/watch?v=Y267IegPvsI,ucqccuxzpl3snkehlhbti2hg,갓성비추천템,제조사도 감탄한 천재 활용법ㄷㄷ,93393,3,2026-08-29T07:10:02.660921+00:00,2026-09-08T11:10:24.676804+00:00,2026-09-12T05:10:02.660921+00:00,오용형,썰쇼핑,29800,2026-09-09 07:08:49
TnKQZzF9WLA,https://www.youtube.com/watch?v=TnKQZzF9WLA,ucbyo4sbywz2owv1u309owmq,젤다바라,피했다 야르,87297,21,2026-09-01T09:58:02.238212+00:00,2026-09-08T12:30:44.178691+00:00,2026-09-15T05:10:02.238212+00:00,기타,썰쇼핑,78800,2026-09-09 07:08:49
vgVE1aPhG4s,https://www.youtube.com/watch?v=vgVE1aPhG4s,ucao4qhqpclzsrbrdsrrfryw,짤컷,한국인 99%가 몰라서 손해 보는 KTX 꿀팁,86392,46,2026-09-15T08:28:03.000270+00:00,2026-09-15T23:10:03.157352+00:00,2026-09-16T05:10:03.000270+00:00,기타,썰쇼핑,2130000,2026-09-09 02:35:38
SmsZFNsIrIw,https://www.youtube.com/watch?v=SmsZFNsIrIw,ucssx2crprqprm_uaedxg7ua,꿀팁꿀템,한 달 최소 2 천원?! 천장에 올려 떼돈 번 한국 천재 발명품#LED라 뜨거워 지지 않아#냉난방비 절약,86275,8,2026-08-24T13:58:01.282766+00:00,2026-09-04T23:10:02.346310+00:00,2026-09-06T23:10:01.282766+00:00,제품정체형,썰쇼핑,53800,2026-09-09 07:08:49
dpCpMQ9yIzw,https://www.youtube.com/watch?v=dpCpMQ9yIzw,uc0do9ivmcduowrrnlcg94hw,꿀템줍줍,다이소꿀템 미친 활용법🔥 자석 우산꽂이 이렇게 쓰세요(0308번),84474,6,2026-09-05T00:58:03.000270+00:00,2026-09-05T04:42:28.257041+00:00,2026-09-16T05:10:03.000270+00:00,오용형,썰쇼핑,44400,2026-09-09 02:35:38
QFfGrLF6SqU,https://www.youtube.com/watch?v=QFfGrLF6SqU,uchf6vudwbonfotjr4oox3qw,생활용품 연구소,역대급 다이소 가성비 꿀템,84185,1,2026-09-09T08:58:03.000270+00:00,2026-09-09T23:10:01.358608+00:00,2026-09-16T05:10:03.000270+00:00,홈템,썰쇼핑,20700,2026-08-19 05:56:25
yRhz8kNQ7KE,https://www.youtube.com/watch?v=yRhz8kNQ7KE,uctx_l77r2yqat1rszs8fwea,살림체크,일본 천재가 개발해 대박 난 제품의 정체,83085,1,2026-09-06T14:40:03.000270+00:00,2026-09-14T23:10:03.036703+00:00,2026-09-16T05:10:03.000270+00:00,제품정체형,썰쇼핑,10600,2026-09-14 07:04:05
ugGF6sVFp-w,https://www.youtube.com/watch?v=ugGF6sVFp-w,ucbyo4sbywz2owv1u309owmq,젤다바라,말 훔치는 NPC (진짜임),82682,22,2026-09-04T08:22:03.000270+00:00,2026-09-08T12:30:44.178691+00:00,2026-09-16T05:10:03.000270+00:00,기타,썰쇼핑,78800,2026-09-09 07:08:49
L6FWAKTduow,https://www.youtube.com/watch?v=L6FWAKTduow,ucxteg2lrkvxn8b7umce7qoq,딸기라떼,돈방석 앉은 미국 천재의 신박한 아이디어 제품ㄷㄷ 마트 계산대 필수품! 1초 대용량 펼쳐지는 조르개 장바구니 가방 🛍️#휴대용장바구니가방 #접이식장바구니 #대용량장바구니 #살림꿀팁,82469,14,2026-09-05T07:28:03.000270+00:00,2026-09-05T23:10:01.374377+00:00,2026-09-16T05:10:03.000270+00:00,제품정체형,썰쇼핑,5130,2026-09-09 07:08:49
UZwbZHxaIm4,https://www.youtube.com/watch?v=UZwbZHxaIm4,ucxunuiivb1w3mchfbrzxy-a,도파민모음집,포수 미트 찢어질 듯한 야마모토 강속구 소리 ㄷㄷ #야구,82022,4,2026-09-08T11:22:03.000270+00:00,2026-09-14T23:10:03.036703+00:00,2026-09-16T05:10:03.000270+00:00,기타,썰쇼핑,78600,2026-09-14 07:04:05
AHawxxxOEMU,https://www.youtube.com/watch?v=AHawxxxOEMU,ucgfkcrlj5kbiw01hdol2e6g,K파민,아직도 이런 곳이 있다고? 외국인도 깜짝 놀란 식당,80539,17,2026-09-09T12:58:03.000270+00:00,2026-09-14T23:10:03.036703+00:00,2026-09-16T05:10:03.000270+00:00,제품정체형,썰쇼핑,446,2026-09-14 07:04:05
B_s7f1-3dV4,https://www.youtube.com/watch?v=B_s7f1-3dV4,ucdzguqgjnb3fd6jgxvn-obq,오리핫템,🔥 평생 쓴다는 해외 논란템! 무한 라이터 후기,80356,8,2026-08-28T10:34:02.666924+00:00,2026-09-08T11:10:24.676804+00:00,2026-09-11T05:10:02.666924+00:00,기타,썰쇼핑,19900,2026-09-09 07:08:49
dGLtc8Uzh-0,https://www.youtube.com/watch?v=dGLtc8Uzh-0,uco9-zofurha9d1wwatfgzkg,땡스템,이케아 직원도 예상 못한 미친 꼼수 #이케아꿀템 #이케아행주 #행주추천 #주방인테리어 #집꾸미기,79253,3,2026-09-09T09:58:03.000270+00:00,2026-09-09T23:10:01.358608+00:00,2026-09-16T05:10:03.000270+00:00,홈템,썰쇼핑,4210,2026-09-09 07:08:49
DlfCyIYKMpw,https://www.youtube.com/watch?v=DlfCyIYKMpw,ucvq26myeojatrmce0pm0qsq,먹킷리스트,심지어 공식 발표까지 났습니다. 즉석밥 용기 당장 빼세요! 살림 고수 99%도 몰랐던 재활용 분리수거 꿀팁입니다.,78696,27,2026-08-28T09:58:02.666924+00:00,2026-09-05T23:10:01.374377+00:00,2026-09-11T05:10:02.666924+00:00,오용형,썰쇼핑,89600,2026-09-09 07:08:49
XqpRuyrh7mU,https://www.youtube.com/watch?v=XqpRuyrh7mU,ucxunuiivb1w3mchfbrzxy-a,도파민모음집,야마모토 투구폼으로 던져본 포심 vs 커브 궤적 차이 ㄷㄷ #야구,78624,6,2026-09-14T04:58:03.000270+00:00,2026-09-14T23:10:03.036703+00:00,2026-09-16T05:10:03.000270+00:00,기타,썰쇼핑,78600,2026-09-14 07:04:05
0lt_S-ADC9E,https://www.youtube.com/watch?v=0lt_S-ADC9E,uc8xd-qdceh3dtim7_ho4nsg,살림자매,이게 나왔다고! 신상 할인정보! 9월1주 #코스트코 #코스트코추천템,78551,9,2026-08-31T14:34:02.819135+00:00,2026-09-11T23:10:02.319689+00:00,2026-09-13T05:10:02.819135+00:00,제품정체형,썰쇼핑,17500,2026-09-09 02:35:38
ZTl9B706st8,https://www.youtube.com/watch?v=ZTl9B706st8,uct8wkoq7yyq2mgzqqf8_-hw,쇼핑 치트키,말도 안된다는 다이소 제품,76799,1,2026-09-02T09:46:03.000270+00:00,2026-09-04T23:10:02.346310+00:00,2026-09-16T05:10:03.000270+00:00,제품정체형,썰쇼핑,4700,2026-09-09 07:08:49
YPtd5xKFNrU,https://www.youtube.com/watch?v=YPtd5xKFNrU,ucqrltjou9wttstlwiem2lma,왜 팔릴까,손자다친날 시작된 일본장인의 발명품,75735,26,2026-09-04T10:40:03.000270+00:00,2026-09-04T23:10:02.346310+00:00,2026-09-16T05:10:03.000270+00:00,제품정체형,썰쇼핑,1720,2026-09-09 07:08:49
p3O9Ok6dTFo,https://www.youtube.com/watch?v=p3O9Ok6dTFo,uc5rvoexd7qdesakzghws1mq,드라마짠,영훈이 석진을 사위로 막아선 충격적인 이유 #욕망의덫 #드라마 #드라마추천 #드라마리뷰 #일일드라마 #막장드라마 #가족드라마 #욕망의덫예상,74582,3,2026-08-31T03:28:02.300105+00:00,2026-09-09T23:10:01.358608+00:00,2026-09-13T23:10:02.300105+00:00,기타,썰쇼핑,4340,2026-09-09 07:08:49
xLwPfPH0Tj4,https://www.youtube.com/watch?v=xLwPfPH0Tj4,uc5rvoexd7qdesakzghws1mq,드라마짠,27년 전 주미란·강영훈 사이에 아이가 있었다....그 아이는 누구?#욕망의덫 #드라마 #드라마예측 #막장드라마 #kbs드라마 #일일드라마 #드라마추천,74495,2,2026-09-08T20:58:03.000270+00:00,2026-09-09T23:10:01.358608+00:00,2026-09-16T05:10:03.000270+00:00,기타,썰쇼핑,4340,2026-09-09 07:08:49
31jv-bkkB3c,https://www.youtube.com/watch?v=31jv-bkkB3c,ucjcbuxcvr7fojmnvzw3haua,상자쿤,미국 제조사도 놀란 일본 천재의 발명품ㄷㄷㄷ,73906,14,2026-09-05T09:46:03.000270+00:00,2026-09-08T11:10:24.676804+00:00,2026-09-16T05:10:03.000270+00:00,제품정체형,썰쇼핑,5860,2026-09-09 07:08:49
dD6x2HAGx6Q,https://www.youtube.com/watch?v=dD6x2HAGx6Q,uc5rvoexd7qdesakzghws1mq,드라마짠,27년 만에 드러난 강영훈과 주미란의 충격적인 과거 #욕망의덫 #드라마 #드라마추천 #드라마리뷰 #일일드라마,73659,7,2026-09-02T01:52:03.157352+00:00,2026-09-09T23:10:01.358608+00:00,2026-09-15T23:10:03.157352+00:00,기타,썰쇼핑,4340,2026-09-09 07:08:49
NjdId2KTnDw,https://www.youtube.com/watch?v=NjdId2KTnDw,uco9-zofurha9d1wwatfgzkg,땡스템,이케아 설계자도 몰랐던 미친 꼼수 #이케아테이블 #이케아추천템 #보조테이블 #협탁추천 #홈인테리어,73445,2,2026-09-02T09:52:03.000270+00:00,2026-09-04T23:10:02.346310+00:00,2026-09-16T05:10:03.000270+00:00,제품정체형,썰쇼핑,4210,2026-09-09 07:08:49
a4oNOuzJapo,https://www.youtube.com/watch?v=a4oNOuzJapo,uc-qj4zhvdxc0f-m8quxl-fw,귤템,간식에 진심인 한국 천재 주부 발명품,72934,10,2026-09-06T10:34:03.000270+00:00,2026-09-08T11:10:24.676804+00:00,2026-09-16T05:10:03.000270+00:00,홈템,썰쇼핑,4880,2026-09-09 07:08:49
Vp_4E6x5NW8,https://www.youtube.com/watch?v=Vp_4E6x5NW8,uc8wcwts4chdpce-nzqpm04a,인생갓템,너무 황당한 곳에서 매출 폭등한 제품,72693,9,2026-09-05T23:28:03.000270+00:00,2026-09-06T23:10:01.282766+00:00,2026-09-16T05:10:03.000270+00:00,제품정체형,썰쇼핑,30700,2026-09-09 07:08:49
xjTgO1GanZ8,https://www.youtube.com/watch?v=xjTgO1GanZ8,ucqrltjou9wttstlwiem2lma,왜 팔릴까,캠핑에 미친 미국천재가 만든 제품,72406,17,2026-08-31T09:34:02.569334+00:00,2026-09-04T23:10:02.346310+00:00,2026-09-14T05:10:02.569334+00:00,제품정체형,썰쇼핑,1720,2026-09-09 07:08:49
UKawf_Uxs4g,https://www.youtube.com/watch?v=UKawf_Uxs4g,uclecy6ihcjwmcbjhiz2-ctg,이븐쇼핑,한국 천재가 만들어 떼돈 번 제품의 정체,72031,13,2026-09-03T08:28:03.000270+00:00,2026-09-04T23:10:02.346310+00:00,2026-09-16T05:10:03.000270+00:00,제품정체형,썰쇼핑,28300,2026-09-09 07:08:49
N7n6LabRPAY,https://www.youtube.com/watch?v=N7n6LabRPAY,ucm_du1kofq8nxfvmtm0xx2w,로디홈,이케아 본사도 감탄한 나무상자 아이디어,71395,4,2026-09-03T14:10:03.000270+00:00,2026-09-04T23:10:02.346310+00:00,2026-09-16T05:10:03.000270+00:00,홈템,썰쇼핑,5990,2026-09-09 07:08:49
cVM-QO0Ik8c,https://www.youtube.com/watch?v=cVM-QO0Ik8c,uchf6vudwbonfotjr4oox3qw,생활용품 연구소,살림 천재들의 바구니 활용법,71274,9,2026-08-27T08:58:02.680133+00:00,2026-09-04T23:10:02.346310+00:00,2026-09-10T08:10:02.680133+00:00,홈템,썰쇼핑,20700,2026-08-19 05:56:25
zncAnyBIkp0,https://www.youtube.com/watch?v=zncAnyBIkp0,uci7bltdlfsal3bodxjkalqw,수미네집,10만원 아껴준 천원짜리 다이소템,71106,2,2026-08-31T09:46:02.569334+00:00,2026-09-08T11:10:24.676804+00:00,2026-09-14T05:10:02.569334+00:00,홈템,썰쇼핑,6030,2026-09-09 07:08:49
udT-KYQn1zY,https://www.youtube.com/watch?v=udT-KYQn1zY,ucamzjidsn-e1fi_kpveqt_q,순삭킥,웃음거리에서 히어로 되어버린 남자의 결말 #서핑 #아이언맨 #인공파도 #웃긴영상 #실수,68952,13,2026-09-08T10:28:03.000270+00:00,2026-09-14T23:10:03.036703+00:00,2026-09-16T05:10:03.000270+00:00,기타,썰쇼핑,8870,2026-09-14 07:06:10
iOptdMNN5YE,https://www.youtube.com/watch?v=iOptdMNN5YE,uctd1t12z1qtvalhdd728tsg,우디홈템,다이소 꿀템 하나로 집안 불편함 해결하는 방법,68502,7,2026-09-09T22:58:03.000270+00:00,2026-09-09T23:10:01.358608+00:00,2026-09-16T05:10:03.000270+00:00,홈템,썰쇼핑,3700,2026-09-09 07:08:49
n5TodHGndGA,https://www.youtube.com/watch?v=n5TodHGndGA,ucbyo4sbywz2owv1u309owmq,젤다바라,철 상자 윈드봄,68461,40,2026-09-12T08:58:03.000270+00:00,2026-09-12T23:10:03.131380+00:00,2026-09-16T05:10:03.000270+00:00,기타,썰쇼핑,78800,2026-09-09 07:08:49
PkztO6gn534,https://www.youtube.com/watch?v=PkztO6gn534,uc5rvoexd7qdesakzghws1mq,드라마짠,"모기 한 마리로 시작된 뜻밖의 실수, 결국 사건을 다시 움직이기 시작했다 #욕망의덫 #욕망의덫예상 #드라마 #드라마추천 #드라마리뷰 #막장드라마 #가족드라마",66994,8,2026-09-06T06:58:03.000270+00:00,2026-09-09T23:10:01.358608+00:00,2026-09-16T05:10:03.000270+00:00,기타,썰쇼핑,4340,2026-09-09 07:08:49
6JvhOSXMAnU,https://www.youtube.com/watch?v=6JvhOSXMAnU,uctd1t12z1qtvalhdd728tsg,우디홈템,다이소도 네트망을 이렇게 쓸 줄은 몰랐을 듯,65521,2,2026-08-29T22:58:02.660921+00:00,2026-09-04T23:10:02.346310+00:00,2026-09-12T05:10:02.660921+00:00,제품정체형,썰쇼핑,3700,2026-09-09 07:08:49
RFT8vtWgtPc,https://www.youtube.com/watch?v=RFT8vtWgtPc,ucsbp41obff8fsjgcvxut6ga,또왔소,모두를 속여버린 역대급 반전 킥,65415,1,2026-09-12T06:46:03.000270+00:00,2026-09-12T23:10:03.131380+00:00,2026-09-16T05:10:03.000270+00:00,제품정체형,썰쇼핑,10700,2026-09-09 07:08:49
Tu2a8Lu0Oyw,https://www.youtube.com/watch?v=Tu2a8Lu0Oyw,uc963edydyw3xjtuisucdbww,인생굿즈,또 이상한거 만든 HP?,64723,115,2026-09-12T12:40:03.000270+00:00,2026-09-12T23:10:03.131380+00:00,2026-09-16T05:10:03.000270+00:00,기타,썰쇼핑,15600,2026-09-09 07:08:49
yeOtFkayZf0,https://www.youtube.com/watch?v=yeOtFkayZf0,ucbyo4sbywz2owv1u309owmq,젤다바라,젤다 40주년 기념 다이렉트 방송,64153,50,2026-09-05T07:22:03.000270+00:00,2026-09-08T12:30:44.178691+00:00,2026-09-16T05:10:03.000270+00:00,기타,썰쇼핑,78800,2026-09-09 07:08:49
TolYER06Y84,https://www.youtube.com/watch?v=TolYER06Y84,ucxeyhz8xitvlxhdduxy6zca,리뷰남 ,좁은 책상 하나 때문에 30억 펀딩받은 천재적인 아이디어,63436,32,2026-09-11T04:40:03.000270+00:00,2026-09-11T05:10:02.666924+00:00,2026-09-16T05:10:03.000270+00:00,제품정체형,썰쇼핑,16100,2026-09-09 07:08:49
vmNdCFstH7E,https://www.youtube.com/watch?v=vmNdCFstH7E,ucfaekcmnuys14pviokatqrg,형님여기,한국 천재가 만들어 돈방석 앉은 제품,62382,12,2026-08-30T13:40:02.819135+00:00,2026-09-04T23:10:02.346310+00:00,2026-09-13T05:10:02.819135+00:00,제품정체형,썰쇼핑,11300,2026-09-09 07:08:49
C7luQhALys8,https://www.youtube.com/watch?v=C7luQhALys8,uco9-zofurha9d1wwatfgzkg,땡스템,이케아 디자이너도 놀랐다는 미친 활용법 #이케아꿀템 #주방꿀템 #냄비받침대추천 #주방인테리어 #이케아추천템,60311,1,2026-09-10T09:58:03.000270+00:00,2026-09-11T02:10:02.367900+00:00,2026-09-16T05:10:03.000270+00:00,오용형,썰쇼핑,4210,2026-09-09 07:08:49
ZoE_mdExWvg,https://www.youtube.com/watch?v=ZoE_mdExWvg,uc9cpf1vjxwkndwy1jvvdzvw,쇼핑남자,한 번 써보면 일반 얼음틀 못쓴다는 제품,60035,14,2026-08-30T06:28:02.819135+00:00,2026-09-04T23:10:02.346310+00:00,2026-09-13T05:10:02.819135+00:00,제품정체형,썰쇼핑,6370,2026-09-09 07:08:49
hr6PrLfYSnw,https://www.youtube.com/watch?v=hr6PrLfYSnw,uc-qj4zhvdxc0f-m8quxl-fw,귤템,김밥천국도 울고 갈 한국 천재 발명품,59669,24,2026-09-12T10:58:03.000270+00:00,2026-09-12T23:10:03.131380+00:00,2026-09-16T05:10:03.000270+00:00,제품정체형,썰쇼핑,4880,2026-09-09 07:08:49
htA7zfI2SgQ,https://www.youtube.com/watch?v=htA7zfI2SgQ,ucl12scb2y7j-kx0_ghaf-xq,썰풀다,절대 강아지 텀블러 사지 마세요! 생수병에 이거 하나면 끝!#강아지산책용품 #반려견꿀템 #강아지물병 #실리콘보틀캡,59072,1,2026-09-05T22:52:03.000270+00:00,2026-09-05T23:10:01.374377+00:00,2026-09-16T05:10:03.000270+00:00,홈템,썰쇼핑,0,2026-08-19 05:56:25
OBUhGCtI6Nc,https://www.youtube.com/watch?v=OBUhGCtI6Nc,ucbyo4sbywz2owv1u309owmq,젤다바라,키마의 은밀한 취미,59052,18,2026-08-26T10:46:02.542305+00:00,2026-09-08T12:30:44.178691+00:00,2026-09-09T05:10:02.542305+00:00,기타,썰쇼핑,78800,2026-09-09 07:08:49
1NYLBZqMyME,https://www.youtube.com/watch?v=1NYLBZqMyME,uchf6vudwbonfotjr4oox3qw,생활용품 연구소,다이소도 놀란 바구니 활용법,57800,7,2026-09-13T02:28:03.000270+00:00,2026-09-13T05:10:02.819135+00:00,2026-09-16T05:10:03.000270+00:00,오용형,썰쇼핑,20700,2026-08-19 05:56:25
VD2aBcznQHM,https://www.youtube.com/watch?v=VD2aBcznQHM,uc9cpf1vjxwkndwy1jvvdzvw,쇼핑남자,한 번 써보면 선크림 안바르게된다는 이것,57778,7,2026-08-23T01:04:01.374377+00:00,2026-09-04T23:10:02.346310+00:00,2026-09-05T23:10:01.374377+00:00,제품정체형,썰쇼핑,6370,2026-09-09 07:08:49
baHhAH2goQA,https://www.youtube.com/watch?v=baHhAH2goQA,ucjbxdaaibb0uk1zdepjja6w,쇼핑천재,날밤새던 육아맘 구원한 육아천재의 발명품,57229,6,2026-09-12T01:52:03.000270+00:00,2026-09-12T05:10:02.660921+00:00,2026-09-16T05:10:03.000270+00:00,제품정체형,썰쇼핑,40600,2026-09-09 07:08:49
B4rHkreThaE,https://www.youtube.com/watch?v=B4rHkreThaE,uc5rvoexd7qdesakzghws1mq,드라마짠,"석진과 해라 결혼 반대하는 영훈, 끔찍한 이유가 있었다 #욕망의덫 #드라마 #드라마추천 #드라마예고 #가족드라마 #일일드라마",57065,6,2026-08-31T12:22:02.569334+00:00,2026-09-09T23:10:01.358608+00:00,2026-09-14T05:10:02.569334+00:00,기타,썰쇼핑,4340,2026-09-09 07:08:49
lskwnvQLvfs,https://www.youtube.com/watch?v=lskwnvQLvfs,uclecy6ihcjwmcbjhiz2-ctg,이븐쇼핑,상상도 못한 기능으로 떼돈번 천재의 발명품,56564,21,2026-09-13T01:58:03.000270+00:00,2026-09-13T05:10:02.819135+00:00,2026-09-16T05:10:03.000270+00:00,제품정체형,썰쇼핑,28300,2026-09-09 07:08:49
nzc0sTl3fuo,https://www.youtube.com/watch?v=nzc0sTl3fuo,uc5vyr2cff4364oi5l6cwrja,숏핑,LG도 예상 못한 천재 주부 활용법,56329,3,2026-09-11T08:46:03.000270+00:00,2026-09-11T23:10:02.319689+00:00,2026-09-16T05:10:03.000270+00:00,오용형,썰쇼핑,39900,2026-09-09 07:08:49
KuIR9qBRPQQ,https://www.youtube.com/watch?v=KuIR9qBRPQQ,ucvq26myeojatrmce0pm0qsq,먹킷리스트,99%가 에어프라이어 종이호일을 반대로 깔고 있었습니다. 심지어 살림 고수 1%만 제대로 알고 있다는 생활꿀팁!,56109,24,2026-09-12T09:58:03.000270+00:00,2026-09-12T23:10:03.131380+00:00,2026-09-16T05:10:03.000270+00:00,홈템,썰쇼핑,89600,2026-09-09 07:08:49
KGSD1TR6AA4,https://www.youtube.com/watch?v=KGSD1TR6AA4,uc8wcwts4chdpce-nzqpm04a,인생갓템,반전기능으로 일본 초토화시킨 제품,55453,5,2026-09-13T04:40:03.000270+00:00,2026-09-13T05:10:02.819135+00:00,2026-09-16T05:10:03.000270+00:00,제품정체형,썰쇼핑,30700,2026-09-09 07:08:49
TWFP-UKXCUU,https://www.youtube.com/watch?v=TWFP-UKXCUU,uc4iyryt1y1d5_cdjaocsk6q,설렘픽,"다이소 직원도 놀란 활용법, 접착식 후크 하나로 집안 전체를…",55432,1,2026-08-29T04:04:02.319689+00:00,2026-09-04T23:10:02.346310+00:00,2026-09-11T23:10:02.319689+00:00,오용형,썰쇼핑,2580,2026-09-09 07:08:49
SaqCg0Eka30,https://www.youtube.com/watch?v=SaqCg0Eka30,uc6cd2qevvm23b0xojjho50q,썰쇼템,매일 밤 입에 테이프 붙이는 사람들의 정체,55244,18,2026-09-11T02:58:03.000270+00:00,2026-09-11T05:10:02.666924+00:00,2026-09-16T05:10:03.000270+00:00,제품정체형,썰쇼핑,13700,2026-09-09 07:08:49
FsGfFbtEbbo,https://www.youtube.com/watch?v=FsGfFbtEbbo,ucl12scb2y7j-kx0_ghaf-xq,썰풀다,49인치 OLED 모니터의 무서운 부작용#오디세이G9 #OLED모니터 #게이밍모니터 #레이싱게임 #삼성오디세이,55168,6,2026-09-11T13:04:03.000270+00:00,2026-09-11T23:10:02.319689+00:00,2026-09-16T05:10:03.000270+00:00,기타,썰쇼핑,0,2026-08-19 05:56:25
mkhNwVZhdcw,https://www.youtube.com/watch?v=mkhNwVZhdcw,uc8wcwts4chdpce-nzqpm04a,인생갓템,역시 이런기술은 일본이 미쳤다는 제품,54850,8,2026-09-04T02:04:03.000270+00:00,2026-09-04T23:10:02.346310+00:00,2026-09-16T05:10:03.000270+00:00,제품정체형,썰쇼핑,30700,2026-09-09 07:08:49
sMuVtvn5ZAg,https://www.youtube.com/watch?v=sMuVtvn5ZAg,uc8wcwts4chdpce-nzqpm04a,인생갓템,전세계에서 히트친 천재의 아이디어,54809,18,2026-09-10T02:58:03.000270+00:00,2026-09-10T08:10:02.680133+00:00,2026-09-16T05:10:03.000270+00:00,제품정체형,썰쇼핑,30700,2026-09-09 07:08:49
moLpWXbO-iQ,https://www.youtube.com/watch?v=moLpWXbO-iQ,ucamzjidsn-e1fi_kpveqt_q,순삭킥,드릴에 원형 톱날을 끼우면 생기는 일 #목공 #DIY #드릴 #원형톱날 #꿀팁,54223,7,2026-09-11T04:28:03.000270+00:00,2026-09-14T23:10:03.036703+00:00,2026-09-16T05:10:03.000270+00:00,장비템,썰쇼핑,8870,2026-09-14 07:06:10
3LmvzJrPcXQ,https://www.youtube.com/watch?v=3LmvzJrPcXQ,uc9xfth7mqhbdlju9qzpxiha,쿨냥냥,LA시가 BTS에게 한 주를 통째로 바친 진짜 이유,54015,6,2026-09-11T08:40:03.000270+00:00,2026-09-11T23:10:02.319689+00:00,2026-09-16T05:10:03.000270+00:00,기타,썰쇼핑,5630,2026-09-09 07:08:49
rJmoznGPwhQ,https://www.youtube.com/watch?v=rJmoznGPwhQ,ucbxq-jeantm-ihyrndfoqog,먹성비광인,한국냉면가격이 이상해진이유 #꿀템 #최애템,53419,65,2026-09-03T10:28:03.000270+00:00,2026-09-08T11:10:24.676804+00:00,2026-09-16T05:10:03.000270+00:00,제품정체형,썰쇼핑,19200,2026-09-09 07:08:49
eV7hziuBdYw,https://www.youtube.com/watch?v=eV7hziuBdYw,ucwxox_v20iouentjtsfvlsa,와우템픽,트랜스포머 사운드웨이브 완전 자동 변신 로봇 등장! 🔥 #트랜스포머 #사운드웨이브 #로보센,53313,8,2026-09-01T09:28:02.238212+00:00,2026-09-14T23:10:03.036703+00:00,2026-09-15T05:10:02.238212+00:00,제품정체형,썰쇼핑,1080,2026-09-14 07:04:05
883yf1w1TSQ,https://www.youtube.com/watch?v=883yf1w1TSQ,uc7-zana-q91i52ma1ufhghg,달래샵,간호사들이 몰래 박스째 쟁여둔다는 전설의 펜 ㄷㄷ 잉크 번짐 1도 없음 😱,53256,1,2026-08-28T08:58:02.666924+00:00,2026-09-04T23:10:02.346310+00:00,2026-09-11T05:10:02.666924+00:00,기타,썰쇼핑,6910,2026-09-09 07:08:49
3twA93GbFEM,https://www.youtube.com/watch?v=3twA93GbFEM,ucsbp41obff8fsjgcvxut6ga,또왔소,모두가 포기한 구간... 월드 챔피언이 등장하자 벌어진 일 #바이크 #챔피언,52929,0,2026-09-08T07:16:03.000270+00:00,2026-09-08T10:27:51.412064+00:00,2026-09-16T05:10:03.000270+00:00,기타,썰쇼핑,10700,2026-09-09 07:08:49
WS4tqtG6ikk,https://www.youtube.com/watch?v=WS4tqtG6ikk,uc8wcwts4chdpce-nzqpm04a,인생갓템,생각도 못한 사람들에게 개떡상한 제품,52384,2,2026-08-24T03:58:01.282766+00:00,2026-09-04T23:10:02.346310+00:00,2026-09-06T23:10:01.282766+00:00,기타,썰쇼핑,30700,2026-09-09 07:08:49
YNDjPX-G98U,https://www.youtube.com/watch?v=YNDjPX-G98U,ucl12scb2y7j-kx0_ghaf-xq,썰풀다,​3천억 원 넘게 팔려 나간 플스5 패드 속 숨겨진 미친 부품#플스5 #듀얼센스 #PS5 #게이밍기어,52358,62,2026-08-24T13:16:01.282766+00:00,2026-09-04T23:10:02.346310+00:00,2026-09-06T23:10:01.282766+00:00,기타,썰쇼핑,0,2026-08-19 05:56:25
JpQdBnDtS1I,https://www.youtube.com/watch?v=JpQdBnDtS1I,ucajp81ra8nklmrkucjvaysq,앞북이,이름부터 과한 초콜릿의 정체🍫🍫ㄷㄷ,52246,20,2026-09-12T06:16:03.000270+00:00,2026-09-14T23:10:03.036703+00:00,2026-09-16T05:10:03.000270+00:00,제품정체형,썰쇼핑,1100,2026-09-14 07:04:05
8zj2CWWIOLw,https://www.youtube.com/watch?v=8zj2CWWIOLw,ucjbxdaaibb0uk1zdepjja6w,쇼핑천재,수많은 초보엄빠를 구한 대파이모의 정체,52173,5,2026-09-09T02:22:03.000270+00:00,2026-09-09T04:37:54.503187+00:00,2026-09-16T05:10:03.000270+00:00,제품정체형,썰쇼핑,40600,2026-09-09 07:08:49
caN2Zzx5_BE,https://www.youtube.com/watch?v=caN2Zzx5_BE,uckpphyi5ul6uw-axomcfmia,뽀터언니,코스트코가 자기 간판을 버린 이유🍕,51559,22,2026-08-28T09:10:02.666924+00:00,2026-09-04T23:10:02.346310+00:00,2026-09-11T05:10:02.666924+00:00,기타,썰쇼핑,1350,2026-09-09 07:08:49
MwI0fIA9Aaw,https://www.youtube.com/watch?v=MwI0fIA9Aaw,uc5rvoexd7qdesakzghws1mq,드라마짠,"우연처럼 시작된 소연의 전화, 해라의 비밀까지 흔들기 시작했습니다 #욕망의덫 #드라마 #드라마추천 #드라마리뷰 #막장드라마 #가족드라마 #일일드라마",51401,3,2026-09-11T06:52:03.000270+00:00,2026-09-11T23:10:02.319689+00:00,2026-09-16T05:10:03.000270+00:00,제품정체형,썰쇼핑,4340,2026-09-09 07:08:49
bdYynV1Es3Q,https://www.youtube.com/watch?v=bdYynV1Es3Q,ucqccuxzpl3snkehlhbti2hg,갓성비추천템,제조사도 소름돋았다는 천재적 활용법ㄷㄷ,51400,1,2026-09-06T11:16:03.000270+00:00,2026-09-08T11:10:24.676804+00:00,2026-09-16T05:10:03.000270+00:00,제품정체형,썰쇼핑,29800,2026-09-09 07:08:49
hMFosqiq8l8,https://www.youtube.com/watch?v=hMFosqiq8l8,ucvaa_y8pn-ahgsjoqet6h9a,랜더쇼츠,핏줄속 발명품의 명작 #지식,51321,0,2026-09-02T01:52:03.157352+00:00,2026-09-14T23:10:03.036703+00:00,2026-09-15T23:10:03.157352+00:00,제품정체형,썰쇼핑,1490,2026-09-14 07:04:05
lhr04o_TmY0,https://www.youtube.com/watch?v=lhr04o_TmY0,uclecy6ihcjwmcbjhiz2-ctg,이븐쇼핑,다이소가 노리고 있는 일본 천재의 발명품,51115,18,2026-08-28T01:58:02.680133+00:00,2026-09-04T23:10:02.346310+00:00,2026-09-10T08:10:02.680133+00:00,제품정체형,썰쇼핑,28300,2026-09-09 07:08:49
qdDOK1lrfjA,https://www.youtube.com/watch?v=qdDOK1lrfjA,ucl12scb2y7j-kx0_ghaf-xq,썰풀다,AI가 이제 사람 허리까지 추적함ㅋㅋ#HBADAX7 #AI의자 #인체공학의자 #스마트의자 #데스크테리어,50393,1,2026-09-12T23:28:03.000270+00:00,2026-09-13T05:10:02.819135+00:00,2026-09-16T05:10:03.000270+00:00,기타,썰쇼핑,0,2026-08-19 05:56:25
d2xIDlm9SZE,https://www.youtube.com/watch?v=d2xIDlm9SZE,uc7-zana-q91i52ma1ufhghg,달래샵,80년대생 오열하게 만든 그 시절 넷플릭스 감성,50212,73,2026-09-11T09:58:03.000270+00:00,2026-09-11T23:10:02.319689+00:00,2026-09-16T05:10:03.000270+00:00,제품정체형,썰쇼핑,6910,2026-09-09 07:08:49
LcatcxlaMfg,https://www.youtube.com/watch?v=LcatcxlaMfg,uc_hbvja6hxd4v2y0duybvuq,참좋은 도구들,제트스트림 만든회사가 팀킬해버린이유? #유니볼원 젠토 #일본문구,49465,13,2026-09-11T08:16:03.000270+00:00,2026-09-11T23:10:02.319689+00:00,2026-09-16T05:10:03.000270+00:00,제품정체형,썰쇼핑,1830,2026-09-09 07:08:49
rYlV1288CT4,https://www.youtube.com/watch?v=rYlV1288CT4,ucwmaogosqen98l7nc_4xyga,썰핑,이케아도 당황한 한국 천재 활용법,48288,12,2026-09-11T10:22:03.000270+00:00,2026-09-14T23:10:03.036703+00:00,2026-09-16T05:10:03.000270+00:00,오용형,썰쇼핑,15600,2026-09-14 07:04:05
mKPZEp22vPQ,https://www.youtube.com/watch?v=mKPZEp22vPQ,uctd1t12z1qtvalhdd728tsg,우디홈템,"좁은 싱크대, 넓히는 방법이 따로 있었어요 😳",48237,7,2026-08-23T03:28:01.374377+00:00,2026-09-04T23:10:02.346310+00:00,2026-09-05T23:10:01.374377+00:00,기타,썰쇼핑,3700,2026-09-09 07:08:49
7EsnETAaPPI,https://www.youtube.com/watch?v=7EsnETAaPPI,ucxunuiivb1w3mchfbrzxy-a,도파민모음집,더그아웃 벽에 공 튕겨서 글러브로 쏙 집어넣는 야마모토 ㄷㄷ #야구,48220,3,2026-09-13T08:58:03.000270+00:00,2026-09-14T23:10:03.036703+00:00,2026-09-16T05:10:03.000270+00:00,기타,썰쇼핑,78600,2026-09-14 07:04:05
k6J_zPQ1vH4,https://www.youtube.com/watch?v=k6J_zPQ1vH4,ucynpgh7_qesow4pbljhmi2q,유머굿템,귀찮아서 만들었다가 대박난 미국 방명품,47969,14,2026-09-11T09:58:03.000270+00:00,2026-09-11T23:10:02.319689+00:00,2026-09-16T05:10:03.000270+00:00,제품정체형,썰쇼핑,17500,2026-09-09 07:08:49
TmQyn9Tvw80,https://www.youtube.com/watch?v=TmQyn9Tvw80,ucxeyhz8xitvlxhdduxy6zca,리뷰남 ,5만원으로 생태계를 파괴해버린 게이밍 키보드의 등장,47676,20,2026-08-25T03:16:02.851021+00:00,2026-09-04T23:10:02.346310+00:00,2026-09-07T23:10:02.851021+00:00,제품정체형,썰쇼핑,16100,2026-09-09 07:08:49
Bmh1FTjdxmA,https://www.youtube.com/watch?v=Bmh1FTjdxmA,uc5rvoexd7qdesakzghws1mq,드라마짠,"계속되는 우연, 정선은 은설이 친딸인 걸 알아챌까? #욕망의덫 #드라마 #드라마추천 #드라마리뷰 #막장드라마 #일일드라마",46633,2,2026-08-28T12:46:02.666924+00:00,2026-09-09T23:10:01.358608+00:00,2026-09-11T05:10:02.666924+00:00,기타,썰쇼핑,4340,2026-09-09 07:08:49
heLOwwyXkWk,https://www.youtube.com/watch?v=heLOwwyXkWk,ucxeyhz8xitvlxhdduxy6zca,리뷰남 ,삼성 개발자도 기립박수친 천재적인 아이디어,46566,30,2026-08-23T03:40:01.374377+00:00,2026-09-04T23:10:02.346310+00:00,2026-09-05T23:10:01.374377+00:00,제품정체형,썰쇼핑,16100,2026-09-09 07:08:49
k7tXePsMD9A,https://www.youtube.com/watch?v=k7tXePsMD9A,ucnd6bgf50o87a92-ik1di8q,살림도사,다이소가 전혀 예상못한 아이디어,46091,2,2026-09-05T22:58:03.000270+00:00,2026-09-05T23:10:01.374377+00:00,2026-09-16T05:10:03.000270+00:00,오용형,썰쇼핑,14500,2026-09-09 07:08:49
Xd2AdRT1Dt8,https://www.youtube.com/watch?v=Xd2AdRT1Dt8,ucnd6bgf50o87a92-ik1di8q,살림도사,이케아도 충격받은 센스있는 아이디어,46047,1,2026-09-03T22:58:03.000270+00:00,2026-09-04T23:10:02.346310+00:00,2026-09-16T05:10:03.000270+00:00,제품정체형,썰쇼핑,14500,2026-09-09 07:08:49
fDks7w46yro,https://www.youtube.com/watch?v=fDks7w46yro,ucxirsjqetzz4ml6lc-uu5tq,이런호기심,시속 80km로 때리는 바다의 깡패 '갯가재'의 미친 위력 🥊,45968,2,2026-09-10T12:58:03.000270+00:00,2026-09-14T23:10:03.036703+00:00,2026-09-16T05:10:03.000270+00:00,기타,썰쇼핑,14400,2026-09-14 07:04:05
ye7ivHdOYFg,https://www.youtube.com/watch?v=ye7ivHdOYFg,ucxunuiivb1w3mchfbrzxy-a,도파민모음집,배트 깨지는 소리부터 차원이 다른 야구 유망주 장외 홈런 ㄷㄷ #야구,45546,10,2026-09-04T05:58:03.000270+00:00,2026-09-14T23:10:03.036703+00:00,2026-09-16T05:10:03.000270+00:00,기타,썰쇼핑,78600,2026-09-14 07:04:05
7whM75_x3UA,https://www.youtube.com/watch?v=7whM75_x3UA,uc0do9ivmcduowrrnlcg94hw,꿀템줍줍,다이소에서 보이면 꼭 담으세요🔥 활용법이 미쳤어요(0264번),45445,5,,2026-09-04T23:10:02.346310+00:00,2026-09-05T04:42:28.257041+00:00,홈템,썰쇼핑,44400,2026-09-09 02:35:38
N5GkTcCJKR8,https://www.youtube.com/watch?v=N5GkTcCJKR8,ucgfkcrlj5kbiw01hdol2e6g,K파민,야시장 장사가 처음인 한국인 노부부에게 외국인이 건넨 뜻밖의 선물,45413,6,2026-09-05T10:46:03.000270+00:00,2026-09-14T23:10:03.036703+00:00,2026-09-16T05:10:03.000270+00:00,기타,썰쇼핑,446,2026-09-14 07:04:05
sQSzW_oncNE,https://www.youtube.com/watch?v=sQSzW_oncNE,ucqnbrrb-zbu_7o5ksr27l6g,리치쇼핑,강남 8학군에서 난리난 제품의 정체,45163,23,2026-09-13T02:58:03.000270+00:00,2026-09-13T05:10:02.819135+00:00,2026-09-16T05:10:03.000270+00:00,제품정체형,썰쇼핑,3050,2026-09-14 07:04:05
phsZ3EyLXjk,https://www.youtube.com/watch?v=phsZ3EyLXjk,uc8wcwts4chdpce-nzqpm04a,인생갓템,중소기업의 천재가낸 미친 아이디어ㄷㄷ,44562,16,2026-08-26T09:16:02.542305+00:00,2026-09-04T23:10:02.346310+00:00,2026-09-09T05:10:02.542305+00:00,제품정체형,썰쇼핑,30700,2026-09-09 07:08:49
e4g6BOuZGiU,https://www.youtube.com/watch?v=e4g6BOuZGiU,ucbpaopjknymyrihzwt5c_mg,리빙플립,다이소가면 이건 꼭 쟁여두세요,44319,5,2026-08-30T10:46:02.819135+00:00,2026-09-04T23:10:02.346310+00:00,2026-09-13T05:10:02.819135+00:00,홈템,썰쇼핑,13100,2026-09-09 07:08:49
gp95P-K429c,https://www.youtube.com/watch?v=gp95P-K429c,ucmerd4mbsquuixhfb8rtjla,정리왕,정리왕이 기획한 옷장 공개 #정리왕,44051,35,2026-09-01T07:58:02.238212+00:00,2026-09-09T23:10:01.358608+00:00,2026-09-15T05:10:02.238212+00:00,홈템,썰쇼핑,421000,2026-09-09 07:08:49
jv6AapHdSlc,https://www.youtube.com/watch?v=jv6AapHdSlc,uc8wcwts4chdpce-nzqpm04a,인생갓템,오래신을수록 값어치 올라가는 신발,43174,11,2026-09-09T06:22:03.000270+00:00,2026-09-09T23:10:01.358608+00:00,2026-09-16T05:10:03.000270+00:00,제품정체형,썰쇼핑,30700,2026-09-09 07:08:49
o52JzdsNgP4,https://www.youtube.com/watch?v=o52JzdsNgP4,ucsbp41obff8fsjgcvxut6ga,또왔소,거대 야자수를 쪼개면 일어나는 일,42711,2,2026-09-09T09:34:03.000270+00:00,2026-09-09T23:10:01.358608+00:00,2026-09-16T05:10:03.000270+00:00,기타,썰쇼핑,10700,2026-09-09 07:08:49
sVPKmveYoYo,https://www.youtube.com/watch?v=sVPKmveYoYo,uclecy6ihcjwmcbjhiz2-ctg,이븐쇼핑,제모 업계 매출 박살낸 미국 천재의 발명품,42603,3,2026-08-30T01:58:03.131380+00:00,2026-09-04T23:10:02.346310+00:00,2026-09-12T23:10:03.131380+00:00,제품정체형,썰쇼핑,28300,2026-09-09 07:08:49
26DuCvl7ZLs,https://www.youtube.com/watch?v=26DuCvl7ZLs,ucmo2rfye0ljbv_m4e5mhz0w,꿀템탐구소,일본 천재가 만들어 대박난 제품,41670,11,2026-09-13T13:16:03.000270+00:00,2026-09-14T23:10:03.036703+00:00,2026-09-16T05:10:03.000270+00:00,제품정체형,썰쇼핑,4300,2026-09-14 07:04:05
iY75Kh8YkS0,https://www.youtube.com/watch?v=iY75Kh8YkS0,uchf6vudwbonfotjr4oox3qw,생활용품 연구소,품절 대란 난 다이소 꿀템 2가지,41508,2,2026-08-24T08:58:01.282766+00:00,2026-09-04T23:10:02.346310+00:00,2026-09-06T23:10:01.282766+00:00,홈템,썰쇼핑,20700,2026-08-19 05:56:25
6Mr8en9z73E,https://www.youtube.com/watch?v=6Mr8en9z73E,ucof1tzdolqz-odj4r33039g,소소한 리뷰,다이소 직원들도 감탄한 싱크대·욕실템! 악취와 벌레 잡는 치트키 2가지,41454,1,2026-08-29T13:16:02.660921+00:00,2026-09-04T23:10:02.346310+00:00,2026-09-12T05:10:02.660921+00:00,홈템,썰쇼핑,11300,2026-09-09 02:35:38
wtfOM07h0tM,https://www.youtube.com/watch?v=wtfOM07h0tM,uco5envmkrcuynv6jubsd_7g,긍정템,한국 천재가 만들어 떼돈번 제품ㄷㄷ,41326,4,,2026-09-04T23:10:02.346310+00:00,2026-09-04T23:10:02.346310+00:00,제품정체형,썰쇼핑,3660,2026-09-09 07:08:49
uNHVMXwvOQs,https://www.youtube.com/watch?v=uNHVMXwvOQs,ucqccuxzpl3snkehlhbti2hg,갓성비추천템,불편함에 빡쳐 현장고인물이 만든 제품,41319,6,2026-08-31T08:52:02.569334+00:00,2026-09-08T11:10:24.676804+00:00,2026-09-14T05:10:02.569334+00:00,기타,썰쇼핑,29800,2026-09-09 07:08:49
nd6ufSu4-PA,https://www.youtube.com/watch?v=nd6ufSu4-PA,ucbpaopjknymyrihzwt5c_mg,리빙플립,다이소가면 이건 꼭 집어오세요!,40791,0,2026-09-11T00:10:03.000270+00:00,2026-09-11T02:10:02.367900+00:00,2026-09-16T05:10:03.000270+00:00,홈템,썰쇼핑,13100,2026-09-09 07:08:49
YnzUebWxJ5w,https://www.youtube.com/watch?v=YnzUebWxJ5w,ucxirsjqetzz4ml6lc-uu5tq,이런호기심,전기 1도 없이 초대형 선박을 꽉 채운다고? 오대호의 전설적인 로딩 기술 🚢,40522,0,2026-09-14T05:58:03.000270+00:00,2026-09-14T23:10:03.036703+00:00,2026-09-16T05:10:03.000270+00:00,기타,썰쇼핑,14400,2026-09-14 07:04:05
kXINtdgzqCI,https://www.youtube.com/watch?v=kXINtdgzqCI,ucrocrwdkppy1we0hubv9drw,홈꾸미,인테리어 업계 망하게한 스웨덴 천재의 발명품,39941,2,2026-08-23T12:22:01.374377+00:00,2026-09-04T23:10:02.346310+00:00,2026-09-05T23:10:01.374377+00:00,제품정체형,썰쇼핑,15600,2026-09-09 07:08:49
py5IBGr617U,https://www.youtube.com/watch?v=py5IBGr617U,ucsbp41obff8fsjgcvxut6ga,또왔소,신입한테 젓가락 뽑기를 2달 동안 시키면 생기는 일 ㄷㄷ#젓가락 #장인정신 #손기술 #달인 #성장과정,39808,1,2026-09-07T07:58:03.000270+00:00,2026-09-07T23:10:02.851021+00:00,2026-09-16T05:10:03.000270+00:00,제품정체형,썰쇼핑,10700,2026-09-09 07:08:49
sLH_jC2f5Qw,https://www.youtube.com/watch?v=sLH_jC2f5Qw,ucqccuxzpl3snkehlhbti2hg,갓성비추천템,천재가 설계한 아이디어로 결국 대박친 제품,39748,3,2026-09-03T16:16:03.000270+00:00,2026-09-08T11:10:24.676804+00:00,2026-09-16T05:10:03.000270+00:00,제품정체형,썰쇼핑,29800,2026-09-09 07:08:49
GrD3QVVu5rs,https://www.youtube.com/watch?v=GrD3QVVu5rs,uc8wcwts4chdpce-nzqpm04a,인생갓템,미친후기로 입소문나 매출4배 오른제품,39732,4,2026-09-01T10:04:02.238212+00:00,2026-09-04T23:10:02.346310+00:00,2026-09-15T05:10:02.238212+00:00,홈템,썰쇼핑,30700,2026-09-09 07:08:49
3356qZxhhz8,https://www.youtube.com/watch?v=3356qZxhhz8,ucjh0lkgxay9d_hvefiajuwg,와우냥,아무도 예상못한 삼각김밥의 정체,39310,3,2026-09-04T01:58:03.000270+00:00,2026-09-04T23:10:02.346310+00:00,2026-09-16T05:10:03.000270+00:00,제품정체형,썰쇼핑,1340,2026-09-09 07:08:49
OwxnDrAruSc,https://www.youtube.com/watch?v=OwxnDrAruSc,uc8wcwts4chdpce-nzqpm04a,인생갓템,한국인들의 반전활용으로 대박난 제품,38983,6,2026-09-14T12:58:03.000270+00:00,2026-09-14T23:10:03.036703+00:00,2026-09-16T05:10:03.000270+00:00,제품정체형,썰쇼핑,30700,2026-09-09 07:08:49
DbLY3Cc6t7o,https://www.youtube.com/watch?v=DbLY3Cc6t7o,uc7-zana-q91i52ma1ufhghg,달래샵,볼펜에 물감을 통째로 때려박은 정체🎨🔥,38746,2,2026-09-03T09:58:03.000270+00:00,2026-09-04T23:10:02.346310+00:00,2026-09-16T05:10:03.000270+00:00,제품정체형,썰쇼핑,6910,2026-09-09 07:08:49
Wimk5DeXFp0,https://www.youtube.com/watch?v=Wimk5DeXFp0,ucamzjidsn-e1fi_kpveqt_q,순삭킥,지하철역 한복판에 조각상처럼 굳어있는 고양이의 정체 #동물 #고양이 #미스터리 #신기한동물 #지하철,38681,28,2026-09-05T05:58:03.000270+00:00,2026-09-14T23:10:03.036703+00:00,2026-09-16T05:10:03.000270+00:00,제품정체형,썰쇼핑,8870,2026-09-14 07:06:10
FeYGiZpXgRI,https://www.youtube.com/watch?v=FeYGiZpXgRI,uchf6vudwbonfotjr4oox3qw,생활용품 연구소,다이소 가성비 살림 꿀팁,38586,1,2026-08-26T08:58:02.542305+00:00,2026-09-04T23:10:02.346310+00:00,2026-09-09T05:10:02.542305+00:00,홈템,썰쇼핑,20700,2026-08-19 05:56:25
UV2I-9svROQ,https://www.youtube.com/watch?v=UV2I-9svROQ,ucsord3ilyzlndabbmiihcog,썰칩12,레고회사 직원들도 몰래 사는 장난감,38321,10,,2026-09-04T23:10:02.346310+00:00,2026-09-05T04:42:28.257041+00:00,기타,썰쇼핑,22700,2026-09-09 07:08:49
U8tKvHPHUoY,https://www.youtube.com/watch?v=U8tKvHPHUoY,ucxeyhz8xitvlxhdduxy6zca,리뷰남 ,모든 전자기기를 하나로 제어하는 미친 마우스의 등장,38202,1,2026-09-01T06:10:02.238212+00:00,2026-09-04T23:10:02.346310+00:00,2026-09-15T05:10:02.238212+00:00,제품정체형,썰쇼핑,16100,2026-09-09 07:08:49
opUIzWcSXe0,https://www.youtube.com/watch?v=opUIzWcSXe0,uc0do9ivmcduowrrnlcg94hw,꿀템줍줍,다이소가 탐낼 만한 살림꿀템🔥 투명 아크릴가드 활용법(0313번),38187,6,2026-09-12T00:58:03.000270+00:00,2026-09-12T05:10:02.660921+00:00,2026-09-16T05:10:03.000270+00:00,홈템,썰쇼핑,44400,2026-09-09 02:35:38
011nyivgri8,https://www.youtube.com/watch?v=011nyivgri8,uclecy6ihcjwmcbjhiz2-ctg,이븐쇼핑,수압 하나로 떼돈 번 한국 천재의 발명품,38083,10,2026-08-27T11:52:02.680133+00:00,2026-09-04T23:10:02.346310+00:00,2026-09-10T08:10:02.680133+00:00,제품정체형,썰쇼핑,28300,2026-09-09 07:08:49
Pg7IgipYA_4,https://www.youtube.com/watch?v=Pg7IgipYA_4,ucm_du1kofq8nxfvmtm0xx2w,로디홈,위아래 바꿨더니 대박난 이케아 선반,37489,3,2026-09-11T14:58:03.000270+00:00,2026-09-11T23:10:02.319689+00:00,2026-09-16T05:10:03.000270+00:00,홈템,썰쇼핑,5990,2026-09-09 07:08:49
SUT02F4yrMI,https://www.youtube.com/watch?v=SUT02F4yrMI,ucsdfcfw-a0ks-7qsdxpbprw,쇼츠킹,거대한 화물차가 1초 컷으로 실종? 쳐다만 봐도 속 뻥 뚫리는 미친 기계 ㄷㄷ,37191,1,2026-08-30T12:16:02.819135+00:00,2026-09-04T23:10:02.346310+00:00,2026-09-13T05:10:02.819135+00:00,기타,썰쇼핑,72400,2026-09-09 02:35:38
kDGfl0kB8Co,https://www.youtube.com/watch?v=kDGfl0kB8Co,ucamzjidsn-e1fi_kpveqt_q,순삭킥,대걸레가 숨기고 있던 놀라운 비밀 #대걸레 #청소도구 #CCTV #황당사건 #웃긴영상,37081,1,2026-09-09T10:28:03.000270+00:00,2026-09-14T23:10:03.036703+00:00,2026-09-16T05:10:03.000270+00:00,제품정체형,썰쇼핑,8870,2026-09-14 07:06:10
sopfY0u0oJI,https://www.youtube.com/watch?v=sopfY0u0oJI,uc_hbvja6hxd4v2y0duybvuq,참좋은 도구들,제조사도 당황한 한국인 사용법 #메모밴드#일본문구,36794,4,2026-08-27T08:28:02.680133+00:00,2026-09-04T23:10:02.346310+00:00,2026-09-10T08:10:02.680133+00:00,오용형,썰쇼핑,1830,2026-09-09 07:08:49
4Xgaqz3AmHg,https://www.youtube.com/watch?v=4Xgaqz3AmHg,uc-qj4zhvdxc0f-m8quxl-fw,귤템,다이소에 없어서 떼돈번 한국 천재,36741,4,2026-09-05T09:22:03.000270+00:00,2026-09-08T10:27:51.412064+00:00,2026-09-16T05:10:03.000270+00:00,제품정체형,썰쇼핑,4880,2026-09-09 07:08:49
rXYiH_KqLjM,https://www.youtube.com/watch?v=rXYiH_KqLjM,ucxunuiivb1w3mchfbrzxy-a,도파민모음집,슬로우모션으로 뜯어보는 야마모토 미친 투구 메커니즘 ㄷㄷ #야구,36637,2,2026-09-13T04:22:03.000270+00:00,2026-09-14T23:10:03.036703+00:00,2026-09-16T05:10:03.000270+00:00,기타,썰쇼핑,78600,2026-09-14 07:04:05
yv15YfntGPA,https://www.youtube.com/watch?v=yv15YfntGPA,ucamzjidsn-e1fi_kpveqt_q,순삭킥,도대체 이 남자의 진짜 죄명은 무엇일까요? #반전 #연기력 #교도소 #상황극 #미스터리,36314,11,2026-09-01T04:16:03.036703+00:00,2026-09-14T23:10:03.036703+00:00,2026-09-14T23:10:03.036703+00:00,제품정체형,썰쇼핑,8870,2026-09-14 07:06:10
js9Z3dvrSx0,https://www.youtube.com/watch?v=js9Z3dvrSx0,ucxirsjqetzz4ml6lc-uu5tq,이런호기심,쓰러진 고목 속에서 기적처럼 자라난 '아기 나무'의 소름 돋는 생명력 🌱,36172,4,2026-09-11T21:58:03.000270+00:00,2026-09-14T23:10:03.036703+00:00,2026-09-16T05:10:03.000270+00:00,기타,썰쇼핑,14400,2026-09-14 07:04:05
8R43TX-zieU,https://www.youtube.com/watch?v=8R43TX-zieU,ucl12scb2y7j-kx0_ghaf-xq,썰풀다,폭발 무서워서 버너 못 쓰던 캠린이들 이거 보세요 ㄷㄷ​#캠핑용품 #가스버너 #캠핑버너 #차박용품,35807,9,2026-09-08T12:22:03.000270+00:00,2026-09-08T12:30:44.178691+00:00,2026-09-16T05:10:03.000270+00:00,차량템,썰쇼핑,0,2026-08-19 05:56:25
A_O38bnE7w4,https://www.youtube.com/watch?v=A_O38bnE7w4,ucf_di4heihyo_ghbpg-0yxa,공가미,이케아도 감탄해버린 천재 디자이너의 발명품ㄷㄷ,35782,10,2026-09-03T10:46:03.000270+00:00,2026-09-04T23:10:02.346310+00:00,2026-09-16T05:10:03.000270+00:00,제품정체형,썰쇼핑,8070,2026-09-09 07:08:49
kkUJl_bp5Ek,https://www.youtube.com/watch?v=kkUJl_bp5Ek,uclecy6ihcjwmcbjhiz2-ctg,이븐쇼핑,미국 천재가 만들어 떼돈 번 제품의 정체,35638,20,2026-08-25T13:54:44.178691+00:00,2026-09-04T23:10:02.346310+00:00,2026-09-08T12:30:44.178691+00:00,제품정체형,썰쇼핑,28300,2026-09-09 07:08:49
sp9VKrOgFJM,https://www.youtube.com/watch?v=sp9VKrOgFJM,ucl12scb2y7j-kx0_ghaf-xq,썰풀다,카메라 짐벌을 '이것' 용도로 쓰는 사람은 생전 처음 봅니다#DJI #짐벌 #촬영감독 #유머쇼츠 #카메라장비,35277,1,2026-08-29T01:04:02.666924+00:00,2026-09-04T23:10:02.346310+00:00,2026-09-11T05:10:02.666924+00:00,기타,썰쇼핑,0,2026-08-19 05:56:25
Rjf9gReMB4o,https://www.youtube.com/watch?v=Rjf9gReMB4o,ucmo2rfye0ljbv_m4e5mhz0w,꿀템탐구소,전세계 농촌 어르신들 환장하는 이거,35203,4,2026-09-13T07:10:03.000270+00:00,2026-09-14T23:10:03.036703+00:00,2026-09-16T05:10:03.000270+00:00,제품정체형,썰쇼핑,4300,2026-09-14 07:04:05
q0jE0ulLhoo,https://www.youtube.com/watch?v=q0jE0ulLhoo,ucjbxdaaibb0uk1zdepjja6w,쇼핑천재,역발상으로 돈방석앉은 육아천재의 발명품,35147,6,2026-09-10T03:10:03.000270+00:00,2026-09-10T08:10:02.680133+00:00,2026-09-16T05:10:03.000270+00:00,제품정체형,썰쇼핑,40600,2026-09-09 07:08:49
a-WKBf4vnmw,https://www.youtube.com/watch?v=a-WKBf4vnmw,uc-qj4zhvdxc0f-m8quxl-fw,귤템,다이소 손절하게 만든 한국 천재 발명품,34510,2,2026-09-07T08:52:03.000270+00:00,2026-09-08T11:10:24.676804+00:00,2026-09-16T05:10:03.000270+00:00,제품정체형,썰쇼핑,4880,2026-09-09 07:08:49
d3wdArAWX0s,https://www.youtube.com/watch?v=d3wdArAWX0s,ucjlxkqrjd0pecwp1xkuvoeq,꿀템첵첵,다이소 가면 이거 무조건 집어 오셔야 합니다.,34418,0,2026-08-28T02:58:02.367900+00:00,2026-09-04T23:10:02.346310+00:00,2026-09-11T02:10:02.367900+00:00,홈템,썰쇼핑,27200,2026-09-09 07:08:49
vxoE7n8kV30,https://www.youtube.com/watch?v=vxoE7n8kV30,ucamzjidsn-e1fi_kpveqt_q,순삭킥,택배 열자마자 어벤져스 가입하게 생긴 굿즈 #마블 #어벤져스 #아이언맨 #토니스타크 #유머,34335,3,2026-09-13T22:58:03.000270+00:00,2026-09-14T23:10:03.036703+00:00,2026-09-16T05:10:03.000270+00:00,기타,썰쇼핑,8870,2026-09-14 07:06:10
c-kz2Ey36As,https://www.youtube.com/watch?v=c-kz2Ey36As,uc-qj4zhvdxc0f-m8quxl-fw,귤템,다이소에 절대 없는 한국 천재 발명품 ㄷㄷ,34292,3,2026-09-03T08:28:03.000270+00:00,2026-09-08T11:10:24.676804+00:00,2026-09-16T05:10:03.000270+00:00,제품정체형,썰쇼핑,4880,2026-09-09 07:08:49
krVpp11FJ70,https://www.youtube.com/watch?v=krVpp11FJ70,uc8wcwts4chdpce-nzqpm04a,인생갓템,금간 키보드 만들어 개떡상한 천재,34213,5,2026-08-27T02:10:01.358608+00:00,2026-09-04T23:10:02.346310+00:00,2026-09-09T23:10:01.358608+00:00,기타,썰쇼핑,30700,2026-09-09 07:08:49
594I9AW6_UU,https://www.youtube.com/watch?v=594I9AW6_UU,ucqccuxzpl3snkehlhbti2hg,갓성비추천템,키보드에 컴퓨터 쑤셔넣어 대박난 회사,34123,29,2026-09-13T12:34:03.000270+00:00,2026-09-13T23:10:02.300105+00:00,2026-09-16T05:10:03.000270+00:00,기타,썰쇼핑,29800,2026-09-09 07:08:49
9ukKPEmxSj8,https://www.youtube.com/watch?v=9ukKPEmxSj8,uct8wkoq7yyq2mgzqqf8_-hw,쇼핑 치트키,다이소도 기립박수친 한국 천재 활용법,33985,1,2026-08-26T12:34:02.542305+00:00,2026-09-04T23:10:02.346310+00:00,2026-09-09T05:10:02.542305+00:00,홈템,썰쇼핑,4700,2026-09-09 07:08:49
pdU50tz-r-E,https://www.youtube.com/watch?v=pdU50tz-r-E,uctd1t12z1qtvalhdd728tsg,우디홈템,다이소 가면 무조건 담아오세요🛒,33885,1,2026-08-29T04:10:02.319689+00:00,2026-09-04T23:10:02.346310+00:00,2026-09-11T23:10:02.319689+00:00,홈템,썰쇼핑,3700,2026-09-09 07:08:49
EnikwYZA06c,https://www.youtube.com/watch?v=EnikwYZA06c,ucsbp41obff8fsjgcvxut6ga,또왔소,떡잎부터 다르다는 놀라운 순발력,33872,2,2026-09-02T04:04:03.157352+00:00,2026-09-04T23:10:02.346310+00:00,2026-09-15T23:10:03.157352+00:00,기타,썰쇼핑,10700,2026-09-09 07:08:49
eEZ4fxxkDbQ,https://www.youtube.com/watch?v=eEZ4fxxkDbQ,ucl12scb2y7j-kx0_ghaf-xq,썰풀다,원룸에서 고등어 구워도 3초 만에 연기 멸종되는 소름 돋는 이유#노피미니후드 #이동식후드 #삼겹살연기,33807,8,2026-08-26T06:10:24.676804+00:00,2026-09-04T23:10:02.346310+00:00,2026-09-08T11:10:24.676804+00:00,기타,썰쇼핑,0,2026-08-19 05:56:25
bvNm-hRdszM,https://www.youtube.com/watch?v=bvNm-hRdszM,ucxunuiivb1w3mchfbrzxy-a,도파민모음집,"4,400억 투수 야마모토의 반전 넘치는 초딩 포수 시절 ㄷㄷ #야구",33766,1,2026-09-12T06:28:03.000270+00:00,2026-09-14T23:10:03.036703+00:00,2026-09-16T05:10:03.000270+00:00,제품정체형,썰쇼핑,78600,2026-09-14 07:04:05
K1Hyhnme9Mo,https://www.youtube.com/watch?v=K1Hyhnme9Mo,ucgfkcrlj5kbiw01hdol2e6g,K파민,동지 팥죽에 이것 뿌리는 외국인 보더니 23년차 사장님이 던진 한마디,33626,7,2026-09-04T02:28:03.000270+00:00,2026-09-14T23:10:03.036703+00:00,2026-09-16T05:10:03.000270+00:00,기타,썰쇼핑,446,2026-09-14 07:04:05
2YIcUiG6W9I,https://www.youtube.com/watch?v=2YIcUiG6W9I,ucynpgh7_qesow4pbljhmi2q,유머굿템,좁은 집에 이 소파가 딱인 이유,33590,3,2026-08-25T22:00:44.178691+00:00,2026-09-08T11:10:24.676804+00:00,2026-09-08T12:30:44.178691+00:00,기타,썰쇼핑,17500,2026-09-09 07:08:49
5oazgMCfkIw,https://www.youtube.com/watch?v=5oazgMCfkIw,ucamzjidsn-e1fi_kpveqt_q,순삭킥,오늘부터 당장 바꾸어야 할 나의 자세 #바른자세 #걷기습관 #자기관리 #오프숄더 #스타일링,33475,25,2026-09-07T07:58:03.000270+00:00,2026-09-14T23:10:03.036703+00:00,2026-09-16T05:10:03.000270+00:00,기타,썰쇼핑,8870,2026-09-14 07:06:10
Xs6brPNwpgQ,https://www.youtube.com/watch?v=Xs6brPNwpgQ,ucamzjidsn-e1fi_kpveqt_q,순삭킥,우리 엄마가 화가 많이 났어요 #강아지 #양 #엄마개 #동물유머 #숏폼,33451,16,2026-09-08T03:46:03.000270+00:00,2026-09-14T23:10:03.036703+00:00,2026-09-16T05:10:03.000270+00:00,기타,썰쇼핑,8870,2026-09-14 07:06:10
g2fWa4PLALk,https://www.youtube.com/watch?v=g2fWa4PLALk,ucxeyhz8xitvlxhdduxy6zca,리뷰남 ,게임 장르에 맞춰 변신하는 세계 최초 회전식 게임패드,33179,12,2026-09-06T06:28:03.000270+00:00,2026-09-06T23:10:01.282766+00:00,2026-09-16T05:10:03.000270+00:00,홈템,썰쇼핑,16100,2026-09-09 07:08:49
hMzEOQYPL7I,https://www.youtube.com/watch?v=hMzEOQYPL7I,uc5vyr2cff4364oi5l6cwrja,숏핑,일본 천재가 만들어 돈방석 앉은 제품,33136,25,2026-09-07T09:40:03.000270+00:00,2026-09-07T23:10:02.851021+00:00,2026-09-16T05:10:03.000270+00:00,제품정체형,썰쇼핑,39900,2026-09-09 07:08:49
WNYGDAIqzfc,https://www.youtube.com/watch?v=WNYGDAIqzfc,ucjh0lkgxay9d_hvefiajuwg,와우냥,주부들 기립박수친 천재적 제품ㄷㄷ,33078,2,2026-09-07T01:28:03.000270+00:00,2026-09-07T23:10:02.851021+00:00,2026-09-16T05:10:03.000270+00:00,제품정체형,썰쇼핑,1340,2026-09-09 07:08:49
UnaCbyGFz4g,https://www.youtube.com/watch?v=UnaCbyGFz4g,uctd1t12z1qtvalhdd728tsg,우디홈템,"반찬통 뚜껑 보관법, 설거지 후 바로 닫지 마세요",32974,1,2026-09-06T22:58:03.000270+00:00,2026-09-06T23:10:01.282766+00:00,2026-09-16T05:10:03.000270+00:00,레시피,썰쇼핑,3700,2026-09-09 07:08:49
YTVGmx1xSP0,https://www.youtube.com/watch?v=YTVGmx1xSP0,ucmerd4mbsquuixhfb8rtjla,정리왕,정리왕이 기획한 시스탬장 한끗차이#정리왕#드레스룸,32932,4,2026-09-03T07:58:03.000270+00:00,2026-09-09T23:10:01.358608+00:00,2026-09-16T05:10:03.000270+00:00,홈템,썰쇼핑,421000,2026-09-09 07:08:49
MCPgiQpm7LA,https://www.youtube.com/watch?v=MCPgiQpm7LA,ucxunuiivb1w3mchfbrzxy-a,도파민모음집,사회인 야구는 쳐다보지도 못한다는 공포의 160km 강속구 ㄷㄷ #야구,32861,0,2026-09-04T10:10:03.000270+00:00,2026-09-14T23:10:03.036703+00:00,2026-09-16T05:10:03.000270+00:00,기타,썰쇼핑,78600,2026-09-14 07:04:05
1Dx5P-oEDqk,https://www.youtube.com/watch?v=1Dx5P-oEDqk,ucmbeuonh4nls9qryeeue_gg,쓸모있어,부모들을 오열하게 만든 일본 다이소 제품          #다이소 #타투 #타투제거,32846,7,2026-09-03T01:58:03.000270+00:00,2026-09-08T11:10:24.676804+00:00,2026-09-16T05:10:03.000270+00:00,홈템,썰쇼핑,1240,2026-09-09 07:08:49
JkMqlnoByHc,https://www.youtube.com/watch?v=JkMqlnoByHc,ucf_di4heihyo_ghbpg-0yxa,공가미,일본 천재가 개발한 20년 베스트셀러의 정체ㄷㄷㄷ,32819,27,2026-08-30T10:46:02.819135+00:00,2026-09-04T23:10:02.346310+00:00,2026-09-13T05:10:02.819135+00:00,제품정체형,썰쇼핑,8070,2026-09-09 07:08:49
vvFoOj6DdZo,https://www.youtube.com/watch?v=vvFoOj6DdZo,uc_vnciqax_yorgwxnkb2oua,꿀템박스,한국천재가 만들어 초대박친 발명품.마늘 껍질제거기. 광일 감자 박피기#마늘까는기계#마늘박피기#과일껍질게거기,32818,21,2026-09-12T09:04:03.000270+00:00,2026-09-14T23:10:03.036703+00:00,2026-09-16T05:10:03.000270+00:00,제품정체형,썰쇼핑,148,2026-09-14 07:04:05
6RgPvFuA2w4,https://www.youtube.com/watch?v=6RgPvFuA2w4,ucl12scb2y7j-kx0_ghaf-xq,썰풀다,병원 가기 애매하게 찢어졌을 때 응급실비 아껴주는 지퍼 밴드#비상용품 #응급처치 #피부봉합밴드,32487,14,2026-08-25T06:04:02.851021+00:00,2026-09-04T23:10:02.346310+00:00,2026-09-07T23:10:02.851021+00:00,기타,썰쇼핑,0,2026-08-19 05:56:25
j9O2wNUY5E8,https://www.youtube.com/watch?v=j9O2wNUY5E8,ucf_di4heihyo_ghbpg-0yxa,공가미,우주 로켓 보고 만들었다는 커피 도구의 정체,32268,14,2026-09-09T10:46:03.000270+00:00,2026-09-09T23:10:01.358608+00:00,2026-09-16T05:10:03.000270+00:00,기타,썰쇼핑,8070,2026-09-09 07:08:49
t-OC1i9V6c8,https://www.youtube.com/watch?v=t-OC1i9V6c8,ucjcbuxcvr7fojmnvzw3haua,상자쿤,우산은 두 사람용인데 시연은 혼자 합니다,32124,11,2026-09-11T22:52:03.000270+00:00,2026-09-11T23:10:02.319689+00:00,2026-09-16T05:10:03.000270+00:00,기타,썰쇼핑,5860,2026-09-09 07:08:49
rDBmafx9wsE,https://www.youtube.com/watch?v=rDBmafx9wsE,ucyqinyt44mk8u06nlz5n2-g,갓성비스토리,트레이더스가 억울했던 이유,31932,32,2026-08-26T23:04:02.542305+00:00,2026-09-08T12:30:44.178691+00:00,2026-09-09T05:10:02.542305+00:00,기타,썰쇼핑,10300,2026-09-09 07:08:49
cJJY6D3M_jY,https://www.youtube.com/watch?v=cJJY6D3M_jY,ucsevfs9sqzl_tuzrqzsu1yq,쇼츠룸,엄마가 등장하면?#서열1위 #엄마의위엄 #현실가족 #공감유머,31843,4,2026-09-03T22:58:03.000270+00:00,2026-09-14T23:10:03.036703+00:00,2026-09-16T05:10:03.000270+00:00,기타,썰쇼핑,1150,2026-09-14 07:04:05
YMMWRkr1xpk,https://www.youtube.com/watch?v=YMMWRkr1xpk,ucqccuxzpl3snkehlhbti2hg,갓성비추천템,오히려 해외에서 더 극찬받는 한국제품,31801,3,2026-09-04T05:28:03.000270+00:00,2026-09-08T11:10:24.676804+00:00,2026-09-16T05:10:03.000270+00:00,기타,썰쇼핑,29800,2026-09-09 07:08:49
dpT4zGR8kpE,https://www.youtube.com/watch?v=dpT4zGR8kpE,ucsdfcfw-a0ks-7qsdxpbprw,쇼츠킹,사람 수십 명 몫을 단 10초 만에? 전국 인부들 소름 돋게 만든 미친 장비 정체 ㄷㄷ,31761,0,2026-08-28T06:16:02.666924+00:00,2026-09-04T23:10:02.346310+00:00,2026-09-11T05:10:02.666924+00:00,제품정체형,썰쇼핑,72400,2026-09-09 02:35:38
uJPCU6Dlzfw,https://www.youtube.com/watch?v=uJPCU6Dlzfw,ucamzjidsn-e1fi_kpveqt_q,순삭킥,물도 꼭꼭 씹어먹는 강아지 #강아지 #반려동물 #여름 #웃긴영상 #펫,31650,5,2026-09-03T08:28:03.000270+00:00,2026-09-14T23:10:03.036703+00:00,2026-09-16T05:10:03.000270+00:00,기타,썰쇼핑,8870,2026-09-14 07:06:10
nxGE5cZom-E,https://www.youtube.com/watch?v=nxGE5cZom-E,ucxeyhz8xitvlxhdduxy6zca,리뷰남 ,다이소 상품팀도 기립박수 친 독일 천재의 발명품,31599,4,2026-09-04T08:10:03.000270+00:00,2026-09-04T23:10:02.346310+00:00,2026-09-16T05:10:03.000270+00:00,제품정체형,썰쇼핑,16100,2026-09-09 07:08:49
YdE_HqIc9YU,https://www.youtube.com/watch?v=YdE_HqIc9YU,ucpgmvygxrkpjlujlzhth9tg,다람이 썰전,우주인은 안먹는 우주인 아이스크림,31582,5,2026-09-01T08:16:02.238212+00:00,2026-09-08T11:10:24.676804+00:00,2026-09-15T05:10:02.238212+00:00,기타,썰쇼핑,1080,2026-09-09 07:08:49
8B7QpdI4fQA,https://www.youtube.com/watch?v=8B7QpdI4fQA,ucamzjidsn-e1fi_kpveqt_q,순삭킥,운동신경 제로인 우리집 귀여운 골든리트리버 #골든리트리버 #강아지 #반려견 #댕댕이 #펫스타그램,31465,3,2026-09-13T01:58:03.000270+00:00,2026-09-14T23:10:03.036703+00:00,2026-09-16T05:10:03.000270+00:00,기타,썰쇼핑,8870,2026-09-14 07:06:10
iGFGSsO97IU,https://www.youtube.com/watch?v=iGFGSsO97IU,ucvq26myeojatrmce0pm0qsq,먹킷리스트,코스트코에서 파는 새우는 고르는 방법이 따로 있었네요! 장보기 전에 알아두면 좋은 꿀팁입니다.,31352,4,2026-09-10T09:58:03.000270+00:00,2026-09-11T02:10:02.367900+00:00,2026-09-16T05:10:03.000270+00:00,기타,썰쇼핑,89600,2026-09-09 07:08:49
1NKQdCiZUtc,https://www.youtube.com/watch?v=1NKQdCiZUtc,ucm_du1kofq8nxfvmtm0xx2w,로디홈,이케아 설계자도 예상 못한 아이디어,31291,10,,2026-09-04T23:10:02.346310+00:00,2026-09-05T04:42:28.257041+00:00,오용형,썰쇼핑,5990,2026-09-09 07:08:49
6SLchy4E9pc,https://www.youtube.com/watch?v=6SLchy4E9pc,uc6cd2qevvm23b0xojjho50q,썰쇼템,또 이상한 거 만든 다이슨,31246,2,2026-08-28T02:58:02.367900+00:00,2026-09-04T23:10:02.346310+00:00,2026-09-11T02:10:02.367900+00:00,기타,썰쇼핑,13700,2026-09-09 07:08:49
XN5y--4i0M0,https://www.youtube.com/watch?v=XN5y--4i0M0,ucsdfcfw-a0ks-7qsdxpbprw,쇼츠킹,치과에서 썩은 이 뽑는 줄! 십 년 묵은 체증 싹 내려가는 나무뿌리 뽑기,31119,0,2026-09-11T06:28:03.000270+00:00,2026-09-11T23:10:02.319689+00:00,2026-09-16T05:10:03.000270+00:00,기타,썰쇼핑,72400,2026-09-09 02:35:38
Un6K9zeYk8g,https://www.youtube.com/watch?v=Un6K9zeYk8g,ucmo2rfye0ljbv_m4e5mhz0w,꿀템탐구소,깨끗하게 만들어주는 독일천재의 아이템,31058,8,2026-09-10T12:46:03.000270+00:00,2026-09-14T23:10:03.036703+00:00,2026-09-16T05:10:03.000270+00:00,제품정체형,썰쇼핑,4300,2026-09-14 07:04:05
NIll3jOpxWs,https://www.youtube.com/watch?v=NIll3jOpxWs,uc8wcwts4chdpce-nzqpm04a,인생갓템,뜻밖의 사람들에게 난리난 제품,31045,21,2026-08-28T06:34:02.666924+00:00,2026-09-04T23:10:02.346310+00:00,2026-09-11T05:10:02.666924+00:00,기타,썰쇼핑,30700,2026-09-09 07:08:49
qn-UhsU9ghM,https://www.youtube.com/watch?v=qn-UhsU9ghM,ucl12scb2y7j-kx0_ghaf-xq,썰풀다,야자나무 속살을 며칠 동안 가라앉히면 생기는 소름 돋는 일#사고펄 #망고사고 #디저트레시피 #버블티,31039,6,,2026-09-04T23:10:02.346310+00:00,2026-09-05T04:42:28.257041+00:00,레시피,썰쇼핑,0,2026-08-19 05:56:25
muhCCereRLc,https://www.youtube.com/watch?v=muhCCereRLc,ucl12scb2y7j-kx0_ghaf-xq,썰풀다,부가티가 만든 7억 원짜리 병풍?! 펼쳐지는 순간 경악#부가티TV #CSEED #럭셔리가전,31032,13,2026-09-02T06:04:03.000270+00:00,2026-09-04T23:10:02.346310+00:00,2026-09-16T05:10:03.000270+00:00,홈템,썰쇼핑,0,2026-08-19 05:56:25
7nbvyJM0hsg,https://www.youtube.com/watch?v=7nbvyJM0hsg,ucqrltjou9wttstlwiem2lma,왜 팔릴까,플로피 하나로 눈물 쏟게한 제품정체,30941,4,2026-08-30T04:16:03.131380+00:00,2026-09-04T23:10:02.346310+00:00,2026-09-12T23:10:03.131380+00:00,제품정체형,썰쇼핑,1720,2026-09-09 07:08:49
kFU2_ujzZzY,https://www.youtube.com/watch?v=kFU2_ujzZzY,ucamzjidsn-e1fi_kpveqt_q,순삭킥,스트레칭만 했는데 연습실 바닥이 깨끗해진 이유 #댄스 #댄서 #스트레칭 #청소 #유머,30934,0,2026-09-04T08:28:03.000270+00:00,2026-09-14T23:10:03.036703+00:00,2026-09-16T05:10:03.000270+00:00,기타,썰쇼핑,8870,2026-09-14 07:06:10
3QiF3mwwkyQ,https://www.youtube.com/watch?v=3QiF3mwwkyQ,uc9cpf1vjxwkndwy1jvvdzvw,쇼핑남자,한 번 써보면 일반의자 못쓴다는 제품,30671,11,2026-08-29T03:34:02.319689+00:00,2026-09-04T23:10:02.346310+00:00,2026-09-11T23:10:02.319689+00:00,제품정체형,썰쇼핑,6370,2026-09-09 07:08:49
VMMkyJlxico,https://www.youtube.com/watch?v=VMMkyJlxico,ucmeifnqi1f99moxyzgcrp2q,발견상자,말랑이에 매니큐어를 바르면 터지는 이유,30651,1,2026-09-11T02:10:03.000270+00:00,2026-09-11T05:10:02.666924+00:00,2026-09-16T05:10:03.000270+00:00,제품정체형,썰쇼핑,1080,2026-09-09 07:08:49
h8JPIfFnZBM,https://www.youtube.com/watch?v=h8JPIfFnZBM,uco9-zofurha9d1wwatfgzkg,땡스템,엄마들 줄 세운 가구 생태계 파괴템 #살림꿀템 #생활꿀템 #홈인테리어 #흔들의자 #집꾸미기,30425,2,2026-08-23T08:28:01.374377+00:00,2026-09-04T23:10:02.346310+00:00,2026-09-05T23:10:01.374377+00:00,홈템,썰쇼핑,4210,2026-09-09 07:08:49
Um-63OGMltI,https://www.youtube.com/watch?v=Um-63OGMltI,uc8wcwts4chdpce-nzqpm04a,인생갓템,조용히 떼돈버는 사람들의 비밀,30362,6,2026-09-03T13:40:03.000270+00:00,2026-09-04T23:10:02.346310+00:00,2026-09-16T05:10:03.000270+00:00,제품정체형,썰쇼핑,30700,2026-09-09 07:08:49
vIsoOoFY_Ls,https://www.youtube.com/watch?v=vIsoOoFY_Ls,ucynpgh7_qesow4pbljhmi2q,유머굿템,일본 비누 회사도 놀란 한국인의 활용법,30360,0,2026-09-10T09:58:03.000270+00:00,2026-09-11T02:10:02.367900+00:00,2026-09-16T05:10:03.000270+00:00,기타,썰쇼핑,17500,2026-09-09 07:08:49
Ur15qJn18Hs,https://www.youtube.com/watch?v=Ur15qJn18Hs,ucrbvn94qfocjbtkhepz7heg,전설의레전드,애들 엄마한테 이거 사줬더니 감동해서 눈물 흘림  ㅠㅠ 유튭,30256,1,2026-08-28T06:46:02.666924+00:00,2026-09-08T11:10:24.676804+00:00,2026-09-11T05:10:02.666924+00:00,기타,썰쇼핑,10900,2026-09-09 07:08:49
8ROGgwzlZd8,https://www.youtube.com/watch?v=8ROGgwzlZd8,ucxirsjqetzz4ml6lc-uu5tq,이런호기심,1940년대 천재가 만든 미친 발명품 ㄷㄷ 공간 활용 끝판왕 접이식 테이블!,30214,4,2026-09-12T09:58:03.000270+00:00,2026-09-14T23:10:03.036703+00:00,2026-09-16T05:10:03.000270+00:00,제품정체형,썰쇼핑,14400,2026-09-14 07:04:05
N91EhsjJbnw,https://www.youtube.com/watch?v=N91EhsjJbnw,uc4fczuxwwbj0rsvbtvay3bg,숏팡,이케아도 놀란 한국 천재 발명품,30099,0,2026-08-26T08:46:02.542305+00:00,2026-09-08T12:30:44.178691+00:00,2026-09-09T05:10:02.542305+00:00,제품정체형,썰쇼핑,43100,2026-09-09 07:08:49
o5JfvnmF2tw,https://www.youtube.com/watch?v=o5JfvnmF2tw,ucamzjidsn-e1fi_kpveqt_q,순삭킥,흠 잡을데 없지만 상인이 돈을 벌지 못하는 이유,30065,5,2026-09-02T08:28:03.000270+00:00,2026-09-14T23:10:03.036703+00:00,2026-09-16T05:10:03.000270+00:00,기타,썰쇼핑,8870,2026-09-14 07:06:10
TQr8hbtAL1c,https://www.youtube.com/watch?v=TQr8hbtAL1c,ucxirsjqetzz4ml6lc-uu5tq,이런호기심,NASA가 우주에서 소행성 돌을 줍기 위해 발명한 기발한 장치 🚀,29835,13,2026-09-10T21:58:03.000270+00:00,2026-09-14T23:10:03.036703+00:00,2026-09-16T05:10:03.000270+00:00,제품정체형,썰쇼핑,14400,2026-09-14 07:04:05
VFsoHsU_98I,https://www.youtube.com/watch?v=VFsoHsU_98I,ucf_di4heihyo_ghbpg-0yxa,공가미,캠핑 박람회 뒤집어놓은 천재들의 발명품,29831,6,2026-08-25T10:45:51.412064+00:00,2026-09-04T23:10:02.346310+00:00,2026-09-08T10:27:51.412064+00:00,제품정체형,썰쇼핑,8070,2026-09-09 07:08:49
6t5rlyFU1iA,https://www.youtube.com/watch?v=6t5rlyFU1iA,ucl12scb2y7j-kx0_ghaf-xq,썰풀다,보호필름의 목적을 잠깐 잊어버린 광고ㅋㅋ#보호필름 #강화유리 #스마트폰꿀팁 #아이폰악세사리 #갤럭시악세사리,29690,5,2026-09-15T03:22:03.000270+00:00,2026-09-15T05:10:02.238212+00:00,2026-09-16T05:10:03.000270+00:00,기타,썰쇼핑,0,2026-08-19 05:56:25
ICRKcIP8OPU,https://www.youtube.com/watch?v=ICRKcIP8OPU,uc9cpf1vjxwkndwy1jvvdzvw,쇼핑남자,하이힐을 접어버린 천재의 발명품,29689,8,2026-09-09T13:28:03.000270+00:00,2026-09-09T23:10:01.358608+00:00,2026-09-16T05:10:03.000270+00:00,제품정체형,썰쇼핑,6370,2026-09-09 07:08:49
euewc-zPsak,https://www.youtube.com/watch?v=euewc-zPsak,ucxunuiivb1w3mchfbrzxy-a,도파민모음집,포수 시점에서 본 살벌한 야마모토 직구 구위와 미트 파열음 ㄷㄷ #야구,29623,1,2026-09-10T08:52:03.000270+00:00,2026-09-14T23:10:03.036703+00:00,2026-09-16T05:10:03.000270+00:00,기타,썰쇼핑,78600,2026-09-14 07:04:05
BqHfrBTRK_w,https://www.youtube.com/watch?v=BqHfrBTRK_w,ucsevfs9sqzl_tuzrqzsu1yq,쇼츠룸,혼자 두기 싫었던 주인의 결단#강아지 #반려동물 #트럭기사 #감동영상,29553,14,2026-09-05T04:58:03.000270+00:00,2026-09-14T23:10:03.036703+00:00,2026-09-16T05:10:03.000270+00:00,기타,썰쇼핑,1150,2026-09-14 07:04:05
6VWBwsFqvKk,https://www.youtube.com/watch?v=6VWBwsFqvKk,uc5rvoexd7qdesakzghws1mq,드라마짠,"정선과 은설이 나란히 선 순간, 모두가 두 사람을 보고 놀랐습니다 #욕망의덫 #드라마 #드라마추천 #드라마리뷰 #막장드라마 #가족드라마 #일일드라마",29524,2,2026-09-11T11:46:03.000270+00:00,2026-09-11T23:10:02.319689+00:00,2026-09-16T05:10:03.000270+00:00,기타,썰쇼핑,4340,2026-09-09 07:08:49
FROSk63cAP0,https://www.youtube.com/watch?v=FROSk63cAP0,ucf_di4heihyo_ghbpg-0yxa,공가미,커피 박람회 뒤집어버린 천재적인 발명품ㄷㄷㄷ,29451,4,2026-09-15T10:46:03.000270+00:00,2026-09-15T23:10:03.157352+00:00,2026-09-16T05:10:03.000270+00:00,제품정체형,썰쇼핑,8070,2026-09-09 07:08:49
p8-NYNZPdlk,https://www.youtube.com/watch?v=p8-NYNZPdlk,uc_hbvja6hxd4v2y0duybvuq,참좋은 도구들,지독한절약정신이 만든 일본문구 #카도루프#지우개추천,29382,6,2026-08-24T08:28:01.282766+00:00,2026-09-04T23:10:02.346310+00:00,2026-09-06T23:10:01.282766+00:00,기타,썰쇼핑,1830,2026-09-09 07:08:49
Z36vSLprbBM,https://www.youtube.com/watch?v=Z36vSLprbBM,ucamzjidsn-e1fi_kpveqt_q,순삭킥,달인의 경지에 오른 소름 돋는 투망 던지기 기술 #낚시 #투망 #달인 #취미 #힐링,29236,3,2026-09-04T04:28:03.000270+00:00,2026-09-14T23:10:03.036703+00:00,2026-09-16T05:10:03.000270+00:00,기타,썰쇼핑,8870,2026-09-14 07:06:10
1n9jhM9x6Is,https://www.youtube.com/watch?v=1n9jhM9x6Is,uc9cpf1vjxwkndwy1jvvdzvw,쇼핑남자,다이소도 놀란 미국 천재의 발명품,29128,3,2026-08-28T07:58:02.666924+00:00,2026-09-04T23:10:02.346310+00:00,2026-09-11T05:10:02.666924+00:00,제품정체형,썰쇼핑,6370,2026-09-09 07:08:49
jBFglNH0EUE,https://www.youtube.com/watch?v=jBFglNH0EUE,ucxirsjqetzz4ml6lc-uu5tq,이런호기심,대물 낚시꾼들 환장하는 필수템! 비싼 낚싯줄 절대 안 끊어지는 비법 ㄷㄷ,29095,0,2026-09-12T13:58:03.000270+00:00,2026-09-14T23:10:03.036703+00:00,2026-09-16T05:10:03.000270+00:00,기타,썰쇼핑,14400,2026-09-14 07:04:05
bJaqQEo1Oxs,https://www.youtube.com/watch?v=bJaqQEo1Oxs,ucm_du1kofq8nxfvmtm0xx2w,로디홈,이케아 디자이너도 감탄한 벽선반 활용법,29022,3,2026-09-08T12:28:03.000270+00:00,2026-09-08T12:30:44.178691+00:00,2026-09-16T05:10:03.000270+00:00,홈템,썰쇼핑,5990,2026-09-09 07:08:49
34Ju5GMrvhM,https://www.youtube.com/watch?v=34Ju5GMrvhM,uc_hbvja6hxd4v2y0duybvuq,참좋은 도구들,일본문구대상 샤프도 못뺀다는 샤프지우개 #라코닉#솔리드라이트#일본문구,28974,9,2026-09-07T08:46:03.000270+00:00,2026-09-07T23:10:02.851021+00:00,2026-09-16T05:10:03.000270+00:00,기타,썰쇼핑,1830,2026-09-09 07:08:49
FxcGtWjxnQw,https://www.youtube.com/watch?v=FxcGtWjxnQw,ucxeyhz8xitvlxhdduxy6zca,리뷰남 ,2026년 가장 충격적인 세계 최초 로봇 스마트폰의 등장,28961,18,2026-09-05T02:52:03.000270+00:00,2026-09-05T04:42:28.257041+00:00,2026-09-16T05:10:03.000270+00:00,제품정체형,썰쇼핑,16100,2026-09-09 07:08:49
_fkMKtugMt4,https://www.youtube.com/watch?v=_fkMKtugMt4,ucjiyb-pm9ltdsk4a4yw7oia,마미마루,손 잡기 싫어한다면! #미아방지가방,28949,24,2026-09-02T00:58:03.157352+00:00,2026-09-08T11:10:24.676804+00:00,2026-09-15T23:10:03.157352+00:00,기타,썰쇼핑,507,2026-09-09 07:08:49
DOCyK9-UZpc,https://www.youtube.com/watch?v=DOCyK9-UZpc,ucl12scb2y7j-kx0_ghaf-xq,썰풀다,먹다 남긴 과자 절대 그냥 두지 마세요#과자보관 #미니밀봉기 #살림꿀팁,28692,11,2026-08-28T13:04:02.666924+00:00,2026-09-04T23:10:02.346310+00:00,2026-09-11T05:10:02.666924+00:00,홈템,썰쇼핑,0,2026-08-19 05:56:25
gZqjZDf4Z8Q,https://www.youtube.com/watch?v=gZqjZDf4Z8Q,uca1sbg9pja6ilneecrbsrlq,별걸다봄,스마트폰 뒤에 붙은 90년대 유물 ㄷㄷ #SSD,28633,12,2026-08-24T08:52:01.282766+00:00,2026-09-04T23:10:02.346310+00:00,2026-09-06T23:10:01.282766+00:00,제품정체형,썰쇼핑,17700,2026-09-09 07:08:49
p0bJIRlFTwE,https://www.youtube.com/watch?v=p0bJIRlFTwE,ucamzjidsn-e1fi_kpveqt_q,순삭킥,나이는 숫자에 불과하다는 걸 보여준 할아버지의 위엄 #철봉 #운동 #근력 #할아버지 #시니어헬스,28378,10,2026-09-11T08:28:03.000270+00:00,2026-09-14T23:10:03.036703+00:00,2026-09-16T05:10:03.000270+00:00,기타,썰쇼핑,8870,2026-09-14 07:06:10
1-fbXEeaIjA,https://www.youtube.com/watch?v=1-fbXEeaIjA,ucl12scb2y7j-kx0_ghaf-xq,썰풀다,조선시대 서양 언니들의 미친 올인원 파우치 실물#빈티지파우치 #100년전립스틱 #앤티크뷰티,28356,1,2026-09-06T12:16:03.000270+00:00,2026-09-06T23:10:01.282766+00:00,2026-09-16T05:10:03.000270+00:00,뷰티,썰쇼핑,0,2026-08-19 05:56:25
phV8WnrCIUk,https://www.youtube.com/watch?v=phV8WnrCIUk,ucsbp41obff8fsjgcvxut6ga,또왔소,둘 중 한명은 진심이었다,28234,0,2026-09-05T03:22:03.000270+00:00,2026-09-05T04:42:28.257041+00:00,2026-09-16T05:10:03.000270+00:00,기타,썰쇼핑,10700,2026-09-09 07:08:49
Yda8ns9I8pk,https://www.youtube.com/watch?v=Yda8ns9I8pk,uchf6vudwbonfotjr4oox3qw,생활용품 연구소,정리 고수들만 아는 수납 꿀템,28211,3,2026-09-05T02:28:03.000270+00:00,2026-09-05T04:42:28.257041+00:00,2026-09-16T05:10:03.000270+00:00,홈템,썰쇼핑,20700,2026-08-19 05:56:25
8_I_mhtosgY,https://www.youtube.com/watch?v=8_I_mhtosgY,ucsbp41obff8fsjgcvxut6ga,또왔소,면봉 쓰면 안되는 진짜 이유라는데,28204,3,2026-08-23T09:16:01.374377+00:00,2026-09-04T23:10:02.346310+00:00,2026-09-05T23:10:01.374377+00:00,기타,썰쇼핑,10700,2026-09-09 07:08:49
EY8Z7SKMJRc,https://www.youtube.com/watch?v=EY8Z7SKMJRc,ucxunuiivb1w3mchfbrzxy-a,도파민모음집,야마모토 요시노부의 압도적인 불펜 피칭과 미트 파열음 ㄷㄷ #야구,28170,1,2026-09-11T06:40:03.000270+00:00,2026-09-14T23:10:03.036703+00:00,2026-09-16T05:10:03.000270+00:00,기타,썰쇼핑,78600,2026-09-14 07:04:05
WTEcTWd9eqM,https://www.youtube.com/watch?v=WTEcTWd9eqM,ucl12scb2y7j-kx0_ghaf-xq,썰풀다,전기 없이 세탁부터 건조까지? 방구석 발명왕 근황#DIY세탁기 #무전력세탁 #아이디어발명,28150,4,2026-09-07T12:40:03.000270+00:00,2026-09-07T23:10:02.851021+00:00,2026-09-16T05:10:03.000270+00:00,홈템,썰쇼핑,0,2026-08-19 05:56:25
XKsU5w0zkAQ,https://www.youtube.com/watch?v=XKsU5w0zkAQ,uc_hbvja6hxd4v2y0duybvuq,참좋은 도구들,또한번 사고친 일본문구 #카쿠스타#일본문구,28139,2,2026-08-29T08:16:02.660921+00:00,2026-09-04T23:10:02.346310+00:00,2026-09-12T05:10:02.660921+00:00,기타,썰쇼핑,1830,2026-09-09 07:08:49
eoSOYUKhDAc,https://www.youtube.com/watch?v=eoSOYUKhDAc,ucmbeuonh4nls9qryeeue_gg,쓸모있어,제작자도 당황한 천재들의 활용법.   #다이소 #꿀템 #쿠팡추천템 #아이디어,28032,3,2026-08-24T10:58:01.282766+00:00,2026-09-04T23:10:02.346310+00:00,2026-09-06T23:10:01.282766+00:00,오용형,썰쇼핑,1240,2026-09-09 07:08:49
4GxY8dGykuM,https://www.youtube.com/watch?v=4GxY8dGykuM,ucwm38_jaclmkiufqxyrjdng,무슨템,다이소 반전 사용법 #생활용품 #추천템,28024,1,2026-08-30T17:16:02.819135+00:00,2026-09-04T23:10:02.346310+00:00,2026-09-13T05:10:02.819135+00:00,제품정체형,썰쇼핑,31800,2026-09-09 07:08:49
jXbPx4cACko,https://www.youtube.com/watch?v=jXbPx4cACko,ucsbp41obff8fsjgcvxut6ga,또왔소,선생님이 가시길 기다렸던 이유ㅋㅋ,27969,5,2026-09-01T22:16:02.238212+00:00,2026-09-04T23:10:02.346310+00:00,2026-09-15T05:10:02.238212+00:00,기타,썰쇼핑,10700,2026-09-09 07:08:49
pQonr7ZCHUI,https://www.youtube.com/watch?v=pQonr7ZCHUI,uc5rvoexd7qdesakzghws1mq,드라마짠,죽은 아버지의 비밀을 밝히기 위해 해라와 결혼하려는 석진 #욕망의덫 #욕망의덫예상 #드라마 #드라마리뷰 #드라마추천 #막장드라마 #가족드라마,27949,2,2026-09-05T00:46:03.000270+00:00,2026-09-09T23:10:01.358608+00:00,2026-09-16T05:10:03.000270+00:00,제품정체형,썰쇼핑,4340,2026-09-09 07:08:49
q1ElWfVaOE4,https://www.youtube.com/watch?v=q1ElWfVaOE4,uci7bltdlfsal3bodxjkalqw,수미네집,좁은 주방엔 수납함 말고 이거 붙이세요,27865,36,2026-09-09T12:40:03.000270+00:00,2026-09-09T23:10:01.358608+00:00,2026-09-16T05:10:03.000270+00:00,홈템,썰쇼핑,6030,2026-09-09 07:08:49
TSCMToSU7XY,https://www.youtube.com/watch?v=TSCMToSU7XY,ucrbvn94qfocjbtkhepz7heg,전설의레전드,탈모 때문에 삭발한 친구 있으면 이거 꼭 알려줘야 됨,27862,3,2026-09-04T13:58:03.000270+00:00,2026-09-08T11:10:24.676804+00:00,2026-09-16T05:10:03.000270+00:00,기타,썰쇼핑,10900,2026-09-09 07:08:49
HcCGPdnA-XY,https://www.youtube.com/watch?v=HcCGPdnA-XY,uc9cpf1vjxwkndwy1jvvdzvw,쇼핑남자,침대에 미쳐버린 천재의 발명품,27843,9,2026-09-11T08:58:03.000270+00:00,2026-09-11T23:10:02.319689+00:00,2026-09-16T05:10:03.000270+00:00,제품정체형,썰쇼핑,6370,2026-09-09 07:08:49
Q8VEIeOKLiY,https://www.youtube.com/watch?v=Q8VEIeOKLiY,ucsdfcfw-a0ks-7qsdxpbprw,쇼츠킹,이게 정말 철판이라고? 종이처럼 말려서 파이프로 변신하는 미친 공정 정체 ㄷㄷ,27756,1,2026-08-31T05:10:02.300105+00:00,2026-09-04T23:10:02.346310+00:00,2026-09-13T23:10:02.300105+00:00,제품정체형,썰쇼핑,72400,2026-09-09 02:35:38
5LRXCCmjIPA,https://www.youtube.com/watch?v=5LRXCCmjIPA,ucxunuiivb1w3mchfbrzxy-a,도파민모음집,지면을 스치며 미트에 꽂히는 사이드암 투구 폼의 정석 수준 ㄷㄷ #야구,27706,5,2026-09-03T12:28:03.000270+00:00,2026-09-14T23:10:03.036703+00:00,2026-09-16T05:10:03.000270+00:00,기타,썰쇼핑,78600,2026-09-14 07:04:05
VXhlwUJ9MqQ,https://www.youtube.com/watch?v=VXhlwUJ9MqQ,ucm_du1kofq8nxfvmtm0xx2w,로디홈,틈새에 끼웠더니 대박난 이케아 옷장,27622,2,2026-09-12T14:28:03.000270+00:00,2026-09-12T23:10:03.131380+00:00,2026-09-16T05:10:03.000270+00:00,홈템,썰쇼핑,5990,2026-09-09 07:08:49
tlJ9r2cRNBk,https://www.youtube.com/watch?v=tlJ9r2cRNBk,ucsbp41obff8fsjgcvxut6ga,또왔소,할머니의 사랑이 느껴지는 등짝 스매쉬,27603,0,2026-08-29T09:04:02.660921+00:00,2026-09-04T23:10:02.346310+00:00,2026-09-12T05:10:02.660921+00:00,기타,썰쇼핑,10700,2026-09-09 07:08:49
FUtk7t8vHlE,https://www.youtube.com/watch?v=FUtk7t8vHlE,ucsdfcfw-a0ks-7qsdxpbprw,쇼츠킹,사람들이 이 영상을 세 번이나 돌려보는 이유 (속 시원함 주의),27555,0,2026-09-07T08:28:03.000270+00:00,2026-09-07T23:10:02.851021+00:00,2026-09-16T05:10:03.000270+00:00,기타,썰쇼핑,72400,2026-09-09 02:35:38
AMJxslks63Q,https://www.youtube.com/watch?v=AMJxslks63Q,ucdcswue1gcphrrc3wpylicq,오늘줍줍,남사친/여사친 어디까지 허락 가능?#여사친 #남사친 #연애고민,27537,1,2026-09-12T02:10:03.000270+00:00,2026-09-12T05:10:02.660921+00:00,2026-09-16T05:10:03.000270+00:00,기타,썰쇼핑,1110,2026-09-09 07:08:49
M2AytGbhSVE,https://www.youtube.com/watch?v=M2AytGbhSVE,ucemc0lajcxtnwftcao3awhq,꿀템,포켓몬 찐덕후들 눈물 흘리게만드는 피규어,27449,8,2026-09-04T12:10:03.000270+00:00,2026-09-14T23:10:03.036703+00:00,2026-09-16T05:10:03.000270+00:00,기타,썰쇼핑,1070,2026-09-14 07:04:05
CHdT2SNIqgU,https://www.youtube.com/watch?v=CHdT2SNIqgU,ucvq26myeojatrmce0pm0qsq,먹킷리스트,경고합니다. 마트에서 장보기할 때 뒷면을 안 보면 가짜 삽니다. 진짜만 골라 살 수 있는 꿀팁!,27448,5,2026-09-08T09:58:03.000270+00:00,2026-09-09T23:10:01.358608+00:00,2026-09-16T05:10:03.000270+00:00,기타,썰쇼핑,89600,2026-09-09 07:08:49
wzOP-WeGi-0,https://www.youtube.com/watch?v=wzOP-WeGi-0,ucm_du1kofq8nxfvmtm0xx2w,로디홈,이케아 서랍장을 평생 써먹는 방법,27380,1,2026-08-27T10:58:02.680133+00:00,2026-09-04T23:10:02.346310+00:00,2026-09-10T08:10:02.680133+00:00,기타,썰쇼핑,5990,2026-09-09 07:08:49
2kLvr1eLwkc,https://www.youtube.com/watch?v=2kLvr1eLwkc,ucsbp41obff8fsjgcvxut6ga,또왔소,무슨일이야? 응 아무것도 아니야,27363,0,2026-09-04T06:46:03.000270+00:00,2026-09-04T23:10:02.346310+00:00,2026-09-16T05:10:03.000270+00:00,기타,썰쇼핑,10700,2026-09-09 07:08:49
Kd5Si5qtozU,https://www.youtube.com/watch?v=Kd5Si5qtozU,ucxunuiivb1w3mchfbrzxy-a,도파민모음집,외야 담장까지 다트를 던져버리는 야마모토 괴물 어깨 ㄷㄷ #야구,27242,3,2026-09-11T11:16:03.000270+00:00,2026-09-14T23:10:03.036703+00:00,2026-09-16T05:10:03.000270+00:00,기타,썰쇼핑,78600,2026-09-14 07:04:05
QigKyHfbsac,https://www.youtube.com/watch?v=QigKyHfbsac,ucjcbuxcvr7fojmnvzw3haua,상자쿤,흰자만 보내려는데 노른자까지 따라갑니다,27214,5,2026-09-10T22:46:03.000270+00:00,2026-09-11T02:10:02.367900+00:00,2026-09-16T05:10:03.000270+00:00,기타,썰쇼핑,5860,2026-09-09 07:08:49
OCxn3rq7Imk,https://www.youtube.com/watch?v=OCxn3rq7Imk,ucl12scb2y7j-kx0_ghaf-xq,썰풀다,중국 당면인 줄 알고 씹었다가 경악한 이유#장어 #렙토세팔루스 #투명물고기,27075,6,2026-08-29T11:58:02.319689+00:00,2026-09-04T23:10:02.346310+00:00,2026-09-11T23:10:02.319689+00:00,기타,썰쇼핑,0,2026-08-19 05:56:25
IHVifyPuj_0,https://www.youtube.com/watch?v=IHVifyPuj_0,uc-hke7blsfguxnhzrokglsa,와이거뭐냐,전 세계가 포기한 굴 껍데기 쓰레기 한국이 해결한 방법,27059,7,2026-08-28T09:10:02.666924+00:00,2026-09-04T23:10:02.346310+00:00,2026-09-11T05:10:02.666924+00:00,기타,썰쇼핑,1190,2026-09-09 07:08:49
eVTiIZ-TfDM,https://www.youtube.com/watch?v=eVTiIZ-TfDM,uc5rvoexd7qdesakzghws1mq,드라마짠,엄마 소연에 이어 석진까지 은설에게 마음이 흔들렸다 #욕망의덫예상 #드라마 #욕망의덫 #드라마추천 #드라마리뷰 #막장드라마 #가족드라마 #일일드라마,27042,4,2026-09-09T06:58:03.000270+00:00,2026-09-09T23:10:01.358608+00:00,2026-09-16T05:10:03.000270+00:00,기타,썰쇼핑,4340,2026-09-09 07:08:49
Innx8GQsfnw,https://www.youtube.com/watch?v=Innx8GQsfnw,uco5envmkrcuynv6jubsd_7g,긍정템,카페 망하게 한 비엔나 천재 발명품,26981,5,2026-08-23T01:46:01.374377+00:00,2026-09-04T23:10:02.346310+00:00,2026-09-05T23:10:01.374377+00:00,제품정체형,썰쇼핑,3660,2026-09-09 07:08:49
ybAmkB3hcUE,https://www.youtube.com/watch?v=ybAmkB3hcUE,uct8wkoq7yyq2mgzqqf8_-hw,쇼핑 치트키,제조사도 당황한 한국 천재 활용법,26913,3,2026-09-13T12:22:03.000270+00:00,2026-09-13T23:10:02.300105+00:00,2026-09-16T05:10:03.000270+00:00,오용형,썰쇼핑,4700,2026-09-09 07:08:49
4oca4lPzSsU,https://www.youtube.com/watch?v=4oca4lPzSsU,uclfbmumxshw-8ylwcgp-w3w,Gcar지카,톱질 왜 하세요? 나사만 조이면 10초 만에 끝나는 미친 목재 거치대 ㄷㄷ,26904,0,2026-09-11T01:16:03.000270+00:00,2026-09-11T02:10:02.367900+00:00,2026-09-16T05:10:03.000270+00:00,기타,썰쇼핑,75100,2026-09-09 02:35:38
AsgoJSZDAHQ,https://www.youtube.com/watch?v=AsgoJSZDAHQ,uc9cpf1vjxwkndwy1jvvdzvw,쇼핑남자,다이소가 놀란 천재의 발명품 2탄,26750,3,2026-09-05T09:04:03.000270+00:00,2026-09-05T23:10:01.374377+00:00,2026-09-16T05:10:03.000270+00:00,제품정체형,썰쇼핑,6370,2026-09-09 07:08:49
r8ScKV6oQlc,https://www.youtube.com/watch?v=r8ScKV6oQlc,ucnd6bgf50o87a92-ik1di8q,살림도사,다이소 본사도 놀란 역대급 아이디어,26741,5,2026-08-28T22:58:02.666924+00:00,2026-09-04T23:10:02.346310+00:00,2026-09-11T05:10:02.666924+00:00,오용형,썰쇼핑,14500,2026-09-09 07:08:49
pLPPRKmZcrc,https://www.youtube.com/watch?v=pLPPRKmZcrc,uc9cpf1vjxwkndwy1jvvdzvw,쇼핑남자,다이소가 놀란 천재의 발명품,26675,3,2026-09-04T10:46:03.000270+00:00,2026-09-04T23:10:02.346310+00:00,2026-09-16T05:10:03.000270+00:00,제품정체형,썰쇼핑,6370,2026-09-09 07:08:49
Y9ywAG1sn9Y,https://www.youtube.com/watch?v=Y9ywAG1sn9Y,ucnd6bgf50o87a92-ik1di8q,살림도사,이케아 직원도 몰랐던 미친 아이디어,26642,0,2026-09-02T22:58:03.000270+00:00,2026-09-04T23:10:02.346310+00:00,2026-09-16T05:10:03.000270+00:00,오용형,썰쇼핑,14500,2026-09-09 07:08:49
WQDHwhSp_NU,https://www.youtube.com/watch?v=WQDHwhSp_NU,uc5rvoexd7qdesakzghws1mq,드라마짠,석진의 진짜 계획은 은설의 누명을 벗기는 것이었다 #욕망의덫 #욕망의덫예상 #드라마 #드라마추천 #드라마예고 #막장드라마 #일일드라마 #가족드라마,26642,2,2026-09-04T08:04:03.000270+00:00,2026-09-09T23:10:01.358608+00:00,2026-09-16T05:10:03.000270+00:00,기타,썰쇼핑,4340,2026-09-09 07:08:49
r9HlyAM3wM0,https://www.youtube.com/watch?v=r9HlyAM3wM0,ucsevfs9sqzl_tuzrqzsu1yq,쇼츠룸,낚인 바람 현장 반전#반전영상 #유머 #몰카 #상황극 #웃긴영상,26495,0,2026-09-09T04:58:03.000270+00:00,2026-09-14T23:10:03.036703+00:00,2026-09-16T05:10:03.000270+00:00,제품정체형,썰쇼핑,1150,2026-09-14 07:04:05
0HtGLgDAM1c,https://www.youtube.com/watch?v=0HtGLgDAM1c,uc9cpf1vjxwkndwy1jvvdzvw,쇼핑남자,다이소도 놀란 천재의 발명품,26400,9,2026-09-03T05:10:03.000270+00:00,2026-09-04T23:10:02.346310+00:00,2026-09-16T05:10:03.000270+00:00,제품정체형,썰쇼핑,6370,2026-09-09 07:08:49
MJSJKiqZnH4,https://www.youtube.com/watch?v=MJSJKiqZnH4,ucqccuxzpl3snkehlhbti2hg,갓성비추천템,시계매니아들 기립박수 쳐버린 레전드템,26291,2,2026-08-30T13:52:02.819135+00:00,2026-09-08T11:10:24.676804+00:00,2026-09-13T05:10:02.819135+00:00,기타,썰쇼핑,29800,2026-09-09 07:08:49
K5TCWdQU2so,https://www.youtube.com/watch?v=K5TCWdQU2so,uca1sbg9pja6ilneecrbsrlq,별걸다봄,스위스에 실존한다는 찰리와 초콜릿 공장,26223,7,2026-09-10T08:58:03.000270+00:00,2026-09-11T02:10:02.367900+00:00,2026-09-16T05:10:03.000270+00:00,제품정체형,썰쇼핑,17700,2026-09-09 07:08:49
VAVHKtcTNKY,https://www.youtube.com/watch?v=VAVHKtcTNKY,uc9cpf1vjxwkndwy1jvvdzvw,쇼핑남자,텀블러를 해킹해버린 천재의 발명품,26047,5,2026-08-28T12:28:02.666924+00:00,2026-09-04T23:10:02.346310+00:00,2026-09-11T05:10:02.666924+00:00,제품정체형,썰쇼핑,6370,2026-09-09 07:08:49
Ka44bBb0lVk,https://www.youtube.com/watch?v=Ka44bBb0lVk,ucxirsjqetzz4ml6lc-uu5tq,이런호기심,오리들이 물에 풀자마자 환장하고 먹는 단백질 30% 천연 사료 🦆,25937,0,2026-09-14T21:58:03.000270+00:00,2026-09-14T23:10:03.036703+00:00,2026-09-16T05:10:03.000270+00:00,기타,썰쇼핑,14400,2026-09-14 07:04:05
8YAdIIAj-Wg,https://www.youtube.com/watch?v=8YAdIIAj-Wg,ucamzjidsn-e1fi_kpveqt_q,순삭킥,마음을 울리는 노을빛이 만들어낸 최고의 감성 예술 #감성 #힐링 #노을 #그림 #예술작품,25910,15,2026-09-05T10:58:03.000270+00:00,2026-09-14T23:10:03.036703+00:00,2026-09-16T05:10:03.000270+00:00,기타,썰쇼핑,8870,2026-09-14 07:06:10
B1ELN19Dob4,https://www.youtube.com/watch?v=B1ELN19Dob4,ucl12scb2y7j-kx0_ghaf-xq,썰풀다,페라가모·5성급 호텔 VIP들이 싹 쓸어간 그 약과​#생과방약과 #약과추천 #K디저트,25903,3,2026-08-28T06:10:02.680133+00:00,2026-09-04T23:10:02.346310+00:00,2026-09-10T08:10:02.680133+00:00,레시피,썰쇼핑,0,2026-08-19 05:56:25
dpvC9wHN4_Y,https://www.youtube.com/watch?v=dpvC9wHN4_Y,ucdcswue1gcphrrc3wpylicq,오늘줍줍,평소 남편들이 아내를 돕는 완벽한 예시 #웃긴영상 #여자친구 #장난감,25713,17,2026-09-11T09:16:03.000270+00:00,2026-09-11T23:10:02.319689+00:00,2026-09-16T05:10:03.000270+00:00,기타,썰쇼핑,1110,2026-09-09 07:08:49
I-bV4NLJhn8,https://www.youtube.com/watch?v=I-bV4NLJhn8,ucxirsjqetzz4ml6lc-uu5tq,이런호기심,0.1초 만에 위장 완료! 갑오징어의 소름 돋는 사냥 스킬 🦑,25706,0,2026-09-07T13:58:03.000270+00:00,2026-09-14T23:10:03.036703+00:00,2026-09-16T05:10:03.000270+00:00,기타,썰쇼핑,14400,2026-09-14 07:04:05
Fl4gAiLWxwo,https://www.youtube.com/watch?v=Fl4gAiLWxwo,ucqnbrrb-zbu_7o5ksr27l6g,리치쇼핑,아트박스 망하게 만든 일본 천재의 발명품,25641,8,,2026-09-04T23:10:02.346310+00:00,2026-09-05T04:42:28.257041+00:00,제품정체형,썰쇼핑,3050,2026-09-14 07:04:05
DXWct37OvrY,https://www.youtube.com/watch?v=DXWct37OvrY,ucl12scb2y7j-kx0_ghaf-xq,썰풀다,전자레인지에 금속을 넣었더니 일어난 소름 돋는 반전​#샌드위치메이커 #자취템추천 #전자레인지,25472,3,2026-09-04T02:10:03.000270+00:00,2026-09-04T23:10:02.346310+00:00,2026-09-16T05:10:03.000270+00:00,제품정체형,썰쇼핑,0,2026-08-19 05:56:25
1z9pljDf4Hs,https://www.youtube.com/watch?v=1z9pljDf4Hs,ucxteg2lrkvxn8b7umce7qoq,딸기라떼,상위 1% 덕후들만 쓴다는 제품의 정체ㄷㄷ 번짐 없이 쨍하게 그려지는 ENMY 아크릴 컬러 젤펜 🎨#ENMY아크릴젤펜 #젤펜세트 #다꾸템 #문구덕후 #펜추천,25401,6,2026-08-27T09:28:02.680133+00:00,2026-09-04T23:10:02.346310+00:00,2026-09-10T08:10:02.680133+00:00,제품정체형,썰쇼핑,5130,2026-09-09 07:08:49
hZBxKMdoPfY,https://www.youtube.com/watch?v=hZBxKMdoPfY,uc8wcwts4chdpce-nzqpm04a,인생갓템,한국천재의 전세계 놀래킨 미친 아이디어,25328,2,2026-08-25T05:04:02.851021+00:00,2026-09-04T23:10:02.346310+00:00,2026-09-07T23:10:02.851021+00:00,오용형,썰쇼핑,30700,2026-09-09 07:08:49
ZIjxRpPSnkE,https://www.youtube.com/watch?v=ZIjxRpPSnkE,uc_hbvja6hxd4v2y0duybvuq,참좋은 도구들,뭔가 이상하다는 형광펜? #키레나형광펜#문구추천,25286,3,2026-08-25T08:16:02.851021+00:00,2026-09-04T23:10:02.346310+00:00,2026-09-07T23:10:02.851021+00:00,기타,썰쇼핑,1830,2026-09-09 07:08:49
9R5igDXhXqk,https://www.youtube.com/watch?v=9R5igDXhXqk,ucxunuiivb1w3mchfbrzxy-a,도파민모음집,야구장에서 물리 법칙 무시하고 1타 2피 성공시킨 레전드 타자;; #야구,25239,0,2026-09-06T12:28:03.000270+00:00,2026-09-14T23:10:03.036703+00:00,2026-09-16T05:10:03.000270+00:00,기타,썰쇼핑,78600,2026-09-14 07:04:05
4r0iRHtZTqk,https://www.youtube.com/watch?v=4r0iRHtZTqk,ucl12scb2y7j-kx0_ghaf-xq,썰풀다,외국인들이 4K 카메라 앞에서 소름 돋아버린 한국 화장품의 실체#라네즈네오파우더 #파우더추천 #올리브영파우더 #개기름제거,25180,4,2026-08-31T06:10:02.569334+00:00,2026-09-04T23:10:02.346310+00:00,2026-09-14T05:10:02.569334+00:00,뷰티,썰쇼핑,0,2026-08-19 05:56:25
fOLlw0BE5pQ,https://www.youtube.com/watch?v=fOLlw0BE5pQ,uchf6vudwbonfotjr4oox3qw,생활용품 연구소,"낡은 식탁, 절대 버리지 마세요",25173,1,2026-09-07T08:58:03.000270+00:00,2026-09-07T23:10:02.851021+00:00,2026-09-16T05:10:03.000270+00:00,홈템,썰쇼핑,20700,2026-08-19 05:56:25
Zetuo8GUDJE,https://www.youtube.com/watch?v=Zetuo8GUDJE,ucmbeuonh4nls9qryeeue_gg,쓸모있어,다이소도 예상 못한 뜻밖의 사용법?     #다이소 #다이소추천템 #생활꿀팁,25134,4,2026-08-28T06:28:02.666924+00:00,2026-09-08T11:10:24.676804+00:00,2026-09-11T05:10:02.666924+00:00,오용형,썰쇼핑,1240,2026-09-09 07:08:49
e1DTwPKjkv8,https://www.youtube.com/watch?v=e1DTwPKjkv8,ucxeyhz8xitvlxhdduxy6zca,리뷰남 ,자영업자 사장님들이 기립박수 친 조명의 정체,25068,3,2026-08-24T03:28:01.282766+00:00,2026-09-04T23:10:02.346310+00:00,2026-09-06T23:10:01.282766+00:00,제품정체형,썰쇼핑,16100,2026-09-09 07:08:49
mpKhj88CDhA,https://www.youtube.com/watch?v=mpKhj88CDhA,ucl12scb2y7j-kx0_ghaf-xq,썰풀다,겉바속촉 빵 맛집이라는데 작업 방식 보고 눈을 의심함#화덕빵 #극한직업 #겉바속촉 #홈베이킹,24950,5,,2026-09-04T23:10:02.346310+00:00,2026-09-04T23:10:02.346310+00:00,레시피,썰쇼핑,0,2026-08-19 05:56:25
wWu9szIXJy0,https://www.youtube.com/watch?v=wWu9szIXJy0,ucamzjidsn-e1fi_kpveqt_q,순삭킥,눈을 의심하게 만드는 계단식 논 경주 #기이한현상 #이색대회 #스포츠 #도전 #세계기록,24766,8,2026-09-12T03:58:03.000270+00:00,2026-09-14T23:10:03.036703+00:00,2026-09-16T05:10:03.000270+00:00,기타,썰쇼핑,8870,2026-09-14 07:06:10
mGvxRXkklE8,https://www.youtube.com/watch?v=mGvxRXkklE8,uc5rvoexd7qdesakzghws1mq,드라마짠,"죽은 나부장이 남긴 자백편지, 현재가 의심하기 시작한 이유 #욕망의덫 #드라마 #드라마추천 #드라마리뷰 #막장드라마 #가족드라마 #일일드라마",24693,2,2026-09-07T00:58:03.000270+00:00,2026-09-09T23:10:01.358608+00:00,2026-09-16T05:10:03.000270+00:00,기타,썰쇼핑,4340,2026-09-09 07:08:49
OZggpdYcsXE,https://www.youtube.com/watch?v=OZggpdYcsXE,ucl12scb2y7j-kx0_ghaf-xq,썰풀다,이 정도면 청소 알바가 아니라 보물 탐사대 모집 수준#볼풀장청소 #극한직업 #도파민청소 #보물찾기,24588,1,,2026-09-04T23:10:02.346310+00:00,2026-09-05T04:42:28.257041+00:00,기타,썰쇼핑,0,2026-08-19 05:56:25
IJc9qHWA7eA,https://www.youtube.com/watch?v=IJc9qHWA7eA,uc_hbvja6hxd4v2y0duybvuq,참좋은 도구들,뭔가 이상하다는 지우개? #카도케시#일본문구,24564,4,2026-08-26T08:16:02.542305+00:00,2026-09-04T23:10:02.346310+00:00,2026-09-09T05:10:02.542305+00:00,기타,썰쇼핑,1830,2026-09-09 07:08:49
11P4f6KUorw,https://www.youtube.com/watch?v=11P4f6KUorw,ucl12scb2y7j-kx0_ghaf-xq,썰풀다,에어팟 쓰다 빡쳐서 3만 원대 콜라 뚜껑 샀는데 실물 미쳤습니다 ㅋㅋㅋ#코카콜라이어폰 #가성비이어폰 #무선이어폰추천,24455,5,2026-08-26T12:16:01.332600+00:00,2026-09-04T23:10:02.346310+00:00,2026-09-08T23:10:01.332600+00:00,기타,썰쇼핑,0,2026-08-19 05:56:25
ZHfnWUqFPEE,https://www.youtube.com/watch?v=ZHfnWUqFPEE,uchf6vudwbonfotjr4oox3qw,생활용품 연구소,다이소도 예상 못한 활용법,24193,3,2026-09-01T08:58:02.238212+00:00,2026-09-04T23:10:02.346310+00:00,2026-09-15T05:10:02.238212+00:00,오용형,썰쇼핑,20700,2026-08-19 05:56:25
dk_wr2RyiYg,https://www.youtube.com/watch?v=dk_wr2RyiYg,ucxunuiivb1w3mchfbrzxy-a,도파민모음집,중력을 거스르는 역대급 마구의 미친 궤적 ㄷㄷ #야구,24184,8,2026-09-15T05:22:03.000270+00:00,2026-09-15T23:10:03.157352+00:00,2026-09-16T05:10:03.000270+00:00,기타,썰쇼핑,78600,2026-09-14 07:04:05
Lfazx2bjkJA,https://www.youtube.com/watch?v=Lfazx2bjkJA,uc0do9ivmcduowrrnlcg94hw,꿀템줍줍,다이소 직원도 감탄한 접착식 후크 활용법😳(0248번),24178,4,2026-09-06T00:58:03.000270+00:00,2026-09-06T23:10:01.282766+00:00,2026-09-16T05:10:03.000270+00:00,오용형,썰쇼핑,44400,2026-09-09 02:35:38
RTJQO0fvx3A,https://www.youtube.com/watch?v=RTJQO0fvx3A,uc4fczuxwwbj0rsvbtvay3bg,숏팡,이케아도 예상 못한 천재의 활용법,24159,0,2026-09-11T08:58:03.000270+00:00,2026-09-11T23:10:02.319689+00:00,2026-09-16T05:10:03.000270+00:00,오용형,썰쇼핑,43100,2026-09-09 07:08:49
7iQUla7Qim0,https://www.youtube.com/watch?v=7iQUla7Qim0,ucwmaogosqen98l7nc_4xyga,썰핑,솔직히 이건 남친 잘못임ㄷㄷ,24116,5,2026-09-04T10:10:03.000270+00:00,2026-09-14T23:10:03.036703+00:00,2026-09-16T05:10:03.000270+00:00,기타,썰쇼핑,15600,2026-09-14 07:04:05
C0_0uxdUOoA,https://www.youtube.com/watch?v=C0_0uxdUOoA,ucl12scb2y7j-kx0_ghaf-xq,썰풀다,"""주인님 시금치 포착"" 0.1초 만에 조준 사격하는 다이슨 신상 칫솔​#다이슨 #다이슨카메라젯 #전동칫솔",24068,4,2026-09-03T02:16:03.000270+00:00,2026-09-04T23:10:02.346310+00:00,2026-09-16T05:10:03.000270+00:00,기타,썰쇼핑,0,2026-08-19 05:56:25
NMD5LVe7v-w,https://www.youtube.com/watch?v=NMD5LVe7v-w,ucvj31kx7aqjquo3nra5oyvw,인쌩스토리,문희준을 반대했던 이유,23955,2,2026-08-26T02:30:44.178691+00:00,2026-09-08T11:10:24.676804+00:00,2026-09-08T12:30:44.178691+00:00,기타,썰쇼핑,23900,2026-09-09 07:08:49
vG8JPdcyI5o,https://www.youtube.com/watch?v=vG8JPdcyI5o,ucl12scb2y7j-kx0_ghaf-xq,썰풀다,의사들이 면봉 쓰지 말라는 이유를 이제야 알았습니다#끈끈이귀이개 #귀이개추천 #육아꿀템,23901,2,2026-08-25T12:46:02.851021+00:00,2026-09-04T23:10:02.346310+00:00,2026-09-07T23:10:02.851021+00:00,홈템,썰쇼핑,0,2026-08-19 05:56:25
KYZCy039L-4,https://www.youtube.com/watch?v=KYZCy039L-4,uc963edydyw3xjtuisucdbww,인생굿즈,해외보다 한국에서 더 터진 이케아제품?,23799,5,2026-09-03T08:28:03.000270+00:00,2026-09-08T11:10:24.676804+00:00,2026-09-16T05:10:03.000270+00:00,기타,썰쇼핑,15600,2026-09-09 07:08:49
W0-_HRnADGY,https://www.youtube.com/watch?v=W0-_HRnADGY,ucamzjidsn-e1fi_kpveqt_q,순삭킥,빌딩숲 사이에 나타난 진짜 스파이더맨의 실물 #스파이더맨실물 #촬영현장 #마블 #히어로 #목격담,23785,5,2026-09-08T08:28:03.000270+00:00,2026-09-14T23:10:03.036703+00:00,2026-09-16T05:10:03.000270+00:00,기타,썰쇼핑,8870,2026-09-14 07:06:10
7_nvpkdjD_E,https://www.youtube.com/watch?v=7_nvpkdjD_E,uc5vyr2cff4364oi5l6cwrja,숏핑,다이소도 몰랐던 천재 주부 아이디어,23759,1,2026-09-01T08:46:02.238212+00:00,2026-09-04T23:10:02.346310+00:00,2026-09-15T05:10:02.238212+00:00,오용형,썰쇼핑,39900,2026-09-09 07:08:49
5e0figK2MgE,https://www.youtube.com/watch?v=5e0figK2MgE,uc0do9ivmcduowrrnlcg94hw,꿀템줍줍,"다이소 네트망, 이렇게 쓰면 수납장이 됩니다😲(0315번)",23733,6,2026-09-15T10:58:03.000270+00:00,2026-09-15T23:10:03.157352+00:00,2026-09-16T05:10:03.000270+00:00,홈템,썰쇼핑,44400,2026-09-09 02:35:38
Wvc4gYFhFsw,https://www.youtube.com/watch?v=Wvc4gYFhFsw,uc5vyr2cff4364oi5l6cwrja,숏핑,일본 천재가 만들어 떼돈번 제품의 정체,23671,0,2026-09-05T01:52:03.000270+00:00,2026-09-05T04:42:28.257041+00:00,2026-09-16T05:10:03.000270+00:00,제품정체형,썰쇼핑,39900,2026-09-09 07:08:49
AYzcIIhsa9M,https://www.youtube.com/watch?v=AYzcIIhsa9M,ucxeyhz8xitvlxhdduxy6zca,리뷰남 ,크리에이터들이 뽑은 2026년 가장 화제인 제품 정체,23645,2,,2026-09-04T23:10:02.346310+00:00,2026-09-04T23:10:02.346310+00:00,제품정체형,썰쇼핑,16100,2026-09-09 07:08:49
aCp2KYjSTiE,https://www.youtube.com/watch?v=aCp2KYjSTiE,ucl12scb2y7j-kx0_ghaf-xq,썰풀다,귀걸이에 전기 흘렸더니 전설템이 됨ㅋㅋ#티타늄귀걸이 #양극산화 #색변화 #주얼리,23599,2,2026-09-14T22:34:03.000270+00:00,2026-09-14T23:10:03.036703+00:00,2026-09-16T05:10:03.000270+00:00,기타,썰쇼핑,0,2026-08-19 05:56:25
DWAH9NFcLi4,https://www.youtube.com/watch?v=DWAH9NFcLi4,ucqccuxzpl3snkehlhbti2hg,갓성비추천템,현장에서 기립박수친 천재 아이디어,23599,11,2026-08-27T07:28:01.358608+00:00,2026-09-08T11:10:24.676804+00:00,2026-09-09T23:10:01.358608+00:00,기타,썰쇼핑,29800,2026-09-09 07:08:49
mmmPcxr6Y4w,https://www.youtube.com/watch?v=mmmPcxr6Y4w,ucxirsjqetzz4ml6lc-uu5tq,이런호기심,벨루가가 수족관에서 거대한 왕젤리를 먹는 진짜 이유 🐳,23553,6,2026-09-04T13:58:02.238212+00:00,2026-09-14T23:10:03.036703+00:00,2026-09-15T05:10:02.238212+00:00,기타,썰쇼핑,14400,2026-09-14 07:04:05
KsfeopP1KLg,https://www.youtube.com/watch?v=KsfeopP1KLg,uclfbmumxshw-8ylwcgp-w3w,Gcar지카,진흙탕 위를 쓱 지나갔더니 3초 뒤 벌어지는 일 (절대 눈 떼지 마세요),23539,1,2026-08-29T04:22:02.319689+00:00,2026-09-04T23:10:02.346310+00:00,2026-09-11T23:10:02.319689+00:00,기타,썰쇼핑,75100,2026-09-09 02:35:38
6Yv7iQVB6AQ,https://www.youtube.com/watch?v=6Yv7iQVB6AQ,ucl12scb2y7j-kx0_ghaf-xq,썰풀다,삼성보다 7년 늦게 접은 애플… 아이폰 듀오가 다른 이유#아이폰듀오 #폴더블아이폰 #애플 #아이폰 #폴더블폰,23429,74,2026-09-11T04:52:03.000270+00:00,2026-09-11T05:10:02.666924+00:00,2026-09-16T05:10:03.000270+00:00,기타,썰쇼핑,0,2026-08-19 05:56:25
lZWxilM5Oeg,https://www.youtube.com/watch?v=lZWxilM5Oeg,ucpgmvygxrkpjlujlzhth9tg,다람이 썰전,개발자의 실수로 만들어진 초콜렛,23424,4,2026-08-28T00:22:02.680133+00:00,2026-09-08T11:10:24.676804+00:00,2026-09-10T08:10:02.680133+00:00,기타,썰쇼핑,1080,2026-09-09 07:08:49
z0fqhzlw9TM,https://www.youtube.com/watch?v=z0fqhzlw9TM,ucmerd4mbsquuixhfb8rtjla,정리왕,사계절 옷정리는 이제 그만!!,23376,6,2026-09-05T07:58:03.000270+00:00,2026-09-09T23:10:01.358608+00:00,2026-09-16T05:10:03.000270+00:00,홈템,썰쇼핑,421000,2026-09-09 07:08:49
Meg20-eSdi8,https://www.youtube.com/watch?v=Meg20-eSdi8,ucxirsjqetzz4ml6lc-uu5tq,이런호기심,알에서부터 모기가 되기까지! 소름 돋는 4단계 진화 과정 총정리 🦟,23321,5,2026-09-11T05:58:03.000270+00:00,2026-09-14T23:10:03.036703+00:00,2026-09-16T05:10:03.000270+00:00,홈템,썰쇼핑,14400,2026-09-14 07:04:05
rdC0XH9U7Oc,https://www.youtube.com/watch?v=rdC0XH9U7Oc,uc8wcwts4chdpce-nzqpm04a,인생갓템,전세계 덕후들 소름돋은 제품,23244,5,2026-08-27T13:34:02.680133+00:00,2026-09-04T23:10:02.346310+00:00,2026-09-10T08:10:02.680133+00:00,제품정체형,썰쇼핑,30700,2026-09-09 07:08:49
YdJRTcW_Clw,https://www.youtube.com/watch?v=YdJRTcW_Clw,ucamzjidsn-e1fi_kpveqt_q,순삭킥,신부님한테 꼭 축복받고 싶어 앞발 내민 천재견 #강아지 #반려동물 #천재견 #성당 #힐링동영상,23131,4,2026-09-03T10:28:03.000270+00:00,2026-09-14T23:10:03.036703+00:00,2026-09-16T05:10:03.000270+00:00,기타,썰쇼핑,8870,2026-09-14 07:06:10
EQaxiMaMaEA,https://www.youtube.com/watch?v=EQaxiMaMaEA,uc9cpf1vjxwkndwy1jvvdzvw,쇼핑남자,다이소도 탐낸다는 물건의 정체,23071,7,2026-08-29T11:46:02.660921+00:00,2026-09-04T23:10:02.346310+00:00,2026-09-12T05:10:02.660921+00:00,제품정체형,썰쇼핑,6370,2026-09-09 07:08:49
z7fTYjNKr08,https://www.youtube.com/watch?v=z7fTYjNKr08,ucipqot8sknih3msbu2b7ahw,트렌드헌터,인테리어 박람회에서 난리 난 미국 천재의 발명품,23046,5,2026-09-11T13:16:03.000270+00:00,2026-09-14T23:10:03.036703+00:00,2026-09-16T05:10:03.000270+00:00,제품정체형,썰쇼핑,1350,2026-09-14 07:04:05
2rn0sBhSyqY,https://www.youtube.com/watch?v=2rn0sBhSyqY,uc5vyr2cff4364oi5l6cwrja,숏핑,부모들 오열하게 만든 일본 천재 발명품,23014,3,2026-08-30T02:40:03.131380+00:00,2026-09-04T23:10:02.346310+00:00,2026-09-12T23:10:03.131380+00:00,제품정체형,썰쇼핑,39900,2026-09-09 07:08:49
g7crrU-RghA,https://www.youtube.com/watch?v=g7crrU-RghA,uca1sbg9pja6ilneecrbsrlq,별걸다봄,소매치기도 예상 못한 여행자의 발명품,23003,8,2026-09-11T23:04:03.000270+00:00,2026-09-11T23:10:02.319689+00:00,2026-09-16T05:10:03.000270+00:00,제품정체형,썰쇼핑,17700,2026-09-09 07:08:49
QitkjrZ9nwE,https://www.youtube.com/watch?v=QitkjrZ9nwE,ucmlj9igwl-abyr83b7upqda,이슈 리뷰어,다이소도 감탄한 천재적 활용법,22795,5,,2026-09-04T23:10:02.346310+00:00,2026-09-05T04:42:28.257041+00:00,오용형,썰쇼핑,0,2026-08-19 05:56:25
aq5ZR_65Zd0,https://www.youtube.com/watch?v=aq5ZR_65Zd0,ucqccuxzpl3snkehlhbti2hg,갓성비추천템,레고 제작자마저 소름끼쳤다는 제품,22793,1,2026-08-31T15:10:02.569334+00:00,2026-09-08T11:10:24.676804+00:00,2026-09-14T05:10:02.569334+00:00,기타,썰쇼핑,29800,2026-09-09 07:08:49
tgkORrwKBTY,https://www.youtube.com/watch?v=tgkORrwKBTY,ucf_di4heihyo_ghbpg-0yxa,공가미,토끼보고 만들었다는 천재들의 발명품,22782,10,2026-08-23T10:46:01.374377+00:00,2026-09-04T23:10:02.346310+00:00,2026-09-05T23:10:01.374377+00:00,제품정체형,썰쇼핑,8070,2026-09-09 07:08:49
0zhXDSvbHgc,https://www.youtube.com/watch?v=0zhXDSvbHgc,ucxirsjqetzz4ml6lc-uu5tq,이런호기심,1초에 공기 1.3톤 흡입! 한 개에 300억 원 하는 제트 엔진의 정체 🛩️,22756,1,2026-09-11T09:58:03.000270+00:00,2026-09-14T23:10:03.036703+00:00,2026-09-16T05:10:03.000270+00:00,제품정체형,썰쇼핑,14400,2026-09-14 07:04:05
mmPsGjt58rQ,https://www.youtube.com/watch?v=mmPsGjt58rQ,uc5rvoexd7qdesakzghws1mq,드라마짠,"주미란에게 5억을 받은 왕금자, 그냥 물러난 게 아니었습니다 #욕망의덫 #드라마 #드라마추천 #드라마리뷰 #막장드라마 #가족드라마 #일일드라마",22745,0,2026-09-11T20:58:03.000270+00:00,2026-09-11T23:10:02.319689+00:00,2026-09-16T05:10:03.000270+00:00,기타,썰쇼핑,4340,2026-09-09 07:08:49
lsP5w4R2Hrk,https://www.youtube.com/watch?v=lsP5w4R2Hrk,ucxeyhz8xitvlxhdduxy6zca,리뷰남 ,면봉의 단점을 없애버린 천재적인 아이디어,22711,5,2026-08-31T12:22:02.569334+00:00,2026-09-04T23:10:02.346310+00:00,2026-09-14T05:10:02.569334+00:00,제품정체형,썰쇼핑,16100,2026-09-09 07:08:49
3yrtC3FmfHQ,https://www.youtube.com/watch?v=3yrtC3FmfHQ,ucamzjidsn-e1fi_kpveqt_q,순삭킥,선수 출신이라더니 반전 대참사 #배구 #몸치 #개그숏폼 #웃긴영상 #체육복,22607,6,2026-09-07T02:58:03.000270+00:00,2026-09-14T23:10:03.036703+00:00,2026-09-16T05:10:03.000270+00:00,제품정체형,썰쇼핑,8870,2026-09-14 07:06:10
diW_Wdxwnyk,https://www.youtube.com/watch?v=diW_Wdxwnyk,ucf_di4heihyo_ghbpg-0yxa,공가미,호텔 문에 의자 받치다 탄생한 천재 발명품ㄷㄷㄷ,22589,2,2026-09-10T10:46:03.000270+00:00,2026-09-11T02:10:02.367900+00:00,2026-09-16T05:10:03.000270+00:00,제품정체형,썰쇼핑,8070,2026-09-09 07:08:49
DkSviVzNY2M,https://www.youtube.com/watch?v=DkSviVzNY2M,uc7rasihu7b9qtjd81ywoymq,아이템홈,세상에서 가장 신기한 모래 #장난감 #모래놀이,22567,7,2026-08-31T09:40:02.569334+00:00,2026-09-04T23:10:02.346310+00:00,2026-09-14T05:10:02.569334+00:00,기타,썰쇼핑,23800,2026-09-09 07:08:49
v0h6zT_C6UM,https://www.youtube.com/watch?v=v0h6zT_C6UM,ucamzjidsn-e1fi_kpveqt_q,순삭킥,누워서 폰 볼 때 코 깨지는 사람을 위한 역대급 발명품 #스마트폰 #발명품 #꿀템 #유머 #웃긴동영상,22556,20,2026-09-04T10:28:03.000270+00:00,2026-09-14T23:10:03.036703+00:00,2026-09-16T05:10:03.000270+00:00,제품정체형,썰쇼핑,8870,2026-09-14 07:06:10
FJ5sDOFkj88,https://www.youtube.com/watch?v=FJ5sDOFkj88,ucmbeuonh4nls9qryeeue_gg,쓸모있어,다이소에서 꼭 사야하는 BEST 😃😃,22553,8,2026-09-10T09:58:03.000270+00:00,2026-09-11T02:10:02.367900+00:00,2026-09-16T05:10:03.000270+00:00,홈템,썰쇼핑,1240,2026-09-09 07:08:49
8DGSbmB9Oy8,https://www.youtube.com/watch?v=8DGSbmB9Oy8,ucf_di4heihyo_ghbpg-0yxa,공가미,해외에서 난리난 노르웨이 천재의 발명품ㅎㄷㄷ,22531,14,2026-08-29T10:46:02.660921+00:00,2026-09-04T23:10:02.346310+00:00,2026-09-12T05:10:02.660921+00:00,제품정체형,썰쇼핑,8070,2026-09-09 07:08:49
n0n00rIGyqw,https://www.youtube.com/watch?v=n0n00rIGyqw,uc5vyr2cff4364oi5l6cwrja,숏핑,집중력을 되찾아준 천재 발명품,22524,1,2026-09-09T08:40:03.000270+00:00,2026-09-09T23:10:01.358608+00:00,2026-09-16T05:10:03.000270+00:00,제품정체형,썰쇼핑,39900,2026-09-09 07:08:49
friZiEw5Vxs,https://www.youtube.com/watch?v=friZiEw5Vxs,ucm_du1kofq8nxfvmtm0xx2w,로디홈,이케아가 생각해낸 보조테이블 아이디어,22457,5,2026-08-30T13:58:02.819135+00:00,2026-09-04T23:10:02.346310+00:00,2026-09-13T05:10:02.819135+00:00,기타,썰쇼핑,5990,2026-09-09 07:08:49
aUgesu9RqRs,https://www.youtube.com/watch?v=aUgesu9RqRs,ucrbvn94qfocjbtkhepz7heg,전설의레전드,견주들 사이에서 난리 난 가성비 산책 필수템!,22354,6,2026-09-05T09:46:03.000270+00:00,2026-09-08T11:10:24.676804+00:00,2026-09-16T05:10:03.000270+00:00,기타,썰쇼핑,10900,2026-09-09 07:08:49
-Sk5N_xm_08,https://www.youtube.com/watch?v=-Sk5N_xm_08,ucamzjidsn-e1fi_kpveqt_q,순삭킥,톰 크루즈 따라 하다가 진짜 본인에게 딱 걸린 남자의 결말 #톰 크루즈 #할리우드 #미션임파서블 #웃긴동영상 #배우,22340,1,2026-09-14T03:58:03.000270+00:00,2026-09-14T23:10:03.036703+00:00,2026-09-16T05:10:03.000270+00:00,기타,썰쇼핑,8870,2026-09-14 07:06:10
-A9hj_BQ8N4,https://www.youtube.com/watch?v=-A9hj_BQ8N4,ucsdfcfw-a0ks-7qsdxpbprw,쇼츠킹,딱딱한 사탕수수가 1초 만에 싹둑? 보는 순간 쾌감 터지는 ASMR,22307,4,2026-09-13T13:58:03.000270+00:00,2026-09-13T23:10:02.300105+00:00,2026-09-16T05:10:03.000270+00:00,기타,썰쇼핑,72400,2026-09-09 02:35:38
0qmtnsYj4L8,https://www.youtube.com/watch?v=0qmtnsYj4L8,ucl12scb2y7j-kx0_ghaf-xq,썰풀다,배터리도 모터도 없는데 진짜 먼지를 빨아들이는 청소기#빈티지청소기 #수동청소기 #레트로기술 #신기한물건,22180,3,2026-09-14T09:34:03.000270+00:00,2026-09-14T23:10:03.036703+00:00,2026-09-16T05:10:03.000270+00:00,제품정체형,썰쇼핑,0,2026-08-19 05:56:25
rMEO1dXPfeM,https://www.youtube.com/watch?v=rMEO1dXPfeM,uci7bltdlfsal3bodxjkalqw,수미네집,이케아도 놀란 책장 활용법,22106,1,2026-09-03T13:10:03.000270+00:00,2026-09-08T11:10:24.676804+00:00,2026-09-16T05:10:03.000270+00:00,오용형,썰쇼핑,6030,2026-09-09 07:08:49
M-j8tH8x1rE,https://www.youtube.com/watch?v=M-j8tH8x1rE,uccb3vyyx4jqhx5x6grrt_la,도토리에이드,종이빨대에 질려버린 천재가 만든 빨대?,21971,18,2026-09-05T10:16:03.000270+00:00,2026-09-14T23:10:03.036703+00:00,2026-09-16T05:10:03.000270+00:00,제품정체형,썰쇼핑,2090,2026-09-14 07:04:05
vFdpE8zjJ4I,https://www.youtube.com/watch?v=vFdpE8zjJ4I,uc6cd2qevvm23b0xojjho50q,썰쇼템,해외 셀럽들도 극찬한 레전드 제품,21859,6,2026-08-27T02:58:01.358608+00:00,2026-09-04T23:10:02.346310+00:00,2026-09-09T23:10:01.358608+00:00,기타,썰쇼핑,13700,2026-09-09 07:08:49
RTf1YNXBKU8,https://www.youtube.com/watch?v=RTf1YNXBKU8,ucqccuxzpl3snkehlhbti2hg,갓성비추천템,상식을 뛰어넘는 기술넣어 대박난 제품,21777,4,2026-09-07T06:16:03.000270+00:00,2026-09-08T11:10:24.676804+00:00,2026-09-16T05:10:03.000270+00:00,기타,썰쇼핑,29800,2026-09-09 07:08:49
tzVWNMvmPHI,https://www.youtube.com/watch?v=tzVWNMvmPHI,uclecy6ihcjwmcbjhiz2-ctg,이븐쇼핑,세계가 뒤늦게 알아본 한국 천재의 발명품,21773,4,2026-09-12T01:58:03.000270+00:00,2026-09-12T05:10:02.660921+00:00,2026-09-16T05:10:03.000270+00:00,제품정체형,썰쇼핑,28300,2026-09-09 07:08:49
j3c-tl5BTM4,https://www.youtube.com/watch?v=j3c-tl5BTM4,uca1sbg9pja6ilneecrbsrlq,별걸다봄,전세계 똥손들 눈물난 이유 ㄷㄷ,21765,1,2026-08-30T08:46:02.819135+00:00,2026-09-04T23:10:02.346310+00:00,2026-09-13T05:10:02.819135+00:00,제품정체형,썰쇼핑,17700,2026-09-09 07:08:49
Qqe3q3CgBPE,https://www.youtube.com/watch?v=Qqe3q3CgBPE,ucxeyhz8xitvlxhdduxy6zca,리뷰남 ,미친 아이디어로 전 세계에서 가장 많이 팔린 인형의 정체,21724,3,2026-09-12T04:22:03.000270+00:00,2026-09-12T05:10:02.660921+00:00,2026-09-16T05:10:03.000270+00:00,오용형,썰쇼핑,16100,2026-09-09 07:08:49
q-U70Wn0tvo,https://www.youtube.com/watch?v=q-U70Wn0tvo,ucynpgh7_qesow4pbljhmi2q,유머굿템,제조사도 예상 못한 한국인들의 활용법,21672,0,2026-09-14T09:58:03.000270+00:00,2026-09-14T23:10:03.036703+00:00,2026-09-16T05:10:03.000270+00:00,오용형,썰쇼핑,17500,2026-09-09 07:08:49
B-YtK4bst68,https://www.youtube.com/watch?v=B-YtK4bst68,ucqccuxzpl3snkehlhbti2hg,갓성비추천템,엉뚱하게 쓰여 돈벼락맞은 회사,21667,4,2026-09-14T08:52:03.000270+00:00,2026-09-14T23:10:03.036703+00:00,2026-09-16T05:10:03.000270+00:00,기타,썰쇼핑,29800,2026-09-09 07:08:49
DKULFqqsG1I,https://www.youtube.com/watch?v=DKULFqqsG1I,ucgttnudyop52of_zrxv--aw,리빙픽템,업자들이 싫어하는 회색 액체 #누수방지 #셀프보수 #방수실란트 #콘크리트균열 #집수리팁,21654,12,2026-08-26T09:04:02.542305+00:00,2026-09-04T23:10:02.346310+00:00,2026-09-09T05:10:02.542305+00:00,제품정체형,썰쇼핑,6760,2026-09-09 07:08:49
wzj4g86Ftvs,https://www.youtube.com/watch?v=wzj4g86Ftvs,uctmchwo4yehl0exsqp_apog,생활꿀템추천샵,이거 하나로 욕실 물기 제거 10초 컷 가능합니다 #청소용품추천 #살림꿀팁 #자취꿀템,21636,1,2026-09-14T10:52:03.000270+00:00,2026-09-14T23:10:03.036703+00:00,2026-09-16T05:10:03.000270+00:00,홈템,썰쇼핑,6830,2026-09-09 07:08:49
XAMW1hwE7A0,https://www.youtube.com/watch?v=XAMW1hwE7A0,uclecy6ihcjwmcbjhiz2-ctg,이븐쇼핑,건망증 환자를 살려낸 일본 천재의 발명품,21626,7,2026-09-08T11:34:03.000270+00:00,2026-09-08T12:30:44.178691+00:00,2026-09-16T05:10:03.000270+00:00,제품정체형,썰쇼핑,28300,2026-09-09 07:08:49
olNrgBmtX1w,https://www.youtube.com/watch?v=olNrgBmtX1w,ucf_di4heihyo_ghbpg-0yxa,공가미,커피 내리랬더니 막아버린 천재적인 발명품들ㄷㄷㄷ,21602,10,2026-09-12T10:28:03.000270+00:00,2026-09-12T23:10:03.131380+00:00,2026-09-16T05:10:03.000270+00:00,제품정체형,썰쇼핑,8070,2026-09-09 07:08:49
RJekqep_nz8,https://www.youtube.com/watch?v=RJekqep_nz8,ucdcswue1gcphrrc3wpylicq,오늘줍줍,사람용도 내놓으라는 강아지 찐덕후의 발명품,21587,6,2026-08-26T09:16:02.542305+00:00,2026-09-08T12:30:44.178691+00:00,2026-09-09T05:10:02.542305+00:00,제품정체형,썰쇼핑,1110,2026-09-09 07:08:49
MYK_EP-Gt5I,https://www.youtube.com/watch?v=MYK_EP-Gt5I,ucajp81ra8nklmrkucjvaysq,앞북이,미국인 입맛 봐주다 당황한 삼양,21482,18,2026-09-03T09:58:03.000270+00:00,2026-09-14T23:10:03.036703+00:00,2026-09-16T05:10:03.000270+00:00,기타,썰쇼핑,1100,2026-09-14 07:04:05
POGJavF68dI,https://www.youtube.com/watch?v=POGJavF68dI,ucxeyhz8xitvlxhdduxy6zca,리뷰남 ,압도적인 필기감을 보여준다는 끝판왕 젤펜의 정체,21443,1,2026-08-23T11:40:01.374377+00:00,2026-09-04T23:10:02.346310+00:00,2026-09-05T23:10:01.374377+00:00,제품정체형,썰쇼핑,16100,2026-09-09 07:08:49
QSGrdn4fhik,https://www.youtube.com/watch?v=QSGrdn4fhik,ucxirsjqetzz4ml6lc-uu5tq,이런호기심,500만 볼트 번개를 아크릴 속에 영원히 박제하는 방법 ⚡,21438,8,2026-09-04T21:58:03.157352+00:00,2026-09-14T23:10:03.036703+00:00,2026-09-15T23:10:03.157352+00:00,기타,썰쇼핑,14400,2026-09-14 07:04:05
B_GOnMYZ8aI,https://www.youtube.com/watch?v=B_GOnMYZ8aI,uc0do9ivmcduowrrnlcg94hw,꿀템줍줍,"다이소 자석행거, 이렇게까지 된다고?🔥 고수들은 다르게 씁니다(0303번)",21435,6,2026-08-27T09:58:02.680133+00:00,2026-09-04T23:10:02.346310+00:00,2026-09-10T08:10:02.680133+00:00,홈템,썰쇼핑,44400,2026-09-09 02:35:38
gG--xxChMIw,https://www.youtube.com/watch?v=gG--xxChMIw,uc_hbvja6hxd4v2y0duybvuq,참좋은 도구들,진짜 심각했다는 일본 국민풀 #후레키군#일본문구,21434,3,2026-09-13T02:28:03.000270+00:00,2026-09-13T05:10:02.819135+00:00,2026-09-16T05:10:03.000270+00:00,제품정체형,썰쇼핑,1830,2026-09-09 07:08:49
2ldgVAHCGqQ,https://www.youtube.com/watch?v=2ldgVAHCGqQ,uclshojkcjypr5ok5kaifc3q,고고살림,제조사도 생각 못한 뜻밖의 스크래퍼,21432,1,2026-09-10T11:16:03.000270+00:00,2026-09-11T02:10:02.367900+00:00,2026-09-16T05:10:03.000270+00:00,제품정체형,썰쇼핑,1,2026-09-09 07:08:49
HdwcjcPr5Pc,https://www.youtube.com/watch?v=HdwcjcPr5Pc,ucpgmvygxrkpjlujlzhth9tg,다람이 썰전,개발자가 야근하다 탄생시킨 간식,21388,4,2026-09-10T10:22:03.000270+00:00,2026-09-11T02:10:02.367900+00:00,2026-09-16T05:10:03.000270+00:00,기타,썰쇼핑,1080,2026-09-09 07:08:49
5hiE6vMU_mc,https://www.youtube.com/watch?v=5hiE6vMU_mc,uc9cpf1vjxwkndwy1jvvdzvw,쇼핑남자,헤드셋에 구멍이 뚫려있는 이유,21296,2,2026-08-29T14:28:02.660921+00:00,2026-09-04T23:10:02.346310+00:00,2026-09-12T05:10:02.660921+00:00,제품정체형,썰쇼핑,6370,2026-09-09 07:08:49
MI4Os93IkqE,https://www.youtube.com/watch?v=MI4Os93IkqE,ucl12scb2y7j-kx0_ghaf-xq,썰풀다,​다이소 기획자도 감탄한 미니 빨래판#미니빨래판 #자취꿀템 #세면대빨래판 #손빨래 #살림꿀팁,21178,1,2026-08-29T08:22:02.319689+00:00,2026-09-04T23:10:02.346310+00:00,2026-09-11T23:10:02.319689+00:00,오용형,썰쇼핑,0,2026-08-19 05:56:25
CyApLa0ooEU,https://www.youtube.com/watch?v=CyApLa0ooEU,ucmeifnqi1f99moxyzgcrp2q,발견상자,죽은것이 살아 움직이는 이유,21163,5,2026-09-12T15:40:03.000270+00:00,2026-09-12T23:10:03.131380+00:00,2026-09-16T05:10:03.000270+00:00,제품정체형,썰쇼핑,1080,2026-09-09 07:08:49
zSIR_rppcgQ,https://www.youtube.com/watch?v=zSIR_rppcgQ,ucmerd4mbsquuixhfb8rtjla,정리왕,정리왕이 알려주는 습기 잡는법 #정리왕,21155,0,2026-08-28T11:58:02.666924+00:00,2026-09-09T23:10:01.358608+00:00,2026-09-11T05:10:02.666924+00:00,홈템,썰쇼핑,421000,2026-09-09 07:08:49
lQnmjRwQC9A,https://www.youtube.com/watch?v=lQnmjRwQC9A,uc4fczuxwwbj0rsvbtvay3bg,숏팡,구조하나로 떼돈 번 한국 천재의 발명품,21122,0,2026-09-12T02:22:03.000270+00:00,2026-09-12T05:10:02.660921+00:00,2026-09-16T05:10:03.000270+00:00,제품정체형,썰쇼핑,43100,2026-09-09 07:08:49
FtRvn96rJ3A,https://www.youtube.com/watch?v=FtRvn96rJ3A,ucxteg2lrkvxn8b7umce7qoq,딸기라떼,120년 전통을 깨버린 한국 천재의 활용법ㄷㄷ 파란색이 투명해지면 포스트잇으로? 2Way 포일 글루 활용법 💡#다꾸아이템 #꿀템추천 #투웨이풀 #포일글루 #문구추천,21091,10,2026-08-25T22:00:44.178691+00:00,2026-09-04T23:10:02.346310+00:00,2026-09-08T12:30:44.178691+00:00,제품정체형,썰쇼핑,5130,2026-09-09 07:08:49
DErUKxcioF0,https://www.youtube.com/watch?v=DErUKxcioF0,ucvaa_y8pn-ahgsjoqet6h9a,랜더쇼츠,억만장자 장난감의 비밀 #비행기,21045,6,2026-09-04T00:16:03.000270+00:00,2026-09-14T23:10:03.036703+00:00,2026-09-16T05:10:03.000270+00:00,제품정체형,썰쇼핑,1490,2026-09-14 07:04:05
EhWIRxbJKb4,https://www.youtube.com/watch?v=EhWIRxbJKb4,ucqccuxzpl3snkehlhbti2hg,갓성비추천템,소리를 해킹해 고장잡는 미친기술ㄷㄷ,20960,6,2026-09-08T03:46:03.000270+00:00,2026-09-08T11:10:24.676804+00:00,2026-09-16T05:10:03.000270+00:00,기타,썰쇼핑,29800,2026-09-09 07:08:49
imImarVxE54,https://www.youtube.com/watch?v=imImarVxE54,ucqccuxzpl3snkehlhbti2hg,갓성비추천템,사소한 아이디어로 업계 뒤집은 제품,20956,8,2026-09-11T04:58:03.000270+00:00,2026-09-11T05:10:02.666924+00:00,2026-09-16T05:10:03.000270+00:00,기타,썰쇼핑,29800,2026-09-09 07:08:49
PZFOUOOnhVo,https://www.youtube.com/watch?v=PZFOUOOnhVo,ucl12scb2y7j-kx0_ghaf-xq,썰풀다,100년 전 조상님들이 불 켜는 미친 방법 ㄷㄷ#빈티지라이터 #데스크테리어 #아날로그감성 #기믹소품,20714,7,2026-08-24T06:16:01.282766+00:00,2026-09-04T23:10:02.346310+00:00,2026-09-06T23:10:01.282766+00:00,기타,썰쇼핑,0,2026-08-19 05:56:25
wodQf2UBvM0,https://www.youtube.com/watch?v=wodQf2UBvM0,ucmbeuonh4nls9qryeeue_gg,쓸모있어,다이소 BEST 꿀템 😁😁,20691,1,2026-09-06T16:10:03.000270+00:00,2026-09-08T11:10:24.676804+00:00,2026-09-16T05:10:03.000270+00:00,홈템,썰쇼핑,1240,2026-09-09 07:08:49
kK2U0ZRVigs,https://www.youtube.com/watch?v=kK2U0ZRVigs,ucwmaogosqen98l7nc_4xyga,썰핑,천재 주부가 만들어 떼돈 번 제품 정체,20676,1,2026-09-13T10:40:03.000270+00:00,2026-09-14T23:10:03.036703+00:00,2026-09-16T05:10:03.000270+00:00,제품정체형,썰쇼핑,15600,2026-09-14 07:04:05
t3G4_yqV6cw,https://www.youtube.com/watch?v=t3G4_yqV6cw,ucxeyhz8xitvlxhdduxy6zca,리뷰남 ,원하는 페이지를 1초 만에 찾게 만든 일본 문구의 센스있는 아이디어,20663,2,2026-09-03T02:46:03.000270+00:00,2026-09-04T23:10:02.346310+00:00,2026-09-16T05:10:03.000270+00:00,제품정체형,썰쇼핑,16100,2026-09-09 07:08:49
sz6kicbv_us,https://www.youtube.com/watch?v=sz6kicbv_us,uc5rvoexd7qdesakzghws1mq,드라마짠,"10년 전 은설을 방화범 만든 해라, 이제야 제대로 걸렸다 #욕망의덫 #드라마 #드라마추천 #드라마리뷰 #막장드라마 #일일드라마",20657,4,2026-08-28T23:46:02.319689+00:00,2026-09-09T23:10:01.358608+00:00,2026-09-11T23:10:02.319689+00:00,기타,썰쇼핑,4340,2026-09-09 07:08:49
Y6qrUsDek8g,https://www.youtube.com/watch?v=Y6qrUsDek8g,ucxirsjqetzz4ml6lc-uu5tq,이런호기심,바닥에 닿는 데만 5초! 끝을 알 수 없는 독일 성의 50m 우물 깊이 🏰,20626,4,2026-09-11T13:58:03.000270+00:00,2026-09-14T23:10:03.036703+00:00,2026-09-16T05:10:03.000270+00:00,기타,썰쇼핑,14400,2026-09-14 07:04:05
F3XBWEMpWj0,https://www.youtube.com/watch?v=F3XBWEMpWj0,uc9cpf1vjxwkndwy1jvvdzvw,쇼핑남자,견주들이 놀란 천재의 발명품,20574,4,2026-08-28T04:22:02.367900+00:00,2026-09-04T23:10:02.346310+00:00,2026-09-11T02:10:02.367900+00:00,제품정체형,썰쇼핑,6370,2026-09-09 07:08:49
iyDIKuM_nCI,https://www.youtube.com/watch?v=iyDIKuM_nCI,ucajp81ra8nklmrkucjvaysq,앞북이,제발 비닐 까서 먹지 말라는 100년 된 젤리의 정체!,20568,11,2026-09-10T12:58:03.000270+00:00,2026-09-14T23:10:03.036703+00:00,2026-09-16T05:10:03.000270+00:00,제품정체형,썰쇼핑,1100,2026-09-14 07:04:05
48osphNgv5c,https://www.youtube.com/watch?v=48osphNgv5c,ucnd6bgf50o87a92-ik1di8q,살림도사,다이소 기획자도 당황한 기막힌 아이디어,20533,0,2026-08-29T22:58:02.660921+00:00,2026-09-04T23:10:02.346310+00:00,2026-09-12T05:10:02.660921+00:00,오용형,썰쇼핑,14500,2026-09-09 07:08:49
qkNsB1hpSnY,https://www.youtube.com/watch?v=qkNsB1hpSnY,ucqrltjou9wttstlwiem2lma,왜 팔릴까,무릎때문에 시작된 천재의 발명품,20511,8,2026-09-01T10:10:02.238212+00:00,2026-09-04T23:10:02.346310+00:00,2026-09-15T05:10:02.238212+00:00,제품정체형,썰쇼핑,1720,2026-09-09 07:08:49
MKh11zC0tPo,https://www.youtube.com/watch?v=MKh11zC0tPo,ucm_du1kofq8nxfvmtm0xx2w,로디홈,늘렸더니 대박난 이케아 길이조절 침대,20490,6,2026-08-28T15:52:02.666924+00:00,2026-09-04T23:10:02.346310+00:00,2026-09-11T05:10:02.666924+00:00,기타,썰쇼핑,5990,2026-09-09 07:08:49
M4d91-Yime0,https://www.youtube.com/watch?v=M4d91-Yime0,ucrbvn94qfocjbtkhepz7heg,전설의레전드,집사가 찾은 미친 출근템할 수 있다 or 할 수 없다,20487,0,2026-09-04T06:16:03.000270+00:00,2026-09-08T11:10:24.676804+00:00,2026-09-16T05:10:03.000270+00:00,기타,썰쇼핑,10900,2026-09-09 07:08:49
EkKYNNWBwv4,https://www.youtube.com/watch?v=EkKYNNWBwv4,uc7rasihu7b9qtjd81ywoymq,아이템홈,또 터져버린 일본 다이소의 실수 #생활꿀템 #다이소 #청소꿀템 #정리꿀템,20477,0,2026-08-25T07:22:02.851021+00:00,2026-09-04T23:10:02.346310+00:00,2026-09-07T23:10:02.851021+00:00,홈템,썰쇼핑,23800,2026-09-09 07:08:49
LaNYKiPLVC0,https://www.youtube.com/watch?v=LaNYKiPLVC0,ucxqe5br7t3dym4kfsmw_xcw,반디몰,일본 제조사도 당황한 한국 천재의 활용법 #스텐고리집게 #다이소고리집게 #다이소꿀템 #살림꿀팁 #수납정리 #주방꿀템 #욕실수납 #살림아이디어 #생활꿀팁,20460,0,2026-08-27T08:58:02.680133+00:00,2026-09-08T11:10:24.676804+00:00,2026-09-10T08:10:02.680133+00:00,오용형,썰쇼핑,1050,2026-09-09 07:08:49
4L2ztiPqMMY,https://www.youtube.com/watch?v=4L2ztiPqMMY,uclecy6ihcjwmcbjhiz2-ctg,이븐쇼핑,다이소가 탐내고 있는 여행 천재의 발명품,20458,4,2026-09-09T09:40:03.000270+00:00,2026-09-09T23:10:01.358608+00:00,2026-09-16T05:10:03.000270+00:00,제품정체형,썰쇼핑,28300,2026-09-09 07:08:49
Y-x4PSNJurM,https://www.youtube.com/watch?v=Y-x4PSNJurM,ucxunuiivb1w3mchfbrzxy-a,도파민모음집,다저스 18번 야마모토의 힘 뺀 캐치볼 궤적 ㄷㄷ #야구,20331,1,2026-09-09T09:58:03.000270+00:00,2026-09-14T23:10:03.036703+00:00,2026-09-16T05:10:03.000270+00:00,기타,썰쇼핑,78600,2026-09-14 07:04:05
7_OrElKnLjU,https://www.youtube.com/watch?v=7_OrElKnLjU,ucsevfs9sqzl_tuzrqzsu1yq,쇼츠룸,신나게 집에 가는데 뭔가 허전하다?#현실부부 #건망증 #웃긴영상 #부부일상 #유부남공감,20296,0,2026-09-02T04:58:03.157352+00:00,2026-09-14T23:10:03.036703+00:00,2026-09-15T23:10:03.157352+00:00,기타,썰쇼핑,1150,2026-09-14 07:04:05
mURvwQhA9rE,https://www.youtube.com/watch?v=mURvwQhA9rE,uclecy6ihcjwmcbjhiz2-ctg,이븐쇼핑,미국 천재가 만들어 돈방석 앉은 제품,20295,7,2026-09-05T01:58:03.000270+00:00,2026-09-05T04:42:28.257041+00:00,2026-09-16T05:10:03.000270+00:00,제품정체형,썰쇼핑,28300,2026-09-09 07:08:49
zRteCCgxbDI,https://www.youtube.com/watch?v=zRteCCgxbDI,ucxunuiivb1w3mchfbrzxy-a,도파민모음집,MLB 스카우트들이 넋 놓고 쳐다본다는 195cm 괴물 투수;; #야구,20244,0,2026-09-05T06:52:03.000270+00:00,2026-09-14T23:10:03.036703+00:00,2026-09-16T05:10:03.000270+00:00,기타,썰쇼핑,78600,2026-09-14 07:04:05
bRdvoxQjV0c,https://www.youtube.com/watch?v=bRdvoxQjV0c,ucsbp41obff8fsjgcvxut6ga,또왔소,인간 복사기가 따로 없는 100% 수작업 공장 레전드ㄷㄷ,20158,1,2026-09-10T23:58:03.000270+00:00,2026-09-11T02:10:02.367900+00:00,2026-09-16T05:10:03.000270+00:00,기타,썰쇼핑,10700,2026-09-09 07:08:49
zUp45Fn-5ZM,https://www.youtube.com/watch?v=zUp45Fn-5ZM,ucajp81ra8nklmrkucjvaysq,앞북이,장난감 천재가 만든 먹는 키캡 ⌨ㄷㄷ,20142,6,2026-09-13T04:28:03.000270+00:00,2026-09-14T23:10:03.036703+00:00,2026-09-16T05:10:03.000270+00:00,제품정체형,썰쇼핑,1100,2026-09-14 07:04:05
ZhAPg_o0y-M,https://www.youtube.com/watch?v=ZhAPg_o0y-M,uc9cpf1vjxwkndwy1jvvdzvw,쇼핑남자,상처를 꿰매버린 델밴드 발명품,20130,13,2026-08-26T05:52:02.542305+00:00,2026-09-04T23:10:02.346310+00:00,2026-09-09T05:10:02.542305+00:00,제품정체형,썰쇼핑,6370,2026-09-09 07:08:49
uBumOLs4SH4,https://www.youtube.com/watch?v=uBumOLs4SH4,ucxteg2lrkvxn8b7umce7qoq,딸기라떼,삼성도 탐낸다는 가전제품 1위의 정체ㄷㄷ 좁은 주방에 쏙! 타공 없는 미니 무설치 식기세척기 ✨#미니식기세척기 #무설치식기세척기 #식기세척기추천 #주방용품,20123,7,2026-09-06T07:28:03.000270+00:00,2026-09-06T23:10:01.282766+00:00,2026-09-16T05:10:03.000270+00:00,제품정체형,썰쇼핑,5130,2026-09-09 07:08:49
kF4Z8X6OjF0,https://www.youtube.com/watch?v=kF4Z8X6OjF0,uclfbmumxshw-8ylwcgp-w3w,Gcar지카,99%가 수작업이라 확신한 미친 용접 기술 (소름 주의) ㄷㄷ,20110,3,2026-08-30T08:58:02.819135+00:00,2026-09-04T23:10:02.346310+00:00,2026-09-13T05:10:02.819135+00:00,기타,썰쇼핑,75100,2026-09-09 02:35:38
-KkFM1BqeD0,https://www.youtube.com/watch?v=-KkFM1BqeD0,ucm_du1kofq8nxfvmtm0xx2w,로디홈,상판을 올렸더니 대박난 이케아 신발장,20098,5,2026-08-24T12:58:01.282766+00:00,2026-09-04T23:10:02.346310+00:00,2026-09-06T23:10:01.282766+00:00,기타,썰쇼핑,5990,2026-09-09 07:08:49
BNAb9t3Dhxc,https://www.youtube.com/watch?v=BNAb9t3Dhxc,ucqccuxzpl3snkehlhbti2hg,갓성비추천템,개쩌는 기능넣어 대박난 카시오,20051,7,2026-09-10T01:34:03.000270+00:00,2026-09-10T08:10:02.680133+00:00,2026-09-16T05:10:03.000270+00:00,기타,썰쇼핑,29800,2026-09-09 07:08:49
kiUUT4r9UVg,https://www.youtube.com/watch?v=kiUUT4r9UVg,ucamzjidsn-e1fi_kpveqt_q,순삭킥,바다에서 고래한테 뺑소니 당한 가오리의 최후 #가오리 #범고래 #바다동물 #동물영상 #웃긴동영상,20043,15,2026-09-01T10:28:02.238212+00:00,2026-09-14T23:10:03.036703+00:00,2026-09-15T05:10:02.238212+00:00,기타,썰쇼핑,8870,2026-09-14 07:06:10
s2NqxU9Vlpk,https://www.youtube.com/watch?v=s2NqxU9Vlpk,ucmbeuonh4nls9qryeeue_gg,쓸모있어,다이소 BEST 꿀템 😍😍,19907,2,2026-09-13T09:58:03.000270+00:00,2026-09-13T23:10:02.300105+00:00,2026-09-16T05:10:03.000270+00:00,홈템,썰쇼핑,1240,2026-09-09 07:08:49
QuaoVR8Z4ps,https://www.youtube.com/watch?v=QuaoVR8Z4ps,uc-qj4zhvdxc0f-m8quxl-fw,귤템,운동 천재가 만든 제품ㄷㄷ,19894,9,2026-08-31T05:34:02.569334+00:00,2026-09-08T11:10:24.676804+00:00,2026-09-14T05:10:02.569334+00:00,제품정체형,썰쇼핑,4880,2026-09-09 07:08:49
5er0wg7ElcE,https://www.youtube.com/watch?v=5er0wg7ElcE,ucpgmvygxrkpjlujlzhth9tg,다람이 썰전,부모들 오열하게 만든 다이소 제품,19887,5,2026-09-09T07:34:03.000270+00:00,2026-09-09T23:10:01.358608+00:00,2026-09-16T05:10:03.000270+00:00,홈템,썰쇼핑,1080,2026-09-09 07:08:49
GfV8BQEg0AU,https://www.youtube.com/watch?v=GfV8BQEg0AU,uckqnors9o6zgzjcsge5bd9a,다있슈,다이소도 예상못한 미친활용법#네트망,19874,4,2026-09-01T07:58:02.238212+00:00,2026-09-04T23:10:02.346310+00:00,2026-09-15T05:10:02.238212+00:00,오용형,썰쇼핑,1770,2026-09-09 07:08:49
aPo0lZwcKns,https://www.youtube.com/watch?v=aPo0lZwcKns,uco2z7vorocd2wu8uxl8wgew,럭키박스,자동차 디테일러들이 유독 찾는 펜의 정체,19793,0,2026-08-26T12:22:02.542305+00:00,2026-09-04T23:10:02.346310+00:00,2026-09-09T05:10:02.542305+00:00,제품정체형,썰쇼핑,2340,2026-09-09 07:08:49
-UKgFLjRUNw,https://www.youtube.com/watch?v=-UKgFLjRUNw,uc0do9ivmcduowrrnlcg94hw,꿀템줍줍,나만 몰랐던 네트망 활용법😲 벽 하나가 달라져요(0310번),19784,3,2026-09-09T09:58:03.000270+00:00,2026-09-09T23:10:01.358608+00:00,2026-09-16T05:10:03.000270+00:00,기타,썰쇼핑,44400,2026-09-09 02:35:38
4jOuktzyV9U,https://www.youtube.com/watch?v=4jOuktzyV9U,ucxeyhz8xitvlxhdduxy6zca,리뷰남 ,애플 출신들이 작정하고 만든 가장 현실적인 AI 안경,19731,6,2026-08-26T10:22:02.542305+00:00,2026-09-04T23:10:02.346310+00:00,2026-09-09T05:10:02.542305+00:00,제품정체형,썰쇼핑,16100,2026-09-09 07:08:49
j-O73DRwtow,https://www.youtube.com/watch?v=j-O73DRwtow,ucsbp41obff8fsjgcvxut6ga,또왔소,남자가 갑자기 바다로 뛰어든 이유,19722,4,2026-09-13T06:04:03.000270+00:00,2026-09-13T23:10:02.300105+00:00,2026-09-16T05:10:03.000270+00:00,기타,썰쇼핑,10700,2026-09-09 07:08:49
GJ2Olh1vXX0,https://www.youtube.com/watch?v=GJ2Olh1vXX0,uc8wcwts4chdpce-nzqpm04a,인생갓템,천재들의 소름돋는 이케아 활용법ㄷㄷ,19695,5,2026-09-06T20:40:03.000270+00:00,2026-09-06T23:10:01.282766+00:00,2026-09-16T05:10:03.000270+00:00,오용형,썰쇼핑,30700,2026-09-09 07:08:49
0hCJYIPv00c,https://www.youtube.com/watch?v=0hCJYIPv00c,ucqnbrrb-zbu_7o5ksr27l6g,리치쇼핑,365일을 순식간에 날려버린 천재의 발명품,19589,4,2026-08-27T02:58:01.358608+00:00,2026-09-04T23:10:02.346310+00:00,2026-09-09T23:10:01.358608+00:00,제품정체형,썰쇼핑,3050,2026-09-14 07:04:05
1dyKxE7gUp4,https://www.youtube.com/watch?v=1dyKxE7gUp4,ucl12scb2y7j-kx0_ghaf-xq,썰풀다,승무원들이 기내식에 소금을 퍼붓는 충격적인 이유#기내식비밀 #해외여행꿀팁 #비행기필수템,19526,4,2026-08-27T06:10:02.542305+00:00,2026-09-04T23:10:02.346310+00:00,2026-09-09T05:10:02.542305+00:00,제품정체형,썰쇼핑,0,2026-08-19 05:56:25
VPTawNrorBY,https://www.youtube.com/watch?v=VPTawNrorBY,ucbxq-jeantm-ihyrndfoqog,먹성비광인,한국 떡볶이 가격이 이상해진 #꿀템 #최애템 이유,19443,6,2026-09-06T10:34:03.000270+00:00,2026-09-08T11:10:24.676804+00:00,2026-09-16T05:10:03.000270+00:00,홈템,썰쇼핑,19200,2026-09-09 07:08:49
gtXgp8BDQKQ,https://www.youtube.com/watch?v=gtXgp8BDQKQ,uc8wcwts4chdpce-nzqpm04a,인생갓템,미친반전 숨겨 덕후들 울린 시계,19437,7,2026-08-31T09:28:02.569334+00:00,2026-09-04T23:10:02.346310+00:00,2026-09-14T05:10:02.569334+00:00,제품정체형,썰쇼핑,30700,2026-09-09 07:08:49
rmSoJMC8auI,https://www.youtube.com/watch?v=rmSoJMC8auI,ucxirsjqetzz4ml6lc-uu5tq,이런호기심,열기구에서 하늘 아래로 자꾸 모래를 뿌리는 진짜 이유 🎈,19414,11,2026-09-14T13:58:03.000270+00:00,2026-09-14T23:10:03.036703+00:00,2026-09-16T05:10:03.000270+00:00,기타,썰쇼핑,14400,2026-09-14 07:04:05
1Uj2vbxqLBo,https://www.youtube.com/watch?v=1Uj2vbxqLBo,uc_hbvja6hxd4v2y0duybvuq,참좋은 도구들,상식을 파괴해버린 아이디어 ㄷㄷ #안테릭#젤펜추천#일본문구,19225,4,2026-09-06T08:16:03.000270+00:00,2026-09-06T23:10:01.282766+00:00,2026-09-16T05:10:03.000270+00:00,기타,썰쇼핑,1830,2026-09-09 07:08:49
08d5V_rUlJI,https://www.youtube.com/watch?v=08d5V_rUlJI,uckav5c_xgwtehpyk3i-zcfg,오늘꿀템,일본 천재 주부의 다이소 제품 활용법,19196,1,2026-08-28T08:28:02.666924+00:00,2026-09-04T23:10:02.346310+00:00,2026-09-11T05:10:02.666924+00:00,제품정체형,썰쇼핑,1380,2026-09-09 07:08:49
a_-zEbYuZ3Q,https://www.youtube.com/watch?v=a_-zEbYuZ3Q,ucqnbrrb-zbu_7o5ksr27l6g,리치쇼핑,지브리를 산산조각 내버린 천재의 발명품,19087,9,2026-08-25T07:58:02.851021+00:00,2026-09-04T23:10:02.346310+00:00,2026-09-07T23:10:02.851021+00:00,제품정체형,썰쇼핑,3050,2026-09-14 07:04:05
7zVRywphWlc,https://www.youtube.com/watch?v=7zVRywphWlc,ucl12scb2y7j-kx0_ghaf-xq,썰풀다,우주선 만들던 과학자가 신발 바닥에 가스를 때려 박았더니 생긴 일#스니커즈추천 #나이키에어 #운동화추천 #신발꿀팁 #러닝화추천,19063,3,2026-08-31T09:10:02.569334+00:00,2026-09-04T23:10:02.346310+00:00,2026-09-14T05:10:02.569334+00:00,기타,썰쇼핑,0,2026-08-19 05:56:25
70pgzJP5zqk,https://www.youtube.com/watch?v=70pgzJP5zqk,ucxeyhz8xitvlxhdduxy6zca,리뷰남 ,에어팟 개발자들이 만들어 대박 난 이어폰의 정체,19061,3,2026-08-30T04:22:03.131380+00:00,2026-09-04T23:10:02.346310+00:00,2026-09-12T23:10:03.131380+00:00,제품정체형,썰쇼핑,16100,2026-09-09 07:08:49
eEiMCDKPr1A,https://www.youtube.com/watch?v=eEiMCDKPr1A,uchf6vudwbonfotjr4oox3qw,생활용품 연구소,다이소도 예상 못한 아이템,19037,1,2026-09-08T08:58:03.000270+00:00,2026-09-08T10:27:51.412064+00:00,2026-09-16T05:10:03.000270+00:00,제품정체형,썰쇼핑,20700,2026-08-19 05:56:25
FLEirfpZvho,https://www.youtube.com/watch?v=FLEirfpZvho,uc7-zana-q91i52ma1ufhghg,달래샵,코스트코 진짜 게살이 한국에서 폭망한 이유,18992,2,2026-09-12T07:58:03.000270+00:00,2026-09-12T23:10:03.131380+00:00,2026-09-16T05:10:03.000270+00:00,기타,썰쇼핑,6910,2026-09-09 07:08:49
JA4O7ZhGIEk,https://www.youtube.com/watch?v=JA4O7ZhGIEk,ucl12scb2y7j-kx0_ghaf-xq,썰풀다,LG가 안 만들어줘서 직접 만들었다는 계란 자동 조리기#계란조리기 #주방꿀템 #스마트가전,18945,9,2026-09-07T01:16:03.000270+00:00,2026-09-07T23:10:02.851021+00:00,2026-09-16T05:10:03.000270+00:00,홈템,썰쇼핑,0,2026-08-19 05:56:25
NsJH25ykkF4,https://www.youtube.com/watch?v=NsJH25ykkF4,uc9cpf1vjxwkndwy1jvvdzvw,쇼핑남자,반려인들 눈돌아간 천재의 발명품,18944,2,2026-09-04T13:28:03.000270+00:00,2026-09-04T23:10:02.346310+00:00,2026-09-16T05:10:03.000270+00:00,제품정체형,썰쇼핑,6370,2026-09-09 07:08:49
S_5cm1f4ip4,https://www.youtube.com/watch?v=S_5cm1f4ip4,uc-qj4zhvdxc0f-m8quxl-fw,귤템,구멍 하나로 떼돈번 일본 천재ㄷㄷ,18875,5,2026-09-14T09:52:03.000270+00:00,2026-09-14T23:10:03.036703+00:00,2026-09-16T05:10:03.000270+00:00,제품정체형,썰쇼핑,4880,2026-09-09 07:08:49
dnyGDPvh5ng,https://www.youtube.com/watch?v=dnyGDPvh5ng,ucgttnudyop52of_zrxv--aw,리빙픽템,코스트코 가도 이건 진짜 아무도 모름 #일드프랑스 #미니쉘 #코스트코추천템 #코스트코간식 #치즈추천,18863,5,,2026-09-04T23:10:02.346310+00:00,2026-09-05T04:42:28.257041+00:00,기타,썰쇼핑,6760,2026-09-09 07:08:49
kMp7G32-Yak,https://www.youtube.com/watch?v=kMp7G32-Yak,ucxeyhz8xitvlxhdduxy6zca,리뷰남 ,세상에서 가장 얇은 볼펜을 만든 일본 문구의 미친 기술력,18829,8,2026-09-07T11:10:03.000270+00:00,2026-09-07T23:10:02.851021+00:00,2026-09-16T05:10:03.000270+00:00,제품정체형,썰쇼핑,16100,2026-09-09 07:08:49
YxVsWJHpV6E,https://www.youtube.com/watch?v=YxVsWJHpV6E,ucyqinyt44mk8u06nlz5n2-g,갓성비스토리,코스트코가 불고기베이크를 단종시킨 진짜 이유?,18794,8,2026-09-06T11:34:03.000270+00:00,2026-09-08T12:30:44.178691+00:00,2026-09-16T05:10:03.000270+00:00,기타,썰쇼핑,10300,2026-09-09 07:08:49
SRUEYMcrhlY,https://www.youtube.com/watch?v=SRUEYMcrhlY,ucl12scb2y7j-kx0_ghaf-xq,썰풀다,평범한 의자인 줄 알았는데 일어나는 순간 정체가 바뀜#모션데스크 #스탠딩데스크 #인체공학의자 #재택근무템,18779,5,2026-09-13T11:58:03.000270+00:00,2026-09-13T23:10:02.300105+00:00,2026-09-16T05:10:03.000270+00:00,제품정체형,썰쇼핑,0,2026-08-19 05:56:25
CBulMZrA8AQ,https://www.youtube.com/watch?v=CBulMZrA8AQ,ucqccuxzpl3snkehlhbti2hg,갓성비추천템,쓸데없이 고퀄이라는 낚싯대,18747,2,2026-09-03T09:04:03.000270+00:00,2026-09-08T11:10:24.676804+00:00,2026-09-16T05:10:03.000270+00:00,기타,썰쇼핑,29800,2026-09-09 07:08:49
s2BVGFeFYDs,https://www.youtube.com/watch?v=s2BVGFeFYDs,uci7bltdlfsal3bodxjkalqw,수미네집,1000원짜리 네트망 이렇게 써봤어요?,18688,1,2026-09-07T08:58:03.000270+00:00,2026-09-08T11:10:24.676804+00:00,2026-09-16T05:10:03.000270+00:00,기타,썰쇼핑,6030,2026-09-09 07:08:49
EqJKxQprnSQ,https://www.youtube.com/watch?v=EqJKxQprnSQ,ucgttnudyop52of_zrxv--aw,리빙픽템,환절기마다 순대를 써는 이유 근데 이게 진짜 순대일까?? #마카오간식 #중화권간식 #환절기간식 #이색간식 #해외간식,18646,16,2026-09-12T10:22:03.000270+00:00,2026-09-12T23:10:03.131380+00:00,2026-09-16T05:10:03.000270+00:00,기타,썰쇼핑,6760,2026-09-09 07:08:49
EreSWMfvHW0,https://www.youtube.com/watch?v=EreSWMfvHW0,ucxeyhz8xitvlxhdduxy6zca,리뷰남 ,의지가 부족한 사람들을 구원한 일본 문구의 천재적인 전략,18589,4,2026-09-10T02:28:03.000270+00:00,2026-09-10T08:10:02.680133+00:00,2026-09-16T05:10:03.000270+00:00,제품정체형,썰쇼핑,16100,2026-09-09 07:08:49
Qqy1p7Svgf4,https://www.youtube.com/watch?v=Qqy1p7Svgf4,ucxirsjqetzz4ml6lc-uu5tq,이런호기심,베이스 저음 펀치력 폭발! 드럼 마이크 구멍 완벽하게 만드는 꿀팁,18552,0,2026-09-05T21:58:03.000270+00:00,2026-09-14T23:10:03.036703+00:00,2026-09-16T05:10:03.000270+00:00,기타,썰쇼핑,14400,2026-09-14 07:04:05
5uaqdZTvNVE,https://www.youtube.com/watch?v=5uaqdZTvNVE,ucamzjidsn-e1fi_kpveqt_q,순삭킥,세상 처음 보고 충격 먹은 고양이의 표정 #고양이 #냥스타그램 #드라이브 #웃긴동영상 #반려동물,18498,7,2026-09-10T10:28:03.000270+00:00,2026-09-14T23:10:03.036703+00:00,2026-09-16T05:10:03.000270+00:00,기타,썰쇼핑,8870,2026-09-14 07:06:10
B7KJzBfZRuo,https://www.youtube.com/watch?v=B7KJzBfZRuo,ucm_du1kofq8nxfvmtm0xx2w,로디홈,이케아 디자이너도 인정한 아이디어,18481,3,2026-09-02T14:16:03.000270+00:00,2026-09-04T23:10:02.346310+00:00,2026-09-16T05:10:03.000270+00:00,홈템,썰쇼핑,5990,2026-09-09 07:08:49
zzLx1ZtEXqg,https://www.youtube.com/watch?v=zzLx1ZtEXqg,uc7-zana-q91i52ma1ufhghg,달래샵,폰 용량 꽉 차서 빡쳤던 사람 무조건 보세요 ㄷㄷ 플로피 디스켓의 대반전?! 💾🔥,18467,4,2026-09-05T09:58:03.000270+00:00,2026-09-05T23:10:01.374377+00:00,2026-09-16T05:10:03.000270+00:00,제품정체형,썰쇼핑,6910,2026-09-09 07:08:49
Wp1-VqjUr1c,https://www.youtube.com/watch?v=Wp1-VqjUr1c,uc8wcwts4chdpce-nzqpm04a,인생갓템,바이럴된 영상하나에 매출 급등한 제품,18446,2,2026-09-08T06:28:03.000270+00:00,2026-09-08T10:27:51.412064+00:00,2026-09-16T05:10:03.000270+00:00,제품정체형,썰쇼핑,30700,2026-09-09 07:08:49
HydNx0tKFVY,https://www.youtube.com/watch?v=HydNx0tKFVY,ucxeyhz8xitvlxhdduxy6zca,리뷰남 ,추억을 저장장치로 만들어 대박 난 스타트업의 전략,18439,6,2026-09-04T02:16:03.000270+00:00,2026-09-04T23:10:02.346310+00:00,2026-09-16T05:10:03.000270+00:00,제품정체형,썰쇼핑,16100,2026-09-09 07:08:49
OJWtUgF-nQA,https://www.youtube.com/watch?v=OJWtUgF-nQA,ucqrltjou9wttstlwiem2lma,왜 팔릴까,정형외과 의사들도 놀랄 제품의 정체,18363,6,2026-08-24T10:28:01.282766+00:00,2026-09-04T23:10:02.346310+00:00,2026-09-06T23:10:01.282766+00:00,제품정체형,썰쇼핑,1720,2026-09-09 07:08:49
nTslqPAX2v4,https://www.youtube.com/watch?v=nTslqPAX2v4,ucl12scb2y7j-kx0_ghaf-xq,썰풀다,​1만 원대로 롱 레인부츠 효과 내는 미친 가성비 방수템#레인슈즈커버 #방수신발커버 #장마철필수템,18298,3,2026-09-01T12:58:02.238212+00:00,2026-09-04T23:10:02.346310+00:00,2026-09-15T05:10:02.238212+00:00,제품정체형,썰쇼핑,0,2026-08-19 05:56:25
Cm0HS_uUh7Q,https://www.youtube.com/watch?v=Cm0HS_uUh7Q,ucbxq-jeantm-ihyrndfoqog,먹성비광인,오뚜기가 '갓뚜기'인 이유 #먹방 #꿀팁 #최애템,18211,0,2026-09-05T09:58:03.000270+00:00,2026-09-08T11:10:24.676804+00:00,2026-09-16T05:10:03.000270+00:00,기타,썰쇼핑,19200,2026-09-09 07:08:49
GPfbNzdFU2Q,https://www.youtube.com/watch?v=GPfbNzdFU2Q,ucqrltjou9wttstlwiem2lma,왜 팔릴까,화장품 회사가 만들어 아마존1등먹은 만년필,18209,6,2026-08-28T10:34:02.666924+00:00,2026-09-04T23:10:02.346310+00:00,2026-09-11T05:10:02.666924+00:00,뷰티,썰쇼핑,1720,2026-09-09 07:08:49
HuYPX3pQ0dU,https://www.youtube.com/watch?v=HuYPX3pQ0dU,ucamzjidsn-e1fi_kpveqt_q,순삭킥,심야 대책 회의 중인 미어캣 무리의 정체 #미어캣 #동물동영상 #웃긴동물 #희귀동물 #숏츠동물,18200,5,2026-09-06T02:58:03.000270+00:00,2026-09-14T23:10:03.036703+00:00,2026-09-16T05:10:03.000270+00:00,제품정체형,썰쇼핑,8870,2026-09-14 07:06:10
uNxiad0lKLM,https://www.youtube.com/watch?v=uNxiad0lKLM,ucftoksv4zeitypvhoilopjg,우리살림,이케아도 반한 틈새수납장,18131,1,2026-09-03T09:52:03.000270+00:00,2026-09-04T23:10:02.346310+00:00,2026-09-16T05:10:03.000270+00:00,홈템,썰쇼핑,0,2026-08-19 05:56:25
iJSqpVmU5gw,https://www.youtube.com/watch?v=iJSqpVmU5gw,ucxteg2lrkvxn8b7umce7qoq,딸기라떼,결국 전통시장까지 살려낸 한국인들의 유행 근황ㄷㄷ 요즘 SNS에서 난리 난 수제 피자설기 🍕#피자설기 #퓨전떡 #떡디저트 #디저트추천 #간식추천 #KFood,18110,20,2026-09-12T08:16:03.000270+00:00,2026-09-12T23:10:03.131380+00:00,2026-09-16T05:10:03.000270+00:00,레시피,썰쇼핑,5130,2026-09-09 07:08:49
KnQQQ8ortgo,https://www.youtube.com/watch?v=KnQQQ8ortgo,uc6cd2qevvm23b0xojjho50q,썰쇼템,살림 고수들도 예측 못 한 미친 활용법,18093,3,2026-08-24T02:58:01.282766+00:00,2026-09-04T23:10:02.346310+00:00,2026-09-06T23:10:01.282766+00:00,오용형,썰쇼핑,13700,2026-09-09 07:08:49
ehVv0Dm04Tw,https://www.youtube.com/watch?v=ehVv0Dm04Tw,uclecy6ihcjwmcbjhiz2-ctg,이븐쇼핑,수선집을 없애버린 천재의 발명품,18079,5,2026-09-07T13:10:03.000270+00:00,2026-09-07T23:10:02.851021+00:00,2026-09-16T05:10:03.000270+00:00,제품정체형,썰쇼핑,28300,2026-09-09 07:08:49
VTIsFw8DOGQ,https://www.youtube.com/watch?v=VTIsFw8DOGQ,ucxirsjqetzz4ml6lc-uu5tq,이런호기심,스타워즈 장인까지 섭외? CG 절대 안 쓰는 아날로그 끝판왕 영화,18046,9,2026-09-08T01:58:03.000270+00:00,2026-09-14T23:10:03.036703+00:00,2026-09-16T05:10:03.000270+00:00,기타,썰쇼핑,14400,2026-09-14 07:04:05
hOSDxMmaMko,https://www.youtube.com/watch?v=hOSDxMmaMko,uc9cpf1vjxwkndwy1jvvdzvw,쇼핑남자,다이소가 놀란 천재의 발명품,18045,4,2026-09-01T08:10:02.238212+00:00,2026-09-04T23:10:02.346310+00:00,2026-09-15T05:10:02.238212+00:00,제품정체형,썰쇼핑,6370,2026-09-09 07:08:49
J7-5enF1fhM,https://www.youtube.com/watch?v=J7-5enF1fhM,ucsdfcfw-a0ks-7qsdxpbprw,쇼츠킹,이게 정말 철근이라고? 쇳덩이를 찰흙처럼 주무르는 괴물 기계의 위력,18019,0,2026-09-03T06:04:03.000270+00:00,2026-09-04T23:10:02.346310+00:00,2026-09-16T05:10:03.000270+00:00,기타,썰쇼핑,72400,2026-09-09 02:35:38
JgBm0Ww8EcM,https://www.youtube.com/watch?v=JgBm0Ww8EcM,uchh1aaafewi2ykraud2vk7q,방구석꿀템,미국 코스트코도 감탄한 천재적 아이디어,17979,1,2026-08-25T09:28:02.851021+00:00,2026-09-04T23:10:02.346310+00:00,2026-09-07T23:10:02.851021+00:00,제품정체형,썰쇼핑,27600,2026-09-09 07:08:49
pjt-Mj8wgOA,https://www.youtube.com/watch?v=pjt-Mj8wgOA,ucxirsjqetzz4ml6lc-uu5tq,이런호기심,깜깜해지면 고장 나는 벌의 비행? 충돌을 피하려는 놀라운 생존 본능,17900,0,2026-09-07T01:58:03.000270+00:00,2026-09-14T23:10:03.036703+00:00,2026-09-16T05:10:03.000270+00:00,기타,썰쇼핑,14400,2026-09-14 07:04:05
fEo4R30uJXE,https://www.youtube.com/watch?v=fEo4R30uJXE,ucxeyhz8xitvlxhdduxy6zca,리뷰남 ,런닝 덕후들이 기립박수 친 나이키 신상의 정체,17847,1,2026-08-30T10:58:02.819135+00:00,2026-09-04T23:10:02.346310+00:00,2026-09-13T05:10:02.819135+00:00,제품정체형,썰쇼핑,16100,2026-09-09 07:08:49
rcCSStyneQI,https://www.youtube.com/watch?v=rcCSStyneQI,ucmeifnqi1f99moxyzgcrp2q,발견상자,승객은 절대 못 보는 착륙 시점,17838,0,2026-09-14T06:52:03.000270+00:00,2026-09-14T23:10:03.036703+00:00,2026-09-16T05:10:03.000270+00:00,기타,썰쇼핑,1080,2026-09-09 07:08:49
4lqOqN_akzY,https://www.youtube.com/watch?v=4lqOqN_akzY,uckav5c_xgwtehpyk3i-zcfg,오늘꿀템,다이소에도 없는 빨대의 미친 성능,17823,5,2026-09-04T08:28:03.000270+00:00,2026-09-04T23:10:02.346310+00:00,2026-09-16T05:10:03.000270+00:00,제품정체형,썰쇼핑,1380,2026-09-09 07:08:49
NBsOouTUWsI,https://www.youtube.com/watch?v=NBsOouTUWsI,ucdcswue1gcphrrc3wpylicq,오늘줍줍,소리를 막지 않는 귀마개의 정체,17809,14,2026-08-29T04:04:02.319689+00:00,2026-09-08T12:30:44.178691+00:00,2026-09-11T23:10:02.319689+00:00,제품정체형,썰쇼핑,1110,2026-09-09 07:08:49
oWNZ31G3Vxo,https://www.youtube.com/watch?v=oWNZ31G3Vxo,ucl12scb2y7j-kx0_ghaf-xq,썰풀다,과자 회사에 '너무 맛있어요'라고 전화하면 벌어지는 일#미스비키 #감자칩 #쇼츠바이럴,17779,13,2026-09-01T09:04:02.238212+00:00,2026-09-04T23:10:02.346310+00:00,2026-09-15T05:10:02.238212+00:00,레시피,썰쇼핑,0,2026-08-19 05:56:25
y8ll_Lpih5g,https://www.youtube.com/watch?v=y8ll_Lpih5g,ucmeifnqi1f99moxyzgcrp2q,발견상자,하겐다즈 그림의 비밀 #하겐다즈 #Short,17694,0,2026-09-14T11:10:03.000270+00:00,2026-09-14T23:10:03.036703+00:00,2026-09-16T05:10:03.000270+00:00,제품정체형,썰쇼핑,1080,2026-09-09 07:08:49
nVrddYNdYy4,https://www.youtube.com/watch?v=nVrddYNdYy4,uc5rvoexd7qdesakzghws1mq,드라마짠,"죽은 희정이 남긴 마지막 말, 10년 만에 고기한이 떠올렸다 #욕망의덫 #드라마 #드라마예측 #막장드라마 #일일드라마 #가족드라마",17694,2,2026-09-07T06:40:03.000270+00:00,2026-09-09T23:10:01.358608+00:00,2026-09-16T05:10:03.000270+00:00,기타,썰쇼핑,4340,2026-09-09 07:08:49
Gk6XpnVw9_0,https://www.youtube.com/watch?v=Gk6XpnVw9_0,ucqccuxzpl3snkehlhbti2hg,갓성비추천템,커뮤니티에서 소문나 매출1위 찍은제품,17680,2,2026-09-02T04:52:03.157352+00:00,2026-09-08T11:10:24.676804+00:00,2026-09-15T23:10:03.157352+00:00,기타,썰쇼핑,29800,2026-09-09 07:08:49
meqiJMI-5KI,https://www.youtube.com/watch?v=meqiJMI-5KI,ucrbvn94qfocjbtkhepz7heg,전설의레전드,등짝 스매싱 맞고이혼당할 뻔한 역대급 아이템,17651,0,2026-08-26T12:28:02.542305+00:00,2026-09-08T11:10:24.676804+00:00,2026-09-09T05:10:02.542305+00:00,기타,썰쇼핑,10900,2026-09-09 07:08:49
rimc8RLVu24,https://www.youtube.com/watch?v=rimc8RLVu24,uc9cpf1vjxwkndwy1jvvdzvw,쇼핑남자,생긴것과 달리 유용한 미국 현관 필수템,17629,9,2026-08-23T12:28:01.374377+00:00,2026-09-04T23:10:02.346310+00:00,2026-09-05T23:10:01.374377+00:00,제품정체형,썰쇼핑,6370,2026-09-09 07:08:49
W8AwOsMpfIw,https://www.youtube.com/watch?v=W8AwOsMpfIw,ucknyotic61bk0usui1ixavg,으니픽,카메라 덕후들도 인정한다는 그 제품 #카메라,17581,2,2026-08-25T23:00:44.178691+00:00,2026-09-04T23:10:02.346310+00:00,2026-09-08T12:30:44.178691+00:00,기타,썰쇼핑,1300,2026-09-09 07:08:49
L3TLidRQTMw,https://www.youtube.com/watch?v=L3TLidRQTMw,ucgeufnhdqws3ajiskctcjcq,포미픽,다이소가 기겁한 천재의 미친 발명품,17575,0,,2026-09-04T23:10:02.346310+00:00,2026-09-05T04:42:28.257041+00:00,제품정체형,썰쇼핑,3850,2026-09-09 07:08:49
WsQ-shNA4g0,https://www.youtube.com/watch?v=WsQ-shNA4g0,uccb3vyyx4jqhx5x6grrt_la,도토리에이드,인스턴트 커피 매출 박살낸 천재의 발명품?,17566,1,2026-09-07T13:58:03.000270+00:00,2026-09-14T23:10:03.036703+00:00,2026-09-16T05:10:03.000270+00:00,제품정체형,썰쇼핑,2090,2026-09-14 07:04:05
_5Z2i9tn8nU,https://www.youtube.com/watch?v=_5Z2i9tn8nU,ucrbvn94qfocjbtkhepz7heg,전설의레전드,집에서 5성급 호텔처럼쉴 수 있는 역대급 방법,17545,2,2026-08-27T09:34:02.680133+00:00,2026-09-08T11:10:24.676804+00:00,2026-09-10T08:10:02.680133+00:00,기타,썰쇼핑,10900,2026-09-09 07:08:49
Hx-vZXVxad4,https://www.youtube.com/watch?v=Hx-vZXVxad4,ucuenvpsh41lvt6_a6yjh8_g,신비아이템,전선 없이 빛나는 달의 정체,17512,7,2026-09-04T14:46:03.000270+00:00,2026-09-08T12:30:44.178691+00:00,2026-09-16T05:10:03.000270+00:00,제품정체형,썰쇼핑,5780,2026-09-09 07:08:49
aCQHInf9g8U,https://www.youtube.com/watch?v=aCQHInf9g8U,ucnd6bgf50o87a92-ik1di8q,살림도사,다이소도 충격받은 획기적인 아이디어,17494,1,2026-08-26T22:58:02.542305+00:00,2026-09-04T23:10:02.346310+00:00,2026-09-09T05:10:02.542305+00:00,제품정체형,썰쇼핑,14500,2026-09-09 07:08:49
IppZiQkuF5s,https://www.youtube.com/watch?v=IppZiQkuF5s,ucrocrwdkppy1we0hubv9drw,홈꾸미,이케아 설계자도 당황한 천재적 활용법,17483,1,2026-09-15T08:46:03.000270+00:00,2026-09-15T23:10:03.157352+00:00,2026-09-16T05:10:03.000270+00:00,오용형,썰쇼핑,15600,2026-09-09 07:08:49
dDVhMO6OXEk,https://www.youtube.com/watch?v=dDVhMO6OXEk,ucxeyhz8xitvlxhdduxy6zca,리뷰남 ,닌텐도와 노트북을 합쳐버린 천재적인 아이디어,17423,16,2026-09-03T08:16:03.000270+00:00,2026-09-04T23:10:02.346310+00:00,2026-09-16T05:10:03.000270+00:00,제품정체형,썰쇼핑,16100,2026-09-09 07:08:49
vKnTFDPA3Pw,https://www.youtube.com/watch?v=vKnTFDPA3Pw,ucbxq-jeantm-ihyrndfoqog,먹성비광인,한국롯데리아가 당황했던 이유#롯데리아 #버거킹,17351,6,2026-09-01T10:58:02.238212+00:00,2026-09-08T11:10:24.676804+00:00,2026-09-15T05:10:02.238212+00:00,기타,썰쇼핑,19200,2026-09-09 07:08:49
2JjsEc9qU-E,https://www.youtube.com/watch?v=2JjsEc9qU-E,ucxteg2lrkvxn8b7umce7qoq,딸기라떼,매출 1등 먹은 한국 천재의 신박한 아이디어ㄷㄷ 대박 난 홍보 아이템! 평생 쓰는 알루미늄 만년 달력📅#만년달력 #알루미늄달력 #탁상달력 #데스크테리어 #사무실잇템 #판촉물추천,17348,3,2026-09-11T11:28:03.000270+00:00,2026-09-11T23:10:02.319689+00:00,2026-09-16T05:10:03.000270+00:00,제품정체형,썰쇼핑,5130,2026-09-09 07:08:49
j9L6R6I1LFc,https://www.youtube.com/watch?v=j9L6R6I1LFc,uc5rvoexd7qdesakzghws1mq,드라마짠,"은설을 막으려던 해라의 꼼수, 결국 또 통하지 않았습니다 #욕망의덫예상 #드라마 #드라마추천 #드라마리뷰 #막장드라마 #일일드라마 #가족드라마",17307,3,2026-09-09T20:58:03.000270+00:00,2026-09-09T23:10:01.358608+00:00,2026-09-16T05:10:03.000270+00:00,기타,썰쇼핑,4340,2026-09-09 07:08:49
o8Cdvw13yZQ,https://www.youtube.com/watch?v=o8Cdvw13yZQ,ucl12scb2y7j-kx0_ghaf-xq,썰풀다,제자리에 떠 있는 드론이 사실 시속 50km로 이동 중이라고?#드론 #과학상식 #물리학 #상대운동,17293,3,2026-09-11T08:40:03.000270+00:00,2026-09-11T23:10:02.319689+00:00,2026-09-16T05:10:03.000270+00:00,기타,썰쇼핑,0,2026-08-19 05:56:25
kSNDaz7i4s8,https://www.youtube.com/watch?v=kSNDaz7i4s8,ucqnbrrb-zbu_7o5ksr27l6g,리치쇼핑,무딘 칼을 되살려버린 천재의 발명품,17182,3,2026-09-12T04:28:03.000270+00:00,2026-09-12T05:10:02.660921+00:00,2026-09-16T05:10:03.000270+00:00,제품정체형,썰쇼핑,3050,2026-09-14 07:04:05
sgu1zcqMceM,https://www.youtube.com/watch?v=sgu1zcqMceM,uc_hbvja6hxd4v2y0duybvuq,참좋은 도구들,상식을 파괴해버린 지우개 #파버카스텔#프리미엄지우개#독일문구,17154,5,2026-09-05T09:16:03.000270+00:00,2026-09-05T23:10:01.374377+00:00,2026-09-16T05:10:03.000270+00:00,기타,썰쇼핑,1830,2026-09-09 07:08:49
55D3YckuGWI,https://www.youtube.com/watch?v=55D3YckuGWI,uc_hbvja6hxd4v2y0duybvuq,참좋은 도구들,볼펜인데 물감이 되어버리는 펜? #매트홉 #일본문구,17145,4,2026-08-28T08:28:02.666924+00:00,2026-09-04T23:10:02.346310+00:00,2026-09-11T05:10:02.666924+00:00,기타,썰쇼핑,1830,2026-09-09 07:08:49
davBg7eH16s,https://www.youtube.com/watch?v=davBg7eH16s,ucwmaogosqen98l7nc_4xyga,썰핑,귀차니즘이 만든 미국 천재 발명품,17135,11,2026-09-12T09:28:03.000270+00:00,2026-09-14T23:10:03.036703+00:00,2026-09-16T05:10:03.000270+00:00,제품정체형,썰쇼핑,15600,2026-09-14 07:04:05
sKIwE5nTPo8,https://www.youtube.com/watch?v=sKIwE5nTPo8,uc9xfth7mqhbdlju9qzpxiha,쿨냥냥,세븐틴 민규가 군대체복무를 시작하며 삭발머리를 공개한 이유,17102,8,2026-09-14T03:34:03.000270+00:00,2026-09-14T05:10:02.569334+00:00,2026-09-16T05:10:03.000270+00:00,기타,썰쇼핑,5630,2026-09-09 07:08:49
5f8mgfQWqxc,https://www.youtube.com/watch?v=5f8mgfQWqxc,ucmerd4mbsquuixhfb8rtjla,정리왕,정리왕이 말하는 완벽한 드레스룸 구성 #정리왕,17098,0,2026-09-05T07:58:03.000270+00:00,2026-09-09T23:10:01.358608+00:00,2026-09-16T05:10:03.000270+00:00,홈템,썰쇼핑,421000,2026-09-09 07:08:49
0rU23gUFsZE,https://www.youtube.com/watch?v=0rU23gUFsZE,uci7bltdlfsal3bodxjkalqw,수미네집,다이소에서 북엔드가 자꾸 품절되는 이유,17083,0,2026-09-01T13:28:02.238212+00:00,2026-09-08T11:10:24.676804+00:00,2026-09-15T05:10:02.238212+00:00,홈템,썰쇼핑,6030,2026-09-09 07:08:49
bs_AitRQ6UI,https://www.youtube.com/watch?v=bs_AitRQ6UI,uco9-zofurha9d1wwatfgzkg,땡스템,이재용 따라 샀다가 눈물 흘린 효도템 #운동화추천 #부모님신발 #이재용운동화 #스케처스,17082,2,2026-08-30T02:04:03.131380+00:00,2026-09-04T23:10:02.346310+00:00,2026-09-12T23:10:03.131380+00:00,기타,썰쇼핑,4210,2026-09-09 07:08:49
8H7U_MM34c0,https://www.youtube.com/watch?v=8H7U_MM34c0,uc8wcwts4chdpce-nzqpm04a,인생갓템,유튜버가 착용해 1시간만에 완판난 제품,16997,6,2026-09-02T03:34:03.157352+00:00,2026-09-04T23:10:02.346310+00:00,2026-09-15T23:10:03.157352+00:00,기타,썰쇼핑,30700,2026-09-09 07:08:49
asFKOq_aM6M,https://www.youtube.com/watch?v=asFKOq_aM6M,uc9xfth7mqhbdlju9qzpxiha,쿨냥냥,하이브 걸그룹은 왜 다 비슷한 전자음일까,16991,4,2026-09-09T04:10:03.000270+00:00,2026-09-09T04:37:54.503187+00:00,2026-09-16T05:10:03.000270+00:00,기타,썰쇼핑,5630,2026-09-09 07:08:49
dwgHHXcxE8M,https://www.youtube.com/watch?v=dwgHHXcxE8M,ucwwuxe1dfkgyhf5euhsitzw,살림장착,대기업이 대학생 털어서 7천만 개 팔아치운 전설의 물건 ㄷㄷ,16985,13,2026-08-23T06:40:01.374377+00:00,2026-09-04T23:10:02.346310+00:00,2026-09-05T23:10:01.374377+00:00,홈템,썰쇼핑,8850,2026-09-09 07:08:49
UgFfEkYyuDI,https://www.youtube.com/watch?v=UgFfEkYyuDI,ucqnbrrb-zbu_7o5ksr27l6g,리치쇼핑,무드등 업계를 박살낸 천재의 발명품,16982,2,2026-08-23T04:58:01.374377+00:00,2026-09-04T23:10:02.346310+00:00,2026-09-05T23:10:01.374377+00:00,제품정체형,썰쇼핑,3050,2026-09-14 07:04:05
8Zeq1CDCheE,https://www.youtube.com/watch?v=8Zeq1CDCheE,ucmbeuonh4nls9qryeeue_gg,쓸모있어,다이소도 당황한 천재 주부 아이디어,16859,4,2026-09-04T03:58:03.000270+00:00,2026-09-08T11:10:24.676804+00:00,2026-09-16T05:10:03.000270+00:00,오용형,썰쇼핑,1240,2026-09-09 07:08:49
o5aTwnXL7HM,https://www.youtube.com/watch?v=o5aTwnXL7HM,ucxeyhz8xitvlxhdduxy6zca,리뷰남 ,세계 최초로 스탬프 풀을 개발한 일본 문구의 미친 아이디어,16833,5,2026-08-31T06:28:02.569334+00:00,2026-09-04T23:10:02.346310+00:00,2026-09-14T05:10:02.569334+00:00,제품정체형,썰쇼핑,16100,2026-09-09 07:08:49
i1JPz9UfWlM,https://www.youtube.com/watch?v=i1JPz9UfWlM,uctmchwo4yehl0exsqp_apog,생활꿀템추천샵,다이소 가면 꼭 집어오세요! 햇빛 들어오는 곳만 1초 만에 가리는 무타공 암막 블라인드,16825,9,2026-08-27T10:28:02.680133+00:00,2026-09-08T10:27:51.412064+00:00,2026-09-10T08:10:02.680133+00:00,홈템,썰쇼핑,6830,2026-09-09 07:08:49
A95vDqoZJtU,https://www.youtube.com/watch?v=A95vDqoZJtU,uckwvaedc6tk_ars0epjnsmg,모든지식,🖊️제조사를 당황시킨 의외의 대박 타겟층🎯 #간호사필수템 #왼손잡이 #퀵드라이젤펜 #인생펜 #쇼츠,16806,1,2026-09-05T11:28:03.000270+00:00,2026-09-14T23:10:03.036703+00:00,2026-09-16T05:10:03.000270+00:00,제품정체형,썰쇼핑,8950,2026-09-14 07:06:10
6jb5c0Ilkxc,https://www.youtube.com/watch?v=6jb5c0Ilkxc,uc_hbvja6hxd4v2y0duybvuq,참좋은 도구들,평생 노크가 필요없는 샤프? #오렌즈네로 #일본문구,16802,9,2026-09-01T03:16:03.036703+00:00,2026-09-04T23:10:02.346310+00:00,2026-09-14T23:10:03.036703+00:00,기타,썰쇼핑,1830,2026-09-09 07:08:49
-TmeIv5Fr5E,https://www.youtube.com/watch?v=-TmeIv5Fr5E,ucwmaogosqen98l7nc_4xyga,썰핑,덤앤더머의 물리 실험 대참사,16796,0,2026-09-02T09:52:03.000270+00:00,2026-09-14T23:10:03.036703+00:00,2026-09-16T05:10:03.000270+00:00,기타,썰쇼핑,15600,2026-09-14 07:04:05
4ffDP8TMPds,https://www.youtube.com/watch?v=4ffDP8TMPds,ucl12scb2y7j-kx0_ghaf-xq,썰풀다,북미 히든 메뉴가 한국에 상륙하자마자 품절 대란 난 이유#버거리 #햄버거 #버거 #그릴드치즈버거,16684,6,2026-09-04T06:10:03.000270+00:00,2026-09-04T23:10:02.346310+00:00,2026-09-16T05:10:03.000270+00:00,기타,썰쇼핑,0,2026-08-19 05:56:25
kGjcDPO3rjg,https://www.youtube.com/watch?v=kGjcDPO3rjg,uccb3vyyx4jqhx5x6grrt_la,도토리에이드,기술력 하나로 130억 펀딩받고 개발한 전설의 의자?,16677,1,2026-09-08T06:22:03.000270+00:00,2026-09-14T23:10:03.036703+00:00,2026-09-16T05:10:03.000270+00:00,제품정체형,썰쇼핑,2090,2026-09-14 07:04:05
YhBlVP_WsPo,https://www.youtube.com/watch?v=YhBlVP_WsPo,ucxunuiivb1w3mchfbrzxy-a,도파민모음집,95마일 긁히는 괴물 투수들 데려왔더니 홈런으로 참교육함 ㅋㅋㅋ #야구,16598,1,2026-09-05T11:04:03.000270+00:00,2026-09-14T23:10:03.036703+00:00,2026-09-16T05:10:03.000270+00:00,기타,썰쇼핑,78600,2026-09-14 07:04:05
ASrklQ62BwY,https://www.youtube.com/watch?v=ASrklQ62BwY,uc9xfth7mqhbdlju9qzpxiha,쿨냥냥,돌아온 뉴진스 왜 아직 5명이 다 못 모일까,16542,21,2026-09-10T09:34:03.000270+00:00,2026-09-11T02:10:02.367900+00:00,2026-09-16T05:10:03.000270+00:00,기타,썰쇼핑,5630,2026-09-09 07:08:49
S8hoscFNHpk,https://www.youtube.com/watch?v=S8hoscFNHpk,uc7-zana-q91i52ma1ufhghg,달래샵,전교 일등이 아이폰에 몰래 붙인 정체,16531,2,2026-09-09T09:58:03.000270+00:00,2026-09-09T23:10:01.358608+00:00,2026-09-16T05:10:03.000270+00:00,제품정체형,썰쇼핑,6910,2026-09-09 07:08:49
5NAb22DIxVY,https://www.youtube.com/watch?v=5NAb22DIxVY,ucnd6bgf50o87a92-ik1di8q,살림도사,다이소 직원도 박수친 아이디어 #테이프,16526,0,2026-09-01T22:58:02.238212+00:00,2026-09-04T23:10:02.346310+00:00,2026-09-15T05:10:02.238212+00:00,홈템,썰쇼핑,14500,2026-09-09 07:08:49
rK1MrQ86RFk,https://www.youtube.com/watch?v=rK1MrQ86RFk,uchf6vudwbonfotjr4oox3qw,생활용품 연구소,일본에서 대박 난 다이소 꿀템,16521,1,2026-09-03T08:58:03.000270+00:00,2026-09-04T23:10:02.346310+00:00,2026-09-16T05:10:03.000270+00:00,홈템,썰쇼핑,20700,2026-08-19 05:56:25
EXhp2OhAM1o,https://www.youtube.com/watch?v=EXhp2OhAM1o,ucajp81ra8nklmrkucjvaysq,앞북이,맵찔이들이 단종을 막아버린 삼양 라면,16466,9,2026-09-06T10:58:03.000270+00:00,2026-09-14T23:10:03.036703+00:00,2026-09-16T05:10:03.000270+00:00,기타,썰쇼핑,1100,2026-09-14 07:04:05
i3BgPZwgqnI,https://www.youtube.com/watch?v=i3BgPZwgqnI,ucwmaogosqen98l7nc_4xyga,썰핑,친구 요리하는데 훈수 두다가 참교육 당함,16316,0,2026-09-03T09:28:03.000270+00:00,2026-09-14T23:10:03.036703+00:00,2026-09-16T05:10:03.000270+00:00,레시피,썰쇼핑,15600,2026-09-14 07:04:05
r1JUS6mTgCc,https://www.youtube.com/watch?v=r1JUS6mTgCc,uc9cpf1vjxwkndwy1jvvdzvw,쇼핑남자,샐러드에 미친 천재의 발명품,16297,3,2026-09-08T12:58:03.000270+00:00,2026-09-08T23:10:01.332600+00:00,2026-09-16T05:10:03.000270+00:00,제품정체형,썰쇼핑,6370,2026-09-09 07:08:49
qZAmRbj4l_I,https://www.youtube.com/watch?v=qZAmRbj4l_I,ucamzjidsn-e1fi_kpveqt_q,순삭킥,매트릭스 네오가 키즈카페에 난입하면 벌어지는 일 #매트릭스 #네오 #영화패러디 #밈 #웃긴영상,16283,0,2026-09-02T09:58:03.000270+00:00,2026-09-14T23:10:03.036703+00:00,2026-09-16T05:10:03.000270+00:00,기타,썰쇼핑,8870,2026-09-14 07:06:10
kN0NayN2qS8,https://www.youtube.com/watch?v=kN0NayN2qS8,ucxeyhz8xitvlxhdduxy6zca,리뷰남 ,커피 세계챔피언도 사용하는 일본 천재의 발명품,16273,7,2026-09-13T03:46:03.000270+00:00,2026-09-13T05:10:02.819135+00:00,2026-09-16T05:10:03.000270+00:00,제품정체형,썰쇼핑,16100,2026-09-09 07:08:49
JWYwok8o-_o,https://www.youtube.com/watch?v=JWYwok8o-_o,uc5rvoexd7qdesakzghws1mq,드라마짠,"주미란의 비밀을 알고 있는 이정태, 은설에게 다 말해버릴까? #욕망의덫 #드라마 #드라마추천 #드라마리뷰 #막장드라마 #가족드라마 #일일드라마",16266,2,2026-09-08T12:16:03.000270+00:00,2026-09-09T23:10:01.358608+00:00,2026-09-16T05:10:03.000270+00:00,제품정체형,썰쇼핑,4340,2026-09-09 07:08:49
2st2LNI5wMs,https://www.youtube.com/watch?v=2st2LNI5wMs,uc4fczuxwwbj0rsvbtvay3bg,숏팡,이케아도 놀란 일본 천재 발명품,16252,0,2026-08-30T02:40:03.131380+00:00,2026-09-08T12:30:44.178691+00:00,2026-09-12T23:10:03.131380+00:00,제품정체형,썰쇼핑,43100,2026-09-09 07:08:49
fvWak8KiDo4,https://www.youtube.com/watch?v=fvWak8KiDo4,ucee8ue8x00th6esoz0w08eq,살림보고,추석 밤까기 이걸로 종결합니다 #shorts,16215,9,2026-09-14T14:28:03.000270+00:00,2026-09-14T23:10:03.036703+00:00,2026-09-16T05:10:03.000270+00:00,제품정체형,썰쇼핑,10800,2026-09-09 07:08:49
ISZE_UlUIn4,https://www.youtube.com/watch?v=ISZE_UlUIn4,ucrbvn94qfocjbtkhepz7heg,전설의레전드,러닝에 미친 사람이텀블러 버리고 산 역대급 아이템,16199,6,2026-08-29T13:28:02.660921+00:00,2026-09-08T11:10:24.676804+00:00,2026-09-12T05:10:02.660921+00:00,기타,썰쇼핑,10900,2026-09-09 07:08:49
z2SZW0vyPv4,https://www.youtube.com/watch?v=z2SZW0vyPv4,ucmbeuonh4nls9qryeeue_gg,쓸모있어,제조사도 전혀 예상 못한 뜻밖의 사용법    #다이소 #쿠팡 #천재 #포장 #압축,16197,2,2026-08-26T10:58:02.542305+00:00,2026-09-08T11:10:24.676804+00:00,2026-09-09T05:10:02.542305+00:00,오용형,썰쇼핑,1240,2026-09-09 07:08:49
5JrJjfagxRE,https://www.youtube.com/watch?v=5JrJjfagxRE,ucxfcgk6imynzbexyly8mhiq,코어장바구니,영국 약사가 빡쳐서 만든 스테이크 소스,16127,4,2026-09-10T01:04:03.000270+00:00,2026-09-10T08:10:02.680133+00:00,2026-09-16T05:10:03.000270+00:00,레시피,썰쇼핑,8610,2026-09-09 07:08:49
ZbOh5S0arr8,https://www.youtube.com/watch?v=ZbOh5S0arr8,ucrbvn94qfocjbtkhepz7heg,전설의레전드,수의사 누나가 알려준 10초 끝내기 방법,16126,0,2026-09-11T04:10:03.000270+00:00,2026-09-11T05:10:02.666924+00:00,2026-09-16T05:10:03.000270+00:00,기타,썰쇼핑,10900,2026-09-09 07:08:49
Yg20BSYfO8E,https://www.youtube.com/watch?v=Yg20BSYfO8E,ucjbxdaaibb0uk1zdepjja6w,쇼핑천재,다이소직원도 감탄한 천재주부 활용밥,16106,1,2026-09-15T00:58:03.000270+00:00,2026-09-15T05:10:02.238212+00:00,2026-09-16T05:10:03.000270+00:00,제품정체형,썰쇼핑,40600,2026-09-09 07:08:49
oDfqIpxokZQ,https://www.youtube.com/watch?v=oDfqIpxokZQ,ucxunuiivb1w3mchfbrzxy-a,도파민모음집,타이어랑 샌드백 박살 내던 괴수가 타석에 서면 생기는 일;; #야구,16077,1,2026-09-07T08:40:03.000270+00:00,2026-09-14T23:10:03.036703+00:00,2026-09-16T05:10:03.000270+00:00,차량템,썰쇼핑,78600,2026-09-14 07:04:05
wTDMe4euiIo,https://www.youtube.com/watch?v=wTDMe4euiIo,ucbxq-jeantm-ihyrndfoqog,먹성비광인,한국에서 철수하는 크리스피도넛??,15981,5,2026-09-04T10:16:03.000270+00:00,2026-09-08T11:10:24.676804+00:00,2026-09-16T05:10:03.000270+00:00,기타,썰쇼핑,19200,2026-09-09 07:08:49
uJ7auSiut4w,https://www.youtube.com/watch?v=uJ7auSiut4w,ucqnbrrb-zbu_7o5ksr27l6g,리치쇼핑,방 안에 비를 내려버린 천재의 발명품,15971,4,2026-09-04T23:58:03.000270+00:00,2026-09-05T04:42:28.257041+00:00,2026-09-16T05:10:03.000270+00:00,제품정체형,썰쇼핑,3050,2026-09-14 07:04:05
epfyonRl_RI,https://www.youtube.com/watch?v=epfyonRl_RI,uc6cd2qevvm23b0xojjho50q,썰쇼템,만든이도 전혀 상상 못 한 반전 활용법,15895,4,2026-08-31T02:58:02.300105+00:00,2026-09-04T23:10:02.346310+00:00,2026-09-13T23:10:02.300105+00:00,제품정체형,썰쇼핑,13700,2026-09-09 07:08:49
MmY9sOGCLMc,https://www.youtube.com/watch?v=MmY9sOGCLMc,ucxteg2lrkvxn8b7umce7qoq,딸기라떼,전세계가 놀란 아이디어로 떼돈 번 천재의 발명품ㄷㄷ 누워서 폰 볼 때 필수! 블루투스 리모컨 휴대폰 거치대 카메라 그립📱#휴대폰거치대 #신박템 #스마트폰리모컨 #자취꿀템,15838,7,2026-08-23T10:58:01.374377+00:00,2026-09-04T23:10:02.346310+00:00,2026-09-05T23:10:01.374377+00:00,제품정체형,썰쇼핑,5130,2026-09-09 07:08:49
Hn9pP0lwQhU,https://www.youtube.com/watch?v=Hn9pP0lwQhU,ucrocrwdkppy1we0hubv9drw,홈꾸미,공간을 지배해버린 천재의 발명품,15827,2,2026-08-27T12:46:02.680133+00:00,2026-09-04T23:10:02.346310+00:00,2026-09-10T08:10:02.680133+00:00,제품정체형,썰쇼핑,15600,2026-09-09 07:08:49
ebOYZpVTOpw,https://www.youtube.com/watch?v=ebOYZpVTOpw,uckwvaedc6tk_ars0epjnsmg,모든지식,📱삼성 발칵 뒤집은 애플의 7년 만의 반격🍎 #iPhoneDuo #아이폰18 #삼성 #스마트폰 #쇼츠,15813,37,2026-09-10T05:58:03.000270+00:00,2026-09-14T23:10:03.036703+00:00,2026-09-16T05:10:03.000270+00:00,기타,썰쇼핑,8950,2026-09-14 07:06:10
Z3Tp1qFF0Ns,https://www.youtube.com/watch?v=Z3Tp1qFF0Ns,uct8wkoq7yyq2mgzqqf8_-hw,쇼핑 치트키,활용법이 논란이 된 다이소 제품,15780,1,2026-09-03T15:10:03.000270+00:00,2026-09-04T23:10:02.346310+00:00,2026-09-16T05:10:03.000270+00:00,제품정체형,썰쇼핑,4700,2026-09-09 07:08:49
hQX57tK-bbc,https://www.youtube.com/watch?v=hQX57tK-bbc,ucwwuxe1dfkgyhf5euhsitzw,살림장착,소매치기가 절대 눈치챌 수 없는 천재의 발명품,15664,6,2026-09-10T21:10:03.000270+00:00,2026-09-11T02:10:02.367900+00:00,2026-09-16T05:10:03.000270+00:00,제품정체형,썰쇼핑,8850,2026-09-09 07:08:49
GTE-e2Gwt84,https://www.youtube.com/watch?v=GTE-e2Gwt84,uclfbmumxshw-8ylwcgp-w3w,Gcar지카,돌멩이를 쓱쓱 밀었을 뿐인데... 3초 뒤 벌어지는 소름 돋는 바닥 시공 ㄷㄷ,15647,1,2026-09-11T22:40:03.000270+00:00,2026-09-11T23:10:02.319689+00:00,2026-09-16T05:10:03.000270+00:00,기타,썰쇼핑,75100,2026-09-09 02:35:38
JPcGf35IOcY,https://www.youtube.com/watch?v=JPcGf35IOcY,uccb3vyyx4jqhx5x6grrt_la,도토리에이드,제조사도 예상못한 덕후들의 기발한 활용법,15587,1,2026-09-11T10:52:03.000270+00:00,2026-09-14T23:10:03.036703+00:00,2026-09-16T05:10:03.000270+00:00,오용형,썰쇼핑,2090,2026-09-14 07:04:05
Q5Dh-eH2aGw,https://www.youtube.com/watch?v=Q5Dh-eH2aGw,ucxunuiivb1w3mchfbrzxy-a,도파민모음집,야마모토의 말도 안 되는 롱토스 비거리 ㄷㄷ #야구,15582,4,2026-09-08T06:28:03.000270+00:00,2026-09-14T23:10:03.036703+00:00,2026-09-16T05:10:03.000270+00:00,기타,썰쇼핑,78600,2026-09-14 07:04:05
DZFv0AgmvnQ,https://www.youtube.com/watch?v=DZFv0AgmvnQ,uctd1t12z1qtvalhdd728tsg,우디홈템,"명품 더스트백, 서랍에 쌓아두지 마세요",15546,1,2026-08-27T22:58:02.680133+00:00,2026-09-04T23:10:02.346310+00:00,2026-09-10T08:10:02.680133+00:00,기타,썰쇼핑,3700,2026-09-09 07:08:49
qtQustITM74,https://www.youtube.com/watch?v=qtQustITM74,ucrbvn94qfocjbtkhepz7heg,전설의레전드,친구: 강아지 발톱관리 어떻게 해???,15540,1,2026-09-01T12:58:02.238212+00:00,2026-09-08T11:10:24.676804+00:00,2026-09-15T05:10:02.238212+00:00,기타,썰쇼핑,10900,2026-09-09 07:08:49
fAa0VIUipJ8,https://www.youtube.com/watch?v=fAa0VIUipJ8,uc-qj4zhvdxc0f-m8quxl-fw,귤템,역대급 숨소리 하나로 떼돈번 미국 천재,15527,4,2026-09-11T10:52:03.000270+00:00,2026-09-11T23:10:02.319689+00:00,2026-09-16T05:10:03.000270+00:00,제품정체형,썰쇼핑,4880,2026-09-09 07:08:49
QpzjDU4nBr4,https://www.youtube.com/watch?v=QpzjDU4nBr4,uc_hbvja6hxd4v2y0duybvuq,참좋은 도구들,디테일에 미친나라가 작정하고 만든노트 #칸미도 #링리프 #일본문구,15505,2,2026-09-04T08:16:03.000270+00:00,2026-09-04T23:10:02.346310+00:00,2026-09-16T05:10:03.000270+00:00,기타,썰쇼핑,1830,2026-09-09 07:08:49
8YR0ZUtWKA4,https://www.youtube.com/watch?v=8YR0ZUtWKA4,ucl12scb2y7j-kx0_ghaf-xq,썰풀다,200만 원짜리 허벌밀러 사러 갔다가 40만 원대에 종결지은 이유#뉴트럴프리덤X #의자추천 #양반다리의자 #재택근무,15434,7,2026-09-03T06:46:03.000270+00:00,2026-09-04T23:10:02.346310+00:00,2026-09-16T05:10:03.000270+00:00,기타,썰쇼핑,0,2026-08-19 05:56:25
K4vMnpU7AY4,https://www.youtube.com/watch?v=K4vMnpU7AY4,uc7-zana-q91i52ma1ufhghg,달래샵,미대 입시생들이 박스째 쟁여두고 쓰는 이유?! 😱✍️,15431,6,2026-09-13T11:04:03.000270+00:00,2026-09-13T23:10:02.300105+00:00,2026-09-16T05:10:03.000270+00:00,기타,썰쇼핑,6910,2026-09-09 07:08:49
q_sVgR7nwoU,https://www.youtube.com/watch?v=q_sVgR7nwoU,ucbyo4sbywz2owv1u309owmq,젤다바라,시간의 오카리나가 스위치 2로만 나오는 이유,15430,163,2026-09-12T02:22:02.660921+00:00,2026-09-12T05:10:02.660921+00:00,2026-09-12T05:10:02.660921+00:00,기타,썰쇼핑,78800,2026-09-09 07:08:49
2O1ChvINxDw,https://www.youtube.com/watch?v=2O1ChvINxDw,uchf6vudwbonfotjr4oox3qw,생활용품 연구소,이케아 가면 무조건 사야 되는 주방 꿀템,15416,3,2026-09-04T08:58:03.000270+00:00,2026-09-04T23:10:02.346310+00:00,2026-09-16T05:10:03.000270+00:00,홈템,썰쇼핑,20700,2026-08-19 05:56:25
X5Me7YjCsM8,https://www.youtube.com/watch?v=X5Me7YjCsM8,ucajp81ra8nklmrkucjvaysq,앞북이,외국인들이 불닭에서 젓가락을 없앤 이유ㄷㄷ,15405,11,2026-09-11T09:28:03.000270+00:00,2026-09-14T23:10:03.036703+00:00,2026-09-16T05:10:03.000270+00:00,기타,썰쇼핑,1100,2026-09-14 07:04:05
DLH9771Gu40,https://www.youtube.com/watch?v=DLH9771Gu40,ucxeyhz8xitvlxhdduxy6zca,리뷰남 ,레트로 게임기 최초로 AI 탑재해버린 제품 정체,15391,10,2026-08-27T03:22:01.358608+00:00,2026-09-04T23:10:02.346310+00:00,2026-09-09T23:10:01.358608+00:00,기타,썰쇼핑,16100,2026-09-09 07:08:49
I2ZgPYBhqKM,https://www.youtube.com/watch?v=I2ZgPYBhqKM,ucqccuxzpl3snkehlhbti2hg,갓성비추천템,이상한곳에 뿌려 인정받은 스프레이ㄷㄷ,15203,13,2026-09-15T08:46:03.000270+00:00,2026-09-15T23:10:03.157352+00:00,2026-09-16T05:10:03.000270+00:00,기타,썰쇼핑,29800,2026-09-09 07:08:49
LtjAqrKV8RY,https://www.youtube.com/watch?v=LtjAqrKV8RY,uctd1t12z1qtvalhdd728tsg,우디홈템,모르면 손해보는 옷장 정리 꿀템,15193,1,2026-09-11T22:58:03.000270+00:00,2026-09-11T23:10:02.319689+00:00,2026-09-16T05:10:03.000270+00:00,홈템,썰쇼핑,3700,2026-09-09 07:08:49
9Xnvq3K84h8,https://www.youtube.com/watch?v=9Xnvq3K84h8,uc_hbvja6hxd4v2y0duybvuq,참좋은 도구들,찢을수록 완벽해지는 노트? #미도리노트 #다꾸노트,15161,2,,2026-09-04T23:10:02.346310+00:00,2026-09-05T04:42:28.257041+00:00,기타,썰쇼핑,1830,2026-09-09 07:08:49
uuU3BZgkYPQ,https://www.youtube.com/watch?v=uuU3BZgkYPQ,ucxteg2lrkvxn8b7umce7qoq,딸기라떼,외국인이 만들었다는 한글 과자ㄷㄷ 60곳 거절 딛고 3D 프린터로 만든 오리온 한글과자 초코맛 🍪 #한글과자 #초코과자 #비건과자 #아이간식 #과자추천,15156,15,2026-09-01T10:28:02.238212+00:00,2026-09-04T23:10:02.346310+00:00,2026-09-15T05:10:02.238212+00:00,기타,썰쇼핑,5130,2026-09-09 07:08:49
EhoJ8u_G0p0,https://www.youtube.com/watch?v=EhoJ8u_G0p0,ucl12scb2y7j-kx0_ghaf-xq,썰풀다,모래 속에 파묻힌 쓰레기 다 뽑아내는 괴물 로봇#해변청소 #청소로봇 #도파민영상,15154,5,2026-09-03T09:04:03.000270+00:00,2026-09-04T23:10:02.346310+00:00,2026-09-16T05:10:03.000270+00:00,기타,썰쇼핑,0,2026-08-19 05:56:25
9bC0RWN_lIs,https://www.youtube.com/watch?v=9bC0RWN_lIs,ucxteg2lrkvxn8b7umce7qoq,딸기라떼,미국 천재가 만들어 돈방석 앉은 제품ㄷㄷ 해외에서 폭발적인 반응! 3in1 고급 가죽 노트북 파우치 💼#노트북파우치 #노트북가방 #노트북거치대 #꿀템추천,15022,3,2026-08-28T21:58:02.666924+00:00,2026-09-04T23:10:02.346310+00:00,2026-09-11T05:10:02.666924+00:00,제품정체형,썰쇼핑,5130,2026-09-09 07:08:49
h4U8WoDdt80,https://www.youtube.com/watch?v=h4U8WoDdt80,ucmssyyqvltkjobcgqdrzmuw,내일 쇼핑,천재 집사가 만들어 뗴돈번 제품의 정체? #고양이 #cat #고양이집사,14991,3,2026-09-11T05:52:03.000270+00:00,2026-09-11T23:10:02.319689+00:00,2026-09-16T05:10:03.000270+00:00,제품정체형,썰쇼핑,1880,2026-09-09 07:08:49
q4D0UQ6nJ6g,https://www.youtube.com/watch?v=q4D0UQ6nJ6g,ucl12scb2y7j-kx0_ghaf-xq,썰풀다,70년 동안 갇혀있던 1956년산 과자를 열었더니​#70년전과자 #1956년콘칩 #방공호통조림,14951,1,2026-09-01T21:46:02.238212+00:00,2026-09-04T23:10:02.346310+00:00,2026-09-15T05:10:02.238212+00:00,레시피,썰쇼핑,0,2026-08-19 05:56:25
7utyvZsWoAI,https://www.youtube.com/watch?v=7utyvZsWoAI,ucrbvn94qfocjbtkhepz7heg,전설의레전드,이게 진짜 된다고!? 아이들 귀청소 걱정 끝!,14923,12,2026-08-28T11:58:02.666924+00:00,2026-09-08T11:10:24.676804+00:00,2026-09-11T05:10:02.666924+00:00,기타,썰쇼핑,10900,2026-09-09 07:08:49
WwKzlrMyUQ4,https://www.youtube.com/watch?v=WwKzlrMyUQ4,ucgfkcrlj5kbiw01hdol2e6g,K파민,"""왜 이렇게 잘해줘요?"" 대구 한복판에서 K-인심 폭격 맞은 외국인",14916,3,2026-09-01T12:34:02.238212+00:00,2026-09-14T23:10:03.036703+00:00,2026-09-15T05:10:02.238212+00:00,기타,썰쇼핑,446,2026-09-14 07:04:05
-1Xl85b4JcE,https://www.youtube.com/watch?v=-1Xl85b4JcE,ucamzjidsn-e1fi_kpveqt_q,순삭킥,올림픽 역사상 가장 충격적인 다이빙 입수 순간 #다이빙선수 #실수 #충격 #경기 #예능,14915,2,2026-09-13T11:28:03.000270+00:00,2026-09-14T23:10:03.036703+00:00,2026-09-16T05:10:03.000270+00:00,기타,썰쇼핑,8870,2026-09-14 07:06:10
TzLVlaTaxpQ,https://www.youtube.com/watch?v=TzLVlaTaxpQ,ucmerd4mbsquuixhfb8rtjla,정리왕,우리 집 꿉꿉한 냄시 잡는 제습파우치 #정리왕,14881,4,2026-08-28T07:58:02.666924+00:00,2026-09-09T23:10:01.358608+00:00,2026-09-11T05:10:02.666924+00:00,홈템,썰쇼핑,421000,2026-09-09 07:08:49
0dLu8i7GH3o,https://www.youtube.com/watch?v=0dLu8i7GH3o,uc5rvoexd7qdesakzghws1mq,드라마짠,"소연의 기억이 돌아온 순간, 미란의 완벽했던 비밀이 무너지기 시작했다. #욕망의덫 #드라마 #드라마추천 #드라마리뷰 #막장드라마 #일일드라마",14815,2,2026-09-15T11:28:03.000270+00:00,2026-09-15T23:10:03.157352+00:00,2026-09-16T05:10:03.000270+00:00,제품정체형,썰쇼핑,4340,2026-09-09 07:08:49
FqordZ3L53E,https://www.youtube.com/watch?v=FqordZ3L53E,uclfbmumxshw-8ylwcgp-w3w,Gcar지카,나사못 '단 1개' 뺐을 뿐인데 바로 튕겨내는 소름 돋는 기계 ㄷㄷ,14775,1,2026-09-09T12:52:03.000270+00:00,2026-09-09T23:10:01.358608+00:00,2026-09-16T05:10:03.000270+00:00,기타,썰쇼핑,75100,2026-09-09 02:35:38
aqkE6wRGxco,https://www.youtube.com/watch?v=aqkE6wRGxco,uczsqdvebdhbskc3vnvwwbkg,살림치트키,겜돌이 유부남들을 울린 한국 천재의 발명품,14731,2,2026-08-26T21:46:02.542305+00:00,2026-09-04T23:10:02.346310+00:00,2026-09-09T05:10:02.542305+00:00,제품정체형,썰쇼핑,193,2026-09-14 07:04:05
w3zBGh1I4Kk,https://www.youtube.com/watch?v=w3zBGh1I4Kk,ucl12scb2y7j-kx0_ghaf-xq,썰풀다,겨드랑이 파고드는 어깨 밴드 버리고 이거 찼더니 일어난 일#바른자세교정기 #거북목탈출 #자세교정,14697,1,2026-08-27T09:04:02.542305+00:00,2026-09-04T23:10:02.346310+00:00,2026-09-09T05:10:02.542305+00:00,기타,썰쇼핑,0,2026-08-19 05:56:25
KbqLGHfQSuw,https://www.youtube.com/watch?v=KbqLGHfQSuw,ucxteg2lrkvxn8b7umce7qoq,딸기라떼,한국인 99%가 실패한다는 미션?? 하루 만에 다 뜯게 되는 3D 입체 뜯는 메모지 달력✨  #메모지달력 #아이디어상품 #무드등 #선물추천 #이색선물,14619,2,2026-09-12T22:58:03.000270+00:00,2026-09-12T23:10:03.131380+00:00,2026-09-16T05:10:03.000270+00:00,제품정체형,썰쇼핑,5130,2026-09-09 07:08:49
SVzfUMQGVkU,https://www.youtube.com/watch?v=SVzfUMQGVkU,ucxteg2lrkvxn8b7umce7qoq,딸기라떼,삼성도 탐낸다는 업계 1위의 정체ㄷㄷ 락스 없이 물로만 찌든때 제거? 핸디형 고압 스팀청소기🔥,14595,3,2026-09-14T14:16:03.000270+00:00,2026-09-14T23:10:03.036703+00:00,2026-09-16T05:10:03.000270+00:00,제품정체형,썰쇼핑,5130,2026-09-09 07:08:49
gOdkETk0wX8,https://www.youtube.com/watch?v=gOdkETk0wX8,ucl12scb2y7j-kx0_ghaf-xq,썰풀다,JBL이 작정하고 사고 친 AI 마이크 수준 ㄷㄷ​#JBL마이크 #AI마이크 #이지싱미니 #무선마이크,14553,1,2026-08-28T09:04:02.680133+00:00,2026-09-04T23:10:02.346310+00:00,2026-09-10T08:10:02.680133+00:00,기타,썰쇼핑,0,2026-08-19 05:56:25
j82Ffa0fUYM,https://www.youtube.com/watch?v=j82Ffa0fUYM,ucuenvpsh41lvt6_a6yjh8_g,신비아이템,레몬 짜던 사람들 초토화시킨 제품,14525,4,2026-09-14T12:10:03.000270+00:00,2026-09-14T23:10:03.036703+00:00,2026-09-16T05:10:03.000270+00:00,제품정체형,썰쇼핑,5780,2026-09-09 07:08:49
54e0tCe47r4,https://www.youtube.com/watch?v=54e0tCe47r4,ucz-slgdofm414lil2nz0qea,장바구니 털기,물에 빠져도 안전요원이 구해주지 않는 수영장이라는데,14518,4,2026-09-08T21:58:03.000270+00:00,2026-09-14T23:10:03.036703+00:00,2026-09-16T05:10:03.000270+00:00,기타,썰쇼핑,1020,2026-09-14 07:04:05
UOyNLgcO9vc,https://www.youtube.com/watch?v=UOyNLgcO9vc,uc5vyr2cff4364oi5l6cwrja,숏핑,미국 천재가 만들어 떼돈번 제품 정체,14517,0,2026-09-03T09:58:03.000270+00:00,2026-09-04T23:10:02.346310+00:00,2026-09-16T05:10:03.000270+00:00,제품정체형,썰쇼핑,39900,2026-09-09 07:08:49
LLW9tbZMu44,https://www.youtube.com/watch?v=LLW9tbZMu44,uc59ltli8hmrkc1xbgfyutoa,대박살림,이케아도 놀란 한국 천재 활용법,14516,4,2026-09-03T08:28:03.000270+00:00,2026-09-08T11:10:24.676804+00:00,2026-09-16T05:10:03.000270+00:00,오용형,썰쇼핑,20600,2026-09-09 07:08:49
yBRyhqDGfYc,https://www.youtube.com/watch?v=yBRyhqDGfYc,uctd1t12z1qtvalhdd728tsg,우디홈템,다이소 품절대란! 무조건 집어오세요,14488,1,2026-09-10T21:58:03.000270+00:00,2026-09-11T02:10:02.367900+00:00,2026-09-16T05:10:03.000270+00:00,홈템,썰쇼핑,3700,2026-09-09 07:08:49
J2cqRKVt0K8,https://www.youtube.com/watch?v=J2cqRKVt0K8,ucjcbuxcvr7fojmnvzw3haua,상자쿤,기름 조금만 넣으려다 손가락이 바빠졌습니다,14443,0,2026-09-11T09:46:03.000270+00:00,2026-09-11T23:10:02.319689+00:00,2026-09-16T05:10:03.000270+00:00,기타,썰쇼핑,5860,2026-09-09 07:08:49
0SQRj4qVPrI,https://www.youtube.com/watch?v=0SQRj4qVPrI,ucwwuxe1dfkgyhf5euhsitzw,살림장착,네일샵 매출 박살낸 한국 천재의 발명,14399,10,2026-09-07T12:16:03.000270+00:00,2026-09-07T23:10:02.851021+00:00,2026-09-16T05:10:03.000270+00:00,뷰티,썰쇼핑,8850,2026-09-09 07:08:49
KrbBfQH0LZY,https://www.youtube.com/watch?v=KrbBfQH0LZY,uclecy6ihcjwmcbjhiz2-ctg,이븐쇼핑,업계 판도를 뒤바꾼 일본 천재의 발명품,14396,4,2026-09-02T13:04:03.000270+00:00,2026-09-04T23:10:02.346310+00:00,2026-09-16T05:10:03.000270+00:00,제품정체형,썰쇼핑,28300,2026-09-09 07:08:49
9B1bhyvlhZQ,https://www.youtube.com/watch?v=9B1bhyvlhZQ,ucnd6bgf50o87a92-ik1di8q,살림도사,다이소 직원도 놀란 기막힌 꼼수,14334,0,2026-09-13T07:58:03.000270+00:00,2026-09-13T23:10:02.300105+00:00,2026-09-16T05:10:03.000270+00:00,제품정체형,썰쇼핑,14500,2026-09-09 07:08:49
oKuXQkf9-7w,https://www.youtube.com/watch?v=oKuXQkf9-7w,uc_hbvja6hxd4v2y0duybvuq,참좋은 도구들,독일천재 감성이 만든 반전 #스테들러 #헥사고날 #문구추천,14262,7,2026-09-02T08:16:03.000270+00:00,2026-09-04T23:10:02.346310+00:00,2026-09-16T05:10:03.000270+00:00,제품정체형,썰쇼핑,1830,2026-09-09 07:08:49
uoI4JQoJaoo,https://www.youtube.com/watch?v=uoI4JQoJaoo,ucpgmvygxrkpjlujlzhth9tg,다람이 썰전,3년동안 닭으로 감자칩을 만든 남자,14203,0,2026-09-02T14:46:03.000270+00:00,2026-09-08T11:10:24.676804+00:00,2026-09-16T05:10:03.000270+00:00,레시피,썰쇼핑,1080,2026-09-09 07:08:49
hJkRoyH4190,https://www.youtube.com/watch?v=hJkRoyH4190,ucdcswue1gcphrrc3wpylicq,오늘줍줍,주차장에서 훔쳐온 일본 천재의 발명품,14196,3,2026-08-27T09:16:02.680133+00:00,2026-09-08T12:30:44.178691+00:00,2026-09-10T08:10:02.680133+00:00,제품정체형,썰쇼핑,1110,2026-09-09 07:08:49
6K6-N-7IjlE,https://www.youtube.com/watch?v=6K6-N-7IjlE,ucycg5luulo-ccdblcw7hdcq,지식배송,초보부모 눈물나게하는 발명품,14145,6,2026-09-08T10:04:03.000270+00:00,2026-09-08T12:30:44.178691+00:00,2026-09-16T05:10:03.000270+00:00,제품정체형,썰쇼핑,1350,2026-09-09 07:08:49
ZtwPw8-ErL0,https://www.youtube.com/watch?v=ZtwPw8-ErL0,ucmerd4mbsquuixhfb8rtjla,정리왕,귀중품 어디에 보관하세요? 서랍에 금고달기 #정리왕,14132,14,2026-09-04T07:58:03.000270+00:00,2026-09-09T23:10:01.358608+00:00,2026-09-16T05:10:03.000270+00:00,홈템,썰쇼핑,421000,2026-09-09 07:08:49
sRADaLQ1nwk,https://www.youtube.com/watch?v=sRADaLQ1nwk,ucrbvn94qfocjbtkhepz7heg,전설의레전드,스파이더맨 보고 온남편이 산 미친 아이템,13829,2,2026-08-31T05:10:02.569334+00:00,2026-09-08T11:10:24.676804+00:00,2026-09-14T05:10:02.569334+00:00,기타,썰쇼핑,10900,2026-09-09 07:08:49
ZuJ_2vD3tBw,https://www.youtube.com/watch?v=ZuJ_2vD3tBw,uc5rvoexd7qdesakzghws1mq,드라마짠,"8년 만에 친아들 찾은 무진, 한결에게 곧장 달려갔다 #사랑이온다 #드라마 #가족드라마 #주말드라마 #드라마추천 #드라마리뷰 #kbs드라마",13784,0,2026-08-27T21:22:02.680133+00:00,2026-09-09T23:10:01.358608+00:00,2026-09-10T08:10:02.680133+00:00,기타,썰쇼핑,4340,2026-09-09 07:08:49
xYw4Kv4SCxM,https://www.youtube.com/watch?v=xYw4Kv4SCxM,uco2z7vorocd2wu8uxl8wgew,럭키박스,카드가 볼펜으로 변하는 미친 펜의 정체,13710,8,2026-08-25T12:22:24.676804+00:00,2026-09-04T23:10:02.346310+00:00,2026-09-08T11:10:24.676804+00:00,제품정체형,썰쇼핑,2340,2026-09-09 07:08:49
--KIwQ-QWuU,https://www.youtube.com/watch?v=--KIwQ-QWuU,ucxfcgk6imynzbexyly8mhiq,코어장바구니,만년 대학원생이 빡쳐서 만든 접착제,13656,2,2026-08-26T17:34:02.542305+00:00,2026-09-04T23:10:02.346310+00:00,2026-09-09T05:10:02.542305+00:00,기타,썰쇼핑,8610,2026-09-09 07:08:49
XeALUoYsXf0,https://www.youtube.com/watch?v=XeALUoYsXf0,ucjcbuxcvr7fojmnvzw3haua,상자쿤,가전 박람회에 나타난 미국 천재의 발명품,13642,2,2026-08-29T09:46:02.660921+00:00,2026-09-08T11:10:24.676804+00:00,2026-09-12T05:10:02.660921+00:00,제품정체형,썰쇼핑,5860,2026-09-09 07:08:49
GMHJ_PoT42s,https://www.youtube.com/watch?v=GMHJ_PoT42s,ucxunuiivb1w3mchfbrzxy-a,도파민모음집,힘 뺄수록 공이 더 멀리 날아간다는 타격 장인의 단계별 홈런 쇼;; #야구,13609,1,2026-09-07T12:58:03.000270+00:00,2026-09-14T23:10:03.036703+00:00,2026-09-16T05:10:03.000270+00:00,기타,썰쇼핑,78600,2026-09-14 07:04:05
Ix7KlhvhmU8,https://www.youtube.com/watch?v=Ix7KlhvhmU8,ucxirsjqetzz4ml6lc-uu5tq,이런호기심,자연이 만든 1인용 캡슐 침대?! 야생 당근 꽃 속에 숨겨진 심쿵 비밀 🌿,13582,8,2026-09-13T01:58:03.000270+00:00,2026-09-14T23:10:03.036703+00:00,2026-09-16T05:10:03.000270+00:00,제품정체형,썰쇼핑,14400,2026-09-14 07:04:05
gNr6zPtpyXs,https://www.youtube.com/watch?v=gNr6zPtpyXs,uchf6vudwbonfotjr4oox3qw,생활용품 연구소,다이소 접시꽂이 반전 활용법,13565,1,2026-09-11T08:58:03.000270+00:00,2026-09-11T23:10:02.319689+00:00,2026-09-16T05:10:03.000270+00:00,제품정체형,썰쇼핑,20700,2026-08-19 05:56:25
2HN3AjVa0yU,https://www.youtube.com/watch?v=2HN3AjVa0yU,uc_vnciqax_yorgwxnkb2oua,꿀템박스,한국천재가 만들어 떼돈번 제품의 정체 #먼지제거기#휴대용돌돌이#반영구세척기#물세척돌돌이#털제거,13470,4,2026-09-09T08:58:03.000270+00:00,2026-09-14T23:10:03.036703+00:00,2026-09-16T05:10:03.000270+00:00,제품정체형,썰쇼핑,148,2026-09-14 07:04:05
YJCauKTPeqs,https://www.youtube.com/watch?v=YJCauKTPeqs,ucm_du1kofq8nxfvmtm0xx2w,로디홈,이케아 본사도 전혀 예상 못한 아이디어,13460,1,2026-09-09T11:58:03.000270+00:00,2026-09-09T23:10:01.358608+00:00,2026-09-16T05:10:03.000270+00:00,홈템,썰쇼핑,5990,2026-09-09 07:08:49
jsbZz5XTSHQ,https://www.youtube.com/watch?v=jsbZz5XTSHQ,ucl12scb2y7j-kx0_ghaf-xq,썰풀다,신축 아파트 주방이 1949년 주방한테 처참히 발린 이유?#주방인테리어 #주방정리 #살림꿀팁 #1949주방,13455,5,2026-09-03T12:52:03.000270+00:00,2026-09-04T23:10:02.346310+00:00,2026-09-16T05:10:03.000270+00:00,홈템,썰쇼핑,0,2026-08-19 05:56:25
Gvv5HWx4X9Q,https://www.youtube.com/watch?v=Gvv5HWx4X9Q,uc7-zana-q91i52ma1ufhghg,달래샵,미대생들이 필통에 꽁꽁 숨겨둔 연필의 충격적인 정체?! ✏️😱,13415,1,2026-09-15T10:58:03.000270+00:00,2026-09-15T23:10:03.157352+00:00,2026-09-16T05:10:03.000270+00:00,제품정체형,썰쇼핑,6910,2026-09-09 07:08:49
Rq8SpOvRFbU,https://www.youtube.com/watch?v=Rq8SpOvRFbU,uco5envmkrcuynv6jubsd_7g,긍정템,코딱지만한 주방 역대급 천재 제품,13400,1,2026-09-05T04:40:02.319689+00:00,2026-09-05T04:42:28.257041+00:00,2026-09-11T23:10:02.319689+00:00,제품정체형,썰쇼핑,3660,2026-09-09 07:08:49
KrGTPDZ2x3U,https://www.youtube.com/watch?v=KrGTPDZ2x3U,ucxunuiivb1w3mchfbrzxy-a,도파민모음집,프로 선수들도 혀를 내두른다는 소프트볼 선수의 소름 돋는 정밀 타격 ㄷㄷ #야구,13374,3,2026-09-06T07:58:03.000270+00:00,2026-09-14T23:10:03.036703+00:00,2026-09-16T05:10:03.000270+00:00,기타,썰쇼핑,78600,2026-09-14 07:04:05
iiIU1n2SXso,https://www.youtube.com/watch?v=iiIU1n2SXso,ucwx424nckxuyae44qqqltca,쇼핑하는 김반장,해외서 난리 난 일본 돈까스 집 양배추의 비밀,13339,0,2026-09-09T09:58:03.000270+00:00,2026-09-14T23:10:03.036703+00:00,2026-09-16T05:10:03.000270+00:00,제품정체형,썰쇼핑,641,2026-09-14 07:04:05
vQJgPFCDLZQ,https://www.youtube.com/watch?v=vQJgPFCDLZQ,ucvq26myeojatrmce0pm0qsq,먹킷리스트,99%가 라면 끓일 때 수돗물 손잡이 잡는 방법부터 틀렸습니다. 모르면 그대로 당하는 생활꿀팁!,13326,4,2026-08-29T09:58:02.660921+00:00,2026-09-09T23:10:01.358608+00:00,2026-09-12T05:10:02.660921+00:00,기타,썰쇼핑,89600,2026-09-09 07:08:49
5XH990tKkUY,https://www.youtube.com/watch?v=5XH990tKkUY,ucsbp41obff8fsjgcvxut6ga,또왔소,와이프 몰래 바이크 산거 후회중,13304,0,2026-09-12T15:28:03.000270+00:00,2026-09-12T23:10:03.131380+00:00,2026-09-16T05:10:03.000270+00:00,기타,썰쇼핑,10700,2026-09-09 07:08:49
X3nh3gZd3t4,https://www.youtube.com/watch?v=X3nh3gZd3t4,uc963edydyw3xjtuisucdbww,인생굿즈,역시 일본만 만들수있는 미친 제품,13283,9,2026-09-07T02:58:03.000270+00:00,2026-09-08T11:10:24.676804+00:00,2026-09-16T05:10:03.000270+00:00,기타,썰쇼핑,15600,2026-09-09 07:08:49
CrBHC3SRKd4,https://www.youtube.com/watch?v=CrBHC3SRKd4,ucvq26myeojatrmce0pm0qsq,먹킷리스트,지금 전국적으로 대 난리입니다. 이렇게 생긴 맨홀 뚜껑 절대 밟지 마세요. 추락과 사고를 막는 생활 꿀팁입니다.,13255,4,2026-08-27T09:58:02.680133+00:00,2026-09-09T23:10:01.358608+00:00,2026-09-10T08:10:02.680133+00:00,기타,썰쇼핑,89600,2026-09-09 07:08:49
AOcFJwLJDWY,https://www.youtube.com/watch?v=AOcFJwLJDWY,ucacjyzv8sszopdmi_punhyw,느좋스냅,손녀바보 도자기 명인이 역대급 대박난 이유 #웃긴영상 #라면 #컵라면도자기,13252,14,2026-08-26T21:58:02.542305+00:00,2026-09-08T11:10:24.676804+00:00,2026-09-09T05:10:02.542305+00:00,기타,썰쇼핑,42300,2026-09-09 07:08:49
ssq0ewTfiRM,https://www.youtube.com/watch?v=ssq0ewTfiRM,uclfbmumxshw-8ylwcgp-w3w,Gcar지카,강물에 손만 넣었을 뿐인데... 3초 뒤 벌어지는 소름 돋는 일 ㄷㄷ,13167,0,2026-09-01T06:28:02.238212+00:00,2026-09-04T23:10:02.346310+00:00,2026-09-15T05:10:02.238212+00:00,기타,썰쇼핑,75100,2026-09-09 02:35:38
oGS5h2Sb7Hc,https://www.youtube.com/watch?v=oGS5h2Sb7Hc,uco3sju4c8apyrhk_dbo8udq,냥냥쿨범,개발자도 놀란 천재 주부의 활용법,13138,4,2026-08-28T11:16:02.666924+00:00,2026-09-08T11:10:24.676804+00:00,2026-09-11T05:10:02.666924+00:00,오용형,썰쇼핑,21500,2026-09-09 07:08:49
eL5oNYjsTzo,https://www.youtube.com/watch?v=eL5oNYjsTzo,uccb3vyyx4jqhx5x6grrt_la,도토리에이드,스탠리 박살내고 돈방석에 앉은 천재?,13125,2,2026-09-13T22:46:03.000270+00:00,2026-09-14T23:10:03.036703+00:00,2026-09-16T05:10:03.000270+00:00,제품정체형,썰쇼핑,2090,2026-09-14 07:04:05
1AP9Bhn4-tU,https://www.youtube.com/watch?v=1AP9Bhn4-tU,ucl12scb2y7j-kx0_ghaf-xq,썰풀다,강아지부터 사람까지 옆에만 가면 3초 만에 기절함#숨쉬는수달 #피셔프라이스 #불면증꿀템 #육아꿀템,13113,3,2026-09-07T06:52:03.000270+00:00,2026-09-07T23:10:02.851021+00:00,2026-09-16T05:10:03.000270+00:00,홈템,썰쇼핑,0,2026-08-19 05:56:25
Gdw-CiNiDsM,https://www.youtube.com/watch?v=Gdw-CiNiDsM,ucxunuiivb1w3mchfbrzxy-a,도파민모음집,받는 포수 손바닥 불날까 걱정되는 야마모토 불펜 피칭 체감 #야구,13064,1,2026-09-12T10:58:03.000270+00:00,2026-09-14T23:10:03.036703+00:00,2026-09-16T05:10:03.000270+00:00,기타,썰쇼핑,78600,2026-09-14 07:04:05
r0VpcxWDNw0,https://www.youtube.com/watch?v=r0VpcxWDNw0,uc7-zana-q91i52ma1ufhghg,달래샵,🤯좁은 책상 구원템! 자취생 눈물 쏙 빼게 만든 미친 터치 모니터 🖥️✨,13004,4,2026-09-02T09:58:03.000270+00:00,2026-09-04T23:10:02.346310+00:00,2026-09-16T05:10:03.000270+00:00,기타,썰쇼핑,6910,2026-09-09 07:08:49
igJxim08vfY,https://www.youtube.com/watch?v=igJxim08vfY,ucvaa_y8pn-ahgsjoqet6h9a,랜더쇼츠,"""우리 애기 있어요!"" 신호위반 해놓고 적반하장으로 화내던 운전자의 최후는...?",12990,24,2026-09-13T15:52:03.000270+00:00,2026-09-14T23:10:03.036703+00:00,2026-09-16T05:10:03.000270+00:00,기타,썰쇼핑,1490,2026-09-14 07:04:05
tWybJqMIEoY,https://www.youtube.com/watch?v=tWybJqMIEoY,uc5rvoexd7qdesakzghws1mq,드라마짠,"아무것도 모르는 해라의 한마디, 주미란이 두려워한 이유 #욕망의덫 #욕망의덫예상 #예상스토리 #드라마 #드라마리뷰 #드라마추천",12894,0,2026-08-29T13:10:02.660921+00:00,2026-09-09T23:10:01.358608+00:00,2026-09-12T05:10:02.660921+00:00,기타,썰쇼핑,4340,2026-09-09 07:08:49
swfF8_TOlv4,https://www.youtube.com/watch?v=swfF8_TOlv4,ucwm38_jaclmkiufqxyrjdng,무슨템,다이소에서 품절 되는 이유,12863,1,2026-09-03T13:52:03.000270+00:00,2026-09-04T23:10:02.346310+00:00,2026-09-16T05:10:03.000270+00:00,홈템,썰쇼핑,31800,2026-09-09 07:08:49
lwe_BxJw5wc,https://www.youtube.com/watch?v=lwe_BxJw5wc,ucsbp41obff8fsjgcvxut6ga,또왔소,장인이 말아주는 중세 시대 장갑 클래스ㄷㄷ,12846,3,2026-09-14T11:34:03.000270+00:00,2026-09-14T23:10:03.036703+00:00,2026-09-16T05:10:03.000270+00:00,기타,썰쇼핑,10700,2026-09-09 07:08:49
O0VHVgGc6fw,https://www.youtube.com/watch?v=O0VHVgGc6fw,uc7-zana-q91i52ma1ufhghg,달래샵,수정테이프 회사들 밥줄 끊어버린 정체,12832,7,2026-09-08T09:58:03.000270+00:00,2026-09-08T10:27:51.412064+00:00,2026-09-16T05:10:03.000270+00:00,제품정체형,썰쇼핑,6910,2026-09-09 07:08:49
i23a322It_0,https://www.youtube.com/watch?v=i23a322It_0,ucee8ue8x00th6esoz0w08eq,살림보고,다이소 꿀템 압축봉 꼭 챙겨오세요 #shorts,12811,2,,2026-09-04T23:10:02.346310+00:00,2026-09-05T04:42:28.257041+00:00,홈템,썰쇼핑,10800,2026-09-09 07:08:49
8ncUTit16G8,https://www.youtube.com/watch?v=8ncUTit16G8,ucqnbrrb-zbu_7o5ksr27l6g,리치쇼핑,형광펜 업계를 망하게 한 일본 천재의 발명품,12766,1,2026-09-03T02:58:03.000270+00:00,2026-09-04T23:10:02.346310+00:00,2026-09-16T05:10:03.000270+00:00,제품정체형,썰쇼핑,3050,2026-09-14 07:04:05
6CnLj4KGiiI,https://www.youtube.com/watch?v=6CnLj4KGiiI,ucwmaogosqen98l7nc_4xyga,썰핑,다이소가 탐내는 스티커의 정체,12756,2,2026-09-10T10:16:03.000270+00:00,2026-09-14T23:10:03.036703+00:00,2026-09-16T05:10:03.000270+00:00,제품정체형,썰쇼핑,15600,2026-09-14 07:04:05
X0maF3jGAPY,https://www.youtube.com/watch?v=X0maF3jGAPY,ucnd6bgf50o87a92-ik1di8q,살림도사,이케아 본사도 감탄한 역대급 아이디어,12750,0,2026-08-30T22:58:02.819135+00:00,2026-09-04T23:10:02.346310+00:00,2026-09-13T05:10:02.819135+00:00,오용형,썰쇼핑,14500,2026-09-09 07:08:49
Sk8cjqXp8Vo,https://www.youtube.com/watch?v=Sk8cjqXp8Vo,ucl12scb2y7j-kx0_ghaf-xq,썰풀다,자동화장실 사기 전에 꼭 봐야 하는 이유#고양이자동화장실 #고양이화장실 #집사필수템 #고양이용품 #자동화장실,12746,1,2026-09-10T06:04:03.000270+00:00,2026-09-10T08:10:02.680133+00:00,2026-09-16T05:10:03.000270+00:00,뷰티,썰쇼핑,0,2026-08-19 05:56:25
qqS3JauuOoU,https://www.youtube.com/watch?v=qqS3JauuOoU,ucsdfcfw-a0ks-7qsdxpbprw,쇼츠킹,굳기 전 콘크리트에서 기둥을 뽑아내는 충격적인 이유 (건축 신기술),12709,0,2026-09-07T05:10:03.000270+00:00,2026-09-07T23:10:02.851021+00:00,2026-09-16T05:10:03.000270+00:00,기타,썰쇼핑,72400,2026-09-09 02:35:38
Y_EoNixX7ag,https://www.youtube.com/watch?v=Y_EoNixX7ag,uc9cpf1vjxwkndwy1jvvdzvw,쇼핑남자,써보면 반한다는 천재의 발명품 3탄,12708,5,2026-09-12T10:58:03.000270+00:00,2026-09-12T23:10:03.131380+00:00,2026-09-16T05:10:03.000270+00:00,제품정체형,썰쇼핑,6370,2026-09-09 07:08:49
pdpJo4xqBZ4,https://www.youtube.com/watch?v=pdpJo4xqBZ4,ucjcbuxcvr7fojmnvzw3haua,상자쿤,영혼까지 뽑아버리는 천재의 발명품ㄷㄷㄷㄷㄷ,12572,9,2026-08-27T09:46:02.680133+00:00,2026-09-08T11:10:24.676804+00:00,2026-09-10T08:10:02.680133+00:00,제품정체형,썰쇼핑,5860,2026-09-09 07:08:49
rW9zbjyAuew,https://www.youtube.com/watch?v=rW9zbjyAuew,ucsdfcfw-a0ks-7qsdxpbprw,쇼츠킹,이게 정말 배관이라고? 두꺼운 쇳덩이를 두부처럼 썰어버리는 미친 절단기 ㄷㄷ,12571,2,2026-08-29T05:34:02.660921+00:00,2026-09-04T23:10:02.346310+00:00,2026-09-12T05:10:02.660921+00:00,장비템,썰쇼핑,72400,2026-09-09 02:35:38
IGP8OH8ZWVk,https://www.youtube.com/watch?v=IGP8OH8ZWVk,ucsbp41obff8fsjgcvxut6ga,또왔소,알바생의 진상손님 대처법,12564,2,2026-08-25T01:10:02.851021+00:00,2026-09-04T23:10:02.346310+00:00,2026-09-07T23:10:02.851021+00:00,기타,썰쇼핑,10700,2026-09-09 07:08:49
Hdppyy80peg,https://www.youtube.com/watch?v=Hdppyy80peg,ucwmaogosqen98l7nc_4xyga,썰핑,한국 천재가 만들어 떼돈 번 제품 정체,12547,6,2026-09-09T10:28:03.000270+00:00,2026-09-14T23:10:03.036703+00:00,2026-09-16T05:10:03.000270+00:00,제품정체형,썰쇼핑,15600,2026-09-14 07:04:05
vVikV8Uh0Rw,https://www.youtube.com/watch?v=vVikV8Uh0Rw,uc0do9ivmcduowrrnlcg94hw,꿀템줍줍,이케아도 놀란 선반의 미친 활용법(0304번),12484,4,2026-08-28T09:58:02.666924+00:00,2026-09-04T23:10:02.346310+00:00,2026-09-11T05:10:02.666924+00:00,오용형,썰쇼핑,44400,2026-09-09 02:35:38
R9zGRggFuNg,https://www.youtube.com/watch?v=R9zGRggFuNg,ucxteg2lrkvxn8b7umce7qoq,딸기라떼,런닝하다 개빡친 천재의 아이디어 제품!!! 땀범벅 운전 필수템! 안 흘러내리는 차량용 시트 보호 타월 커버 🚘#차량용시트커버 #차량용타월 #운동후운전 #차량관리 #꿀템추천,12426,10,2026-09-02T08:58:03.000270+00:00,2026-09-04T23:10:02.346310+00:00,2026-09-16T05:10:03.000270+00:00,제품정체형,썰쇼핑,5130,2026-09-09 07:08:49
C2iMoL6N6h4,https://www.youtube.com/watch?v=C2iMoL6N6h4,uc0do9ivmcduowrrnlcg94hw,꿀템줍줍,"좁은 주방, 싱크대 뒤쪽을 쓰니까 달라졌어요✨(0253번)",12419,4,,2026-09-04T23:10:02.346310+00:00,2026-09-04T23:10:02.346310+00:00,홈템,썰쇼핑,44400,2026-09-09 02:35:38
8xpeWvuB7cg,https://www.youtube.com/watch?v=8xpeWvuB7cg,ucqrltjou9wttstlwiem2lma,왜 팔릴까,애플 잡으려고 나온 미친 이어폰,12385,4,2026-09-02T10:10:03.000270+00:00,2026-09-04T23:10:02.346310+00:00,2026-09-16T05:10:03.000270+00:00,기타,썰쇼핑,1720,2026-09-09 07:08:49
9uBjKMbE2Mo,https://www.youtube.com/watch?v=9uBjKMbE2Mo,ucjlxkqrjd0pecwp1xkuvoeq,꿀템첵첵,캠핑 좋아하시면 무조건 사세요!,12385,2,2026-08-26T02:58:01.332600+00:00,2026-09-04T23:10:02.346310+00:00,2026-09-08T23:10:01.332600+00:00,기타,썰쇼핑,27200,2026-09-09 07:08:49
yGls76DijZ0,https://www.youtube.com/watch?v=yGls76DijZ0,uclfbmumxshw-8ylwcgp-w3w,Gcar지카,양배추 꼬치가 순식간에 사라지는 마법 😲 닭들의 살벌한 먹방,12381,0,2026-09-06T01:28:03.000270+00:00,2026-09-06T23:10:01.282766+00:00,2026-09-16T05:10:03.000270+00:00,기타,썰쇼핑,75100,2026-09-09 02:35:38
vsQpYYdBP3Q,https://www.youtube.com/watch?v=vsQpYYdBP3Q,ucqnbrrb-zbu_7o5ksr27l6g,리치쇼핑,가방에 넣고 흔들기만 하는 제품의 정체,12381,4,2026-09-11T07:58:03.000270+00:00,2026-09-11T23:10:02.319689+00:00,2026-09-16T05:10:03.000270+00:00,제품정체형,썰쇼핑,3050,2026-09-14 07:04:05
auRJAl7zJbg,https://www.youtube.com/watch?v=auRJAl7zJbg,ucmssyyqvltkjobcgqdrzmuw,내일 쇼핑,대기업 간장 매출 박살낸 한국 천재 제품의 정체? #컬리 #간장  #꿀템,12354,14,2026-09-02T02:34:03.157352+00:00,2026-09-04T23:10:02.346310+00:00,2026-09-15T23:10:03.157352+00:00,제품정체형,썰쇼핑,1880,2026-09-09 07:08:49
9at2gCuXU2Y,https://www.youtube.com/watch?v=9at2gCuXU2Y,ucmbeuonh4nls9qryeeue_gg,쓸모있어,이케아 설계자도 감탄한 미친 사용법,12307,2,2026-09-05T04:58:03.000270+00:00,2026-09-08T11:10:24.676804+00:00,2026-09-16T05:10:03.000270+00:00,오용형,썰쇼핑,1240,2026-09-09 07:08:49
J_HPbYFmxh0,https://www.youtube.com/watch?v=J_HPbYFmxh0,uc9cpf1vjxwkndwy1jvvdzvw,쇼핑남자,다이소도 당황해버린 천재의 발명품,12304,3,2026-09-04T03:58:03.000270+00:00,2026-09-04T23:10:02.346310+00:00,2026-09-16T05:10:03.000270+00:00,제품정체형,썰쇼핑,6370,2026-09-09 07:08:49
k249wAkOG3I,https://www.youtube.com/watch?v=k249wAkOG3I,ucxirsjqetzz4ml6lc-uu5tq,이런호기심,보기만 해도 십년 묵은 체증이 싹! 선박 두꺼운 녹 털어버리는 극락의 공구,12268,5,2026-09-05T09:58:03.000270+00:00,2026-09-14T23:10:03.036703+00:00,2026-09-16T05:10:03.000270+00:00,장비템,썰쇼핑,14400,2026-09-14 07:04:05
SMSCS1e6jYY,https://www.youtube.com/watch?v=SMSCS1e6jYY,ucsdfcfw-a0ks-7qsdxpbprw,쇼츠킹,아직도 손으로 가지 묶으세요? 전국 농민들 소름 돋게 만든 미친 결속기 정체 ㄷㄷ,12267,1,2026-09-01T03:52:03.036703+00:00,2026-09-04T23:10:02.346310+00:00,2026-09-14T23:10:03.036703+00:00,제품정체형,썰쇼핑,72400,2026-09-09 02:35:38
ftiy44sCVLY,https://www.youtube.com/watch?v=ftiy44sCVLY,ucxirsjqetzz4ml6lc-uu5tq,이런호기심,전 세계 435대뿐인 수억 원대 희귀차! 1954년식 카이저 대린의 미친 감성 🚗,12229,1,2026-09-14T01:58:03.000270+00:00,2026-09-14T23:10:03.036703+00:00,2026-09-16T05:10:03.000270+00:00,제품정체형,썰쇼핑,14400,2026-09-14 07:04:05
7wVoVohRB1I,https://www.youtube.com/watch?v=7wVoVohRB1I,ucqccuxzpl3snkehlhbti2hg,갓성비추천템,조작논란으로 개떡상한 제품,12164,1,2026-08-28T12:46:02.666924+00:00,2026-09-08T11:10:24.676804+00:00,2026-09-11T05:10:02.666924+00:00,기타,썰쇼핑,29800,2026-09-09 07:08:49
TYzLchp0i9g,https://www.youtube.com/watch?v=TYzLchp0i9g,uc4iyryt1y1d5_cdjaocsk6q,설렘픽,다이소 네트망으로 쇼파 테이블을 만들었다고?,12156,1,2026-09-10T12:52:03.000270+00:00,2026-09-11T02:10:02.367900+00:00,2026-09-16T05:10:03.000270+00:00,홈템,썰쇼핑,2580,2026-09-09 07:08:49
wB7oBFNVAjo,https://www.youtube.com/watch?v=wB7oBFNVAjo,ucrbvn94qfocjbtkhepz7heg,전설의레전드,손흥민 보고 축구에 꽂힌 아들을 위한 역대급 선물,12120,1,2026-09-04T23:58:03.000270+00:00,2026-09-08T11:10:24.676804+00:00,2026-09-16T05:10:03.000270+00:00,기타,썰쇼핑,10900,2026-09-09 07:08:49
baibjCzP5Dg,https://www.youtube.com/watch?v=baibjCzP5Dg,ucxeyhz8xitvlxhdduxy6zca,리뷰남 ,소규모 자영업자들을 구원한 천재적인 아이디어,12113,2,2026-09-05T08:22:03.000270+00:00,2026-09-05T23:10:01.374377+00:00,2026-09-16T05:10:03.000270+00:00,제품정체형,썰쇼핑,16100,2026-09-09 07:08:49
IssB9O00QQc,https://www.youtube.com/watch?v=IssB9O00QQc,ucm_du1kofq8nxfvmtm0xx2w,로디홈,이케아 설계자도 당황한 수납장 활용법,12075,5,2026-08-25T12:04:24.676804+00:00,2026-09-04T23:10:02.346310+00:00,2026-09-08T11:10:24.676804+00:00,오용형,썰쇼핑,5990,2026-09-09 07:08:49
fKXhKP2R0EQ,https://www.youtube.com/watch?v=fKXhKP2R0EQ,ucl12scb2y7j-kx0_ghaf-xq,썰풀다,베젤을 45도 돌리면 일어나는 일 (카시오 역대급 실수작?)#카시오시계 #프로트렉 #고프코어 #등산시계 #PRJB001B,12032,2,2026-09-07T09:10:03.000270+00:00,2026-09-07T23:10:02.851021+00:00,2026-09-16T05:10:03.000270+00:00,제품정체형,썰쇼핑,0,2026-08-19 05:56:25
LGl6eOdES2w,https://www.youtube.com/watch?v=LGl6eOdES2w,ucxeyhz8xitvlxhdduxy6zca,리뷰남 ,세계에서 가장 비싼 명품 모니터 받침대의 정체,12028,1,2026-08-29T03:52:02.319689+00:00,2026-09-04T23:10:02.346310+00:00,2026-09-11T23:10:02.319689+00:00,제품정체형,썰쇼핑,16100,2026-09-09 07:08:49
ItapBjy6FNQ,https://www.youtube.com/watch?v=ItapBjy6FNQ,uc9cpf1vjxwkndwy1jvvdzvw,쇼핑남자,부모들이 당황한 천재의 발명품,12015,2,2026-08-31T14:10:02.569334+00:00,2026-09-04T23:10:02.346310+00:00,2026-09-14T05:10:02.569334+00:00,제품정체형,썰쇼핑,6370,2026-09-09 07:08:49
nNbe-WRMfaI,https://www.youtube.com/watch?v=nNbe-WRMfaI,uc7-zana-q91i52ma1ufhghg,달래샵,손님 올 때마다 바닥에서 재웠다면 당장 보세요 😭🛌,12014,1,2026-09-14T10:58:03.000270+00:00,2026-09-14T23:10:03.036703+00:00,2026-09-16T05:10:03.000270+00:00,기타,썰쇼핑,6910,2026-09-09 07:08:49
n70fAgDgvSk,https://www.youtube.com/watch?v=n70fAgDgvSk,ucqrltjou9wttstlwiem2lma,왜 팔릴까,5000만개 팔아 떼돈번 연필 정체,11941,4,2026-08-27T10:34:02.680133+00:00,2026-09-04T23:10:02.346310+00:00,2026-09-10T08:10:02.680133+00:00,제품정체형,썰쇼핑,1720,2026-09-09 07:08:49
1R3sKwaI8DM,https://www.youtube.com/watch?v=1R3sKwaI8DM,uc4iyryt1y1d5_cdjaocsk6q,설렘픽,의외로 모르는 3초 완벽 리본 매듭법 #꿀팁 🎀 Easy Way to Tie a Perfect Ribbon,11937,0,2026-08-31T13:16:02.569334+00:00,2026-09-04T23:10:02.346310+00:00,2026-09-14T05:10:02.569334+00:00,기타,썰쇼핑,2580,2026-09-09 07:08:49
d-w3RnCqn2A,https://www.youtube.com/watch?v=d-w3RnCqn2A,ucsbp41obff8fsjgcvxut6ga,또왔소,모두를 놀라게 한 남성의 반전,11909,3,2026-09-01T05:16:02.238212+00:00,2026-09-04T23:10:02.346310+00:00,2026-09-15T05:10:02.238212+00:00,제품정체형,썰쇼핑,10700,2026-09-09 07:08:49
DmSNzk2t7Bw,https://www.youtube.com/watch?v=DmSNzk2t7Bw,ucknyotic61bk0usui1ixavg,으니픽,일본 다이소도 몰랐던 어이없는 활용법 #생활용품,11900,1,2026-08-29T11:22:02.660921+00:00,2026-09-04T23:10:02.346310+00:00,2026-09-12T05:10:02.660921+00:00,오용형,썰쇼핑,1300,2026-09-09 07:08:49
09U4wkL0MGA,https://www.youtube.com/watch?v=09U4wkL0MGA,ucgfkcrlj5kbiw01hdol2e6g,K파민,뉴욕 청년이 출근 도장 찍게 만드는 K-휴게소 명물이 떴다,11856,1,2026-09-06T04:58:03.000270+00:00,2026-09-14T23:10:03.036703+00:00,2026-09-16T05:10:03.000270+00:00,기타,썰쇼핑,446,2026-09-14 07:04:05
y5lff-QgLtY,https://www.youtube.com/watch?v=y5lff-QgLtY,ucqrltjou9wttstlwiem2lma,왜 팔릴까,스마트폰 시대 끝내버린 안경,11848,2,2026-09-09T11:28:03.000270+00:00,2026-09-09T23:10:01.358608+00:00,2026-09-16T05:10:03.000270+00:00,제품정체형,썰쇼핑,1720,2026-09-09 07:08:49
ryVHk2PdJ1I,https://www.youtube.com/watch?v=ryVHk2PdJ1I,uczsqdvebdhbskc3vnvwwbkg,살림치트키,미국 천재가 만들어 돈방석 앉은 제품,11820,1,2026-08-25T23:46:01.332600+00:00,2026-09-04T23:10:02.346310+00:00,2026-09-08T23:10:01.332600+00:00,제품정체형,썰쇼핑,193,2026-09-14 07:04:05
9Coh01-5LTg,https://www.youtube.com/watch?v=9Coh01-5LTg,ucl12scb2y7j-kx0_ghaf-xq,썰풀다,살림 고수들이 다이소 가방 걸이 비웃고 꺾어버린 물건#요술걸이 #데스크테리어 #사무실꿀템 #자취꿀템 #살림꿀팁,11811,1,2026-08-30T07:40:03.131380+00:00,2026-09-04T23:10:02.346310+00:00,2026-09-12T23:10:03.131380+00:00,홈템,썰쇼핑,0,2026-08-19 05:56:25
9u8Ty7Ukr4Y,https://www.youtube.com/watch?v=9u8Ty7Ukr4Y,ucwx424nckxuyae44qqqltca,쇼핑하는 김반장,해외서 난리 난 직장인들의 운동기구 정체 헬스 홈트 꿀템,11810,0,2026-09-11T10:58:03.000270+00:00,2026-09-14T23:10:03.036703+00:00,2026-09-16T05:10:03.000270+00:00,제품정체형,썰쇼핑,641,2026-09-14 07:04:05
XMtyK6IYQAo,https://www.youtube.com/watch?v=XMtyK6IYQAo,uc7-zana-q91i52ma1ufhghg,달래샵,120년 전통 회사가 만든 미친 펜의 정체🖋️,11800,9,2026-08-31T09:58:02.569334+00:00,2026-09-04T23:10:02.346310+00:00,2026-09-14T05:10:02.569334+00:00,제품정체형,썰쇼핑,6910,2026-09-09 07:08:49
2S_c91jz5W4,https://www.youtube.com/watch?v=2S_c91jz5W4,uco2z7vorocd2wu8uxl8wgew,럭키박스,다 쓰면 식물이 자라는 연필의 정체,11777,1,2026-08-29T12:22:02.660921+00:00,2026-09-04T23:10:02.346310+00:00,2026-09-12T05:10:02.660921+00:00,제품정체형,썰쇼핑,2340,2026-09-09 07:08:49
JmxzBROqqWs,https://www.youtube.com/watch?v=JmxzBROqqWs,uca1sbg9pja6ilneecrbsrlq,별걸다봄,영상 하나로 떼돈번 육아천재의 발명품,11751,1,2026-09-08T09:04:03.000270+00:00,2026-09-08T10:27:51.412064+00:00,2026-09-16T05:10:03.000270+00:00,제품정체형,썰쇼핑,17700,2026-09-09 07:08:49
J9NeuUq6dD0,https://www.youtube.com/watch?v=J9NeuUq6dD0,ucamzjidsn-e1fi_kpveqt_q,순삭킥,해먹 하나 샀더니 고양이가 벌인 기막힌 일 #고양이 #반려묘 #고양이해먹 #냥스타그램 #펫스타그램,11706,0,2026-09-13T06:58:03.000270+00:00,2026-09-14T23:10:03.036703+00:00,2026-09-16T05:10:03.000270+00:00,기타,썰쇼핑,8870,2026-09-14 07:06:10
QlbA-Kz7O_Q,https://www.youtube.com/watch?v=QlbA-Kz7O_Q,ucamzjidsn-e1fi_kpveqt_q,순삭킥,보는 사람까지 심장이 덜컥 내려앉는 순간 #중장비 #로드롤러 #상차 #사고 #아찔함,11699,10,2026-09-01T08:58:02.238212+00:00,2026-09-14T23:10:03.036703+00:00,2026-09-15T05:10:02.238212+00:00,기타,썰쇼핑,8870,2026-09-14 07:06:10
qdFH4Ro1BdM,https://www.youtube.com/watch?v=qdFH4Ro1BdM,uc7-zana-q91i52ma1ufhghg,달래샵,대치동 엄마들이 이 볼펜을 직구하는 이유✍️🔥,11640,4,2026-09-10T10:28:03.000270+00:00,2026-09-11T02:10:02.367900+00:00,2026-09-16T05:10:03.000270+00:00,기타,썰쇼핑,6910,2026-09-09 07:08:49
r6COGL9YzHI,https://www.youtube.com/watch?v=r6COGL9YzHI,ucrbvn94qfocjbtkhepz7heg,전설의레전드,혼술광 삼촌이 사온술자리 핵인싸 아이템,11582,2,2026-08-31T10:16:02.569334+00:00,2026-09-08T11:10:24.676804+00:00,2026-09-14T05:10:02.569334+00:00,기타,썰쇼핑,10900,2026-09-09 07:08:49
Q95-OJ6b9qY,https://www.youtube.com/watch?v=Q95-OJ6b9qY,uc8wcwts4chdpce-nzqpm04a,인생갓템,매출10배 올려버린 전설의 일본템,11577,3,2026-08-31T22:04:02.569334+00:00,2026-09-04T23:10:02.346310+00:00,2026-09-14T05:10:02.569334+00:00,기타,썰쇼핑,30700,2026-09-09 07:08:49
7Y8jUG_w4EQ,https://www.youtube.com/watch?v=7Y8jUG_w4EQ,ucdcswue1gcphrrc3wpylicq,오늘줍줍,시공 없이 1분이면 펜트리가 생기는 발명품,11563,4,2026-08-28T09:16:02.666924+00:00,2026-09-08T12:30:44.178691+00:00,2026-09-11T05:10:02.666924+00:00,제품정체형,썰쇼핑,1110,2026-09-09 07:08:49
YLdbqLEvDGs,https://www.youtube.com/watch?v=YLdbqLEvDGs,uc5vyr2cff4364oi5l6cwrja,숏핑,면도날을 없애버린 천재의 발명품,11553,3,2026-09-06T02:40:03.000270+00:00,2026-09-06T23:10:01.282766+00:00,2026-09-16T05:10:03.000270+00:00,제품정체형,썰쇼핑,39900,2026-09-09 07:08:49
GN259wSMSfQ,https://www.youtube.com/watch?v=GN259wSMSfQ,ucbpaopjknymyrihzwt5c_mg,리빙플립,건조기 화재 막는 1초 청소법,11511,2,2026-09-10T10:46:03.000270+00:00,2026-09-11T02:10:02.367900+00:00,2026-09-16T05:10:03.000270+00:00,홈템,썰쇼핑,13100,2026-09-09 07:08:49
m4043imnkto,https://www.youtube.com/watch?v=m4043imnkto,ucl12scb2y7j-kx0_ghaf-xq,썰풀다,요즘 서양 부자들이 트레일러닝 연습하는 미친 방법​#트레일러닝 #러닝머신 #헬스장 #이색운동,11411,7,2026-09-09T02:58:03.000270+00:00,2026-09-09T04:37:54.503187+00:00,2026-09-16T05:10:03.000270+00:00,제품정체형,썰쇼핑,0,2026-08-19 05:56:25
7hiUF2UUYXE,https://www.youtube.com/watch?v=7hiUF2UUYXE,ucycg5luulo-ccdblcw7hdcq,지식배송,천재 이세돌이 판 뒤집은 게임정체,11391,7,2026-08-28T10:28:02.666924+00:00,2026-09-08T12:30:44.178691+00:00,2026-09-11T05:10:02.666924+00:00,기타,썰쇼핑,1350,2026-09-09 07:08:49
9n4dl4rx6j4,https://www.youtube.com/watch?v=9n4dl4rx6j4,ucqrltjou9wttstlwiem2lma,왜 팔릴까,다이소 상품팀도 출시만 기다린다는 물건,11376,1,2026-09-05T09:40:03.000270+00:00,2026-09-05T23:10:01.374377+00:00,2026-09-16T05:10:03.000270+00:00,홈템,썰쇼핑,1720,2026-09-09 07:08:49
tfH7DtgKeMY,https://www.youtube.com/watch?v=tfH7DtgKeMY,ucl12scb2y7j-kx0_ghaf-xq,썰풀다,망치 하나 조립하려고 '망치'를 또 사야 한다고?!#마르티네즈망치 #티타늄망치 #목수공구 #수공구 #공구덕후,11354,5,2026-09-10T22:22:03.000270+00:00,2026-09-11T02:10:02.367900+00:00,2026-09-16T05:10:03.000270+00:00,장비템,썰쇼핑,0,2026-08-19 05:56:25
zx1IuKNEhzg,https://www.youtube.com/watch?v=zx1IuKNEhzg,uctd1t12z1qtvalhdd728tsg,우디홈템,브레이크 밟을 때 가방 쏟아짐? 1초 만에 해결😊,11337,2,2026-09-07T22:58:03.000270+00:00,2026-09-07T23:10:02.851021+00:00,2026-09-16T05:10:03.000270+00:00,기타,썰쇼핑,3700,2026-09-09 07:08:49
QIqd3NOD-eI,https://www.youtube.com/watch?v=QIqd3NOD-eI,uciyteuko_p950a7je7jpixa,루구나,프랑스제조사도 예상 못한 천연 향수템,11302,2,2026-08-23T22:58:01.374377+00:00,2026-09-04T23:10:02.346310+00:00,2026-09-05T23:10:01.374377+00:00,뷰티,썰쇼핑,19600,2026-09-09 07:08:49
Bjcw87DpYAw,https://www.youtube.com/watch?v=Bjcw87DpYAw,ucamzjidsn-e1fi_kpveqt_q,순삭킥,집사들이 꼭 만들어줘야 할 고양이 전용 4D 롤러코스터 #고양이 #집사 #반려동물 #고양이카페 #웃긴동영상,11283,4,2026-09-03T03:58:03.000270+00:00,2026-09-14T23:10:03.036703+00:00,2026-09-16T05:10:03.000270+00:00,기타,썰쇼핑,8870,2026-09-14 07:06:10
CGDpPIKhSC0,https://www.youtube.com/watch?v=CGDpPIKhSC0,uc9xfth7mqhbdlju9qzpxiha,쿨냥냥,K팝 콘서트 15건이 줄취소 된 진짜 이유,11260,13,2026-09-12T02:46:03.000270+00:00,2026-09-12T05:10:02.660921+00:00,2026-09-16T05:10:03.000270+00:00,기타,썰쇼핑,5630,2026-09-09 07:08:49
frjPHM6UjdY,https://www.youtube.com/watch?v=frjPHM6UjdY,ucsbp41obff8fsjgcvxut6ga,또왔소,이 부부가 세상에서 가장 부자인 이유,11239,0,2026-08-24T10:58:01.282766+00:00,2026-09-04T23:10:02.346310+00:00,2026-09-06T23:10:01.282766+00:00,제품정체형,썰쇼핑,10700,2026-09-09 07:08:49
z-ppyfyfPHI,https://www.youtube.com/watch?v=z-ppyfyfPHI,ucmo2rfye0ljbv_m4e5mhz0w,꿀템탐구소,주부들 홀딱 반했다는 한국 천재의 발명품,11190,3,2026-09-14T19:40:03.000270+00:00,2026-09-14T23:10:03.036703+00:00,2026-09-16T05:10:03.000270+00:00,제품정체형,썰쇼핑,4300,2026-09-14 07:04:05
WuMoR76rSVo,https://www.youtube.com/watch?v=WuMoR76rSVo,uc9cpf1vjxwkndwy1jvvdzvw,쇼핑남자,딸꾹질 멈추게한 천재의 발명품,11182,5,2026-09-01T13:22:02.238212+00:00,2026-09-04T23:10:02.346310+00:00,2026-09-15T05:10:02.238212+00:00,제품정체형,썰쇼핑,6370,2026-09-09 07:08:49
nil1RzV1Vg4,https://www.youtube.com/watch?v=nil1RzV1Vg4,ucftoksv4zeitypvhoilopjg,우리살림,다이소 품절대란 지퍼팩,11131,4,,2026-09-04T23:10:02.346310+00:00,2026-09-05T04:42:28.257041+00:00,홈템,썰쇼핑,0,2026-08-19 05:56:25
LMwDzXvWdlM,https://www.youtube.com/watch?v=LMwDzXvWdlM,uc5rvoexd7qdesakzghws1mq,드라마짠,"“같은 날, 같은 병원이라고?” 은설의 출생을 들은 순간 정선의 머릿속에 처음으로 의심이 스쳤다. #욕망의덫 #욕망의덫예상 #드라마 #드라마추천 #막장드라마 #가족드라마",11112,2,2026-09-13T04:28:03.000270+00:00,2026-09-13T05:10:02.819135+00:00,2026-09-16T05:10:03.000270+00:00,기타,썰쇼핑,4340,2026-09-09 07:08:49
_NRuZCZYzcQ,https://www.youtube.com/watch?v=_NRuZCZYzcQ,ucl12scb2y7j-kx0_ghaf-xq,썰풀다,짐벌 있는데 영화 촬영감독들이 이걸 몸에 입는 이유ㅋㅋ#Steadicam #Volt3 #스테디캠 #영화촬영 #촬영장비,11101,1,2026-09-11T01:46:03.000270+00:00,2026-09-11T02:10:02.367900+00:00,2026-09-16T05:10:03.000270+00:00,기타,썰쇼핑,0,2026-08-19 05:56:25
cL3xv6kRGCs,https://www.youtube.com/watch?v=cL3xv6kRGCs,ucwmaogosqen98l7nc_4xyga,썰핑,빗속 물구나무 아저씨의 미친 반전,11078,5,2026-09-05T05:10:03.000270+00:00,2026-09-14T23:10:03.036703+00:00,2026-09-16T05:10:03.000270+00:00,제품정체형,썰쇼핑,15600,2026-09-14 07:04:05
Uk-EZr8ILXA,https://www.youtube.com/watch?v=Uk-EZr8ILXA,ucl12scb2y7j-kx0_ghaf-xq,썰풀다,방에 계란판 스펀지 붙이면 돈 날리는 이유#방음재 #층간소음 #방음공사 #셀프인테리어,11055,2,2026-09-08T22:10:03.000270+00:00,2026-09-08T23:10:01.332600+00:00,2026-09-16T05:10:03.000270+00:00,홈템,썰쇼핑,0,2026-08-19 05:56:25
WjsPNzWKdcc,https://www.youtube.com/watch?v=WjsPNzWKdcc,ucknyotic61bk0usui1ixavg,으니픽,성질 더러운 강아지도 얌전해진다는 이것 #애완동물 #애견필수템,11026,1,2026-09-10T11:22:03.000270+00:00,2026-09-11T02:10:02.367900+00:00,2026-09-16T05:10:03.000270+00:00,기타,썰쇼핑,1300,2026-09-09 07:08:49
KjWY-B_Yly8,https://www.youtube.com/watch?v=KjWY-B_Yly8,ucjbxdaaibb0uk1zdepjja6w,쇼핑천재,역발상 아이디어 육아천재의 발명품?,10972,1,2026-09-02T00:58:03.157352+00:00,2026-09-04T23:10:02.346310+00:00,2026-09-15T23:10:03.157352+00:00,제품정체형,썰쇼핑,40600,2026-09-09 07:08:49
KP6jqLECh5o,https://www.youtube.com/watch?v=KP6jqLECh5o,uctd1t12z1qtvalhdd728tsg,우디홈템,왜 진작 몰랐지? 가방 입구 딱 닫아주는 다이소 꿀템,10969,1,2026-08-30T22:58:02.819135+00:00,2026-09-04T23:10:02.346310+00:00,2026-09-13T05:10:02.819135+00:00,제품정체형,썰쇼핑,3700,2026-09-09 07:08:49
UOYzugDTqVo,https://www.youtube.com/watch?v=UOYzugDTqVo,uc9xfth7mqhbdlju9qzpxiha,쿨냥냥,"''인간은 못 맞힌다'던 양궁 만점, 열여덟 한국 궁수가 뒤집었다",10960,2,2026-09-03T10:46:03.000270+00:00,2026-09-08T12:30:44.178691+00:00,2026-09-16T05:10:03.000270+00:00,기타,썰쇼핑,5630,2026-09-09 07:08:49
ANvKd4_VC4M,https://www.youtube.com/watch?v=ANvKd4_VC4M,ucqccuxzpl3snkehlhbti2hg,갓성비추천템,미친 아이디어로 매출 개폭등한 제품,10933,2,2026-08-25T12:16:24.676804+00:00,2026-09-08T11:10:24.676804+00:00,2026-09-08T11:10:24.676804+00:00,기타,썰쇼핑,29800,2026-09-09 07:08:49
OJyjqZtgt7Q,https://www.youtube.com/watch?v=OJyjqZtgt7Q,ucxeyhz8xitvlxhdduxy6zca,리뷰남 ,골프 레슨비를 아껴준 미국 천재의 발명품,10830,3,2026-08-29T09:34:02.660921+00:00,2026-09-04T23:10:02.346310+00:00,2026-09-12T05:10:02.660921+00:00,제품정체형,썰쇼핑,16100,2026-09-09 07:08:49
oPf-M2MD0mA,https://www.youtube.com/watch?v=oPf-M2MD0mA,uca1sbg9pja6ilneecrbsrlq,별걸다봄,내가 비 오는 날만 기다리는 이유,10798,6,2026-09-03T08:58:03.000270+00:00,2026-09-04T23:10:02.346310+00:00,2026-09-16T05:10:03.000270+00:00,제품정체형,썰쇼핑,17700,2026-09-09 07:08:49
OlD8qys6krs,https://www.youtube.com/watch?v=OlD8qys6krs,ucyqinyt44mk8u06nlz5n2-g,갓성비스토리,3개월을 기다려야하는 떡볶이,10783,13,2026-09-01T11:22:02.238212+00:00,2026-09-08T12:30:44.178691+00:00,2026-09-15T05:10:02.238212+00:00,기타,썰쇼핑,10300,2026-09-09 07:08:49
GLNDgVc4Bsc,https://www.youtube.com/watch?v=GLNDgVc4Bsc,uc5rvoexd7qdesakzghws1mq,드라마짠,"입사 첫날 과거가 터진 은설, 주미란에게서 수상한 낌새를 느꼈다 #욕망의덫 #드라마 #일일드라마 #드라마추천 #드라마리뷰 #막장드라마",10782,0,2026-08-27T13:28:02.680133+00:00,2026-09-09T23:10:01.358608+00:00,2026-09-10T08:10:02.680133+00:00,기타,썰쇼핑,4340,2026-09-09 07:08:49
D46YiGv8d3U,https://www.youtube.com/watch?v=D46YiGv8d3U,ucsbp41obff8fsjgcvxut6ga,또왔소,1초의 오차도 허용하지 않는 진짜 고인물 클래스,10731,4,2026-09-11T09:34:03.000270+00:00,2026-09-11T23:10:02.319689+00:00,2026-09-16T05:10:03.000270+00:00,기타,썰쇼핑,10700,2026-09-09 07:08:49
QEKXtrQI554,https://www.youtube.com/watch?v=QEKXtrQI554,ucwx424nckxuyae44qqqltca,쇼핑하는 김반장,해외서 난리 난 미친 샌드위치 메이커,10704,4,2026-09-04T10:58:03.000270+00:00,2026-09-14T23:10:03.036703+00:00,2026-09-16T05:10:03.000270+00:00,기타,썰쇼핑,641,2026-09-14 07:04:05
T32dx9xmI9M,https://www.youtube.com/watch?v=T32dx9xmI9M,ucxeyhz8xitvlxhdduxy6zca,리뷰남 ,게임 안 하는 사람들이 더 많이 산다는 게임패드의 정체,10685,1,2026-09-07T04:52:03.000270+00:00,2026-09-07T23:10:02.851021+00:00,2026-09-16T05:10:03.000270+00:00,기타,썰쇼핑,16100,2026-09-09 07:08:49
tqDPi2sQ7Ks,https://www.youtube.com/watch?v=tqDPi2sQ7Ks,ucsevfs9sqzl_tuzrqzsu1yq,쇼츠룸,아내한테 딱 걸렸을 때 대처법#부부일상 #현실부부 #유부남공감 #유머영상 #위기탈출,10668,1,2026-09-02T10:58:03.000270+00:00,2026-09-14T23:10:03.036703+00:00,2026-09-16T05:10:03.000270+00:00,기타,썰쇼핑,1150,2026-09-14 07:04:05
2dYU5gkfcaw,https://www.youtube.com/watch?v=2dYU5gkfcaw,ucxirsjqetzz4ml6lc-uu5tq,이런호기심,1초 만에 수백 마리 벌떼가 몰려옴 ㄷㄷ 양봉업자들만 아는 분봉 치트키,10665,1,2026-09-13T05:58:03.000270+00:00,2026-09-14T23:10:03.036703+00:00,2026-09-16T05:10:03.000270+00:00,기타,썰쇼핑,14400,2026-09-14 07:04:05
tufQhUIw1M4,https://www.youtube.com/watch?v=tufQhUIw1M4,ucm_du1kofq8nxfvmtm0xx2w,로디홈,눕혔더니 대박난 이케아 책장,10648,3,2026-09-14T14:28:03.000270+00:00,2026-09-14T23:10:03.036703+00:00,2026-09-16T05:10:03.000270+00:00,홈템,썰쇼핑,5990,2026-09-09 07:08:49
BTc50fymlWg,https://www.youtube.com/watch?v=BTc50fymlWg,ucsdfcfw-a0ks-7qsdxpbprw,쇼츠킹,토마토를 폭포수처럼 쏟아내는 괴물 농기계의 정체 😲,10622,2,2026-09-06T07:58:03.000270+00:00,2026-09-06T23:10:01.282766+00:00,2026-09-16T05:10:03.000270+00:00,제품정체형,썰쇼핑,72400,2026-09-09 02:35:38
QPrsumvu8M0,https://www.youtube.com/watch?v=QPrsumvu8M0,ucqnbrrb-zbu_7o5ksr27l6g,리치쇼핑,고양이를 산산조각 내버린 천재의 발명품,10579,1,2026-08-29T07:58:02.660921+00:00,2026-09-04T23:10:02.346310+00:00,2026-09-12T05:10:02.660921+00:00,제품정체형,썰쇼핑,3050,2026-09-14 07:04:05
9_5rSCpBz4Q,https://www.youtube.com/watch?v=9_5rSCpBz4Q,uckwvaedc6tk_ars0epjnsmg,모든지식,🥩미슐렝 셰프도 울고 갈 미국 천재 발명품🧂 #히말라야소금블록 #고기굽기 #스테이크 #요리꿀팁 #쇼츠,10565,5,2026-09-15T06:46:03.000270+00:00,2026-09-15T23:10:03.157352+00:00,2026-09-16T05:10:03.000270+00:00,제품정체형,썰쇼핑,8950,2026-09-14 07:06:10
2Y6tMveM14Q,https://www.youtube.com/watch?v=2Y6tMveM14Q,uc8wcwts4chdpce-nzqpm04a,인생갓템,돈 쓸어담게 만들어준 천재의 제품,10509,1,2026-09-02T15:16:03.000270+00:00,2026-09-04T23:10:02.346310+00:00,2026-09-16T05:10:03.000270+00:00,제품정체형,썰쇼핑,30700,2026-09-09 07:08:49
NLxL05AowFs,https://www.youtube.com/watch?v=NLxL05AowFs,uckwvaedc6tk_ars0epjnsmg,모든지식,✏️덴마크 천재가 만들어 떼돈 번 이 물건의 정체🌱 #아이디어상품 #친환경 #몽당연필 #스프라우트펜실 #쇼츠,10445,1,2026-09-02T08:28:03.000270+00:00,2026-09-14T23:10:03.036703+00:00,2026-09-16T05:10:03.000270+00:00,제품정체형,썰쇼핑,8950,2026-09-14 07:06:10
p1Ts3qS16sc,https://www.youtube.com/watch?v=p1Ts3qS16sc,ucxeyhz8xitvlxhdduxy6zca,리뷰남 ,노트북과 태블릿의 경계를 없애버린 스타트업의 천재적인 전략,10435,9,2026-09-14T08:34:03.000270+00:00,2026-09-14T23:10:03.036703+00:00,2026-09-16T05:10:03.000270+00:00,제품정체형,썰쇼핑,16100,2026-09-09 07:08:49
B0gM5cyzabo,https://www.youtube.com/watch?v=B0gM5cyzabo,ucmo2rfye0ljbv_m4e5mhz0w,꿀템탐구소,카이스트 천재가 만들어 대박난 아이템,10435,4,2026-09-06T13:46:03.000270+00:00,2026-09-14T23:10:03.036703+00:00,2026-09-16T05:10:03.000270+00:00,제품정체형,썰쇼핑,4300,2026-09-14 07:04:05
eQ-z-iFUXic,https://www.youtube.com/watch?v=eQ-z-iFUXic,ucxeyhz8xitvlxhdduxy6zca,리뷰남 ,IT 유튜버들도 극찬한 세계 최초 폴더블 이어폰,10353,3,2026-08-25T09:58:02.851021+00:00,2026-09-04T23:10:02.346310+00:00,2026-09-07T23:10:02.851021+00:00,제품정체형,썰쇼핑,16100,2026-09-09 07:08:49
6kmfaR5HOck,https://www.youtube.com/watch?v=6kmfaR5HOck,uclh-_xmcx20mxd8jkqn9ama,템파라치,오븐 없이 뚝딱 3단 오레오 치즈케이크,10270,9,2026-09-04T00:04:03.000270+00:00,2026-09-04T23:10:02.346310+00:00,2026-09-16T05:10:03.000270+00:00,기타,썰쇼핑,0,2026-08-19 05:56:25
D3NoSxPPAss,https://www.youtube.com/watch?v=D3NoSxPPAss,ucl12scb2y7j-kx0_ghaf-xq,썰풀다,전 세계 차덕후들이 이 귀여운 차에 미쳐버린 진짜 이유#마츠다미아타 #팝업헤드라이트 #자동차덕후,10245,2,2026-08-24T11:16:01.282766+00:00,2026-09-04T23:10:02.346310+00:00,2026-09-06T23:10:01.282766+00:00,기타,썰쇼핑,0,2026-08-19 05:56:25
AtU4OZoWRQE,https://www.youtube.com/watch?v=AtU4OZoWRQE,ucxirsjqetzz4ml6lc-uu5tq,이런호기심,항산화 성분 대폭발! 빨대로 쏙쏙 뽑아 먹는 천연 꿀단지의 비밀,10234,4,2026-09-05T05:58:03.000270+00:00,2026-09-14T23:10:03.036703+00:00,2026-09-16T05:10:03.000270+00:00,제품정체형,썰쇼핑,14400,2026-09-14 07:04:05
-M-MPWBTSI4,https://www.youtube.com/watch?v=-M-MPWBTSI4,uc9cpf1vjxwkndwy1jvvdzvw,쇼핑남자,써보면 반한다는 천재의 발명품 2탄,10214,3,2026-09-07T08:28:03.000270+00:00,2026-09-07T23:10:02.851021+00:00,2026-09-16T05:10:03.000270+00:00,제품정체형,썰쇼핑,6370,2026-09-09 07:08:49
BfQ8M8uHHGY,https://www.youtube.com/watch?v=BfQ8M8uHHGY,uco3sju4c8apyrhk_dbo8udq,냥냥쿨범,제조사도 예상못한 천재의 활용법,10198,4,2026-08-29T11:16:02.660921+00:00,2026-09-08T11:10:24.676804+00:00,2026-09-12T05:10:02.660921+00:00,오용형,썰쇼핑,21500,2026-09-09 07:08:49
IhM7vcKVz-s,https://www.youtube.com/watch?v=IhM7vcKVz-s,uclfbmumxshw-8ylwcgp-w3w,Gcar지카,철판을 종이처럼? 베테랑 용접공의 소름 돋는 모서리 작업,10189,1,2026-08-31T02:04:02.300105+00:00,2026-09-04T23:10:02.346310+00:00,2026-09-13T23:10:02.300105+00:00,장비템,썰쇼핑,75100,2026-09-09 02:35:38
QLbh09nDrNs,https://www.youtube.com/watch?v=QLbh09nDrNs,uchf6vudwbonfotjr4oox3qw,생활용품 연구소,다이소 가면 꼭 챙겨오세요,10188,1,2026-09-15T08:58:03.000270+00:00,2026-09-15T23:10:03.157352+00:00,2026-09-16T05:10:03.000270+00:00,홈템,썰쇼핑,20700,2026-08-19 05:56:25
5wW6i1d3nD8,https://www.youtube.com/watch?v=5wW6i1d3nD8,ucl12scb2y7j-kx0_ghaf-xq,썰풀다,일회용 치실 쓰다가 현타 와서 만든 한국인의 미친 무기#치실 #구강관리 #살림꿀템,10188,2,2026-08-24T09:04:01.282766+00:00,2026-09-04T23:10:02.346310+00:00,2026-09-06T23:10:01.282766+00:00,홈템,썰쇼핑,0,2026-08-19 05:56:25
ChJzOVvzH2E,https://www.youtube.com/watch?v=ChJzOVvzH2E,uctmchwo4yehl0exsqp_apog,생활꿀템추천샵,집주인한테 배상금 낼 뻔한 줄눈 곰팡이 3초 만에 없애는 법 #줄눈마카펜 #살림꿀팁,10158,1,2026-09-01T10:16:02.238212+00:00,2026-09-08T10:27:51.412064+00:00,2026-09-15T05:10:02.238212+00:00,장비템,썰쇼핑,6830,2026-09-09 07:08:49
tL-bnCjRSXs,https://www.youtube.com/watch?v=tL-bnCjRSXs,uct85dcdehmz7m25epyn8rqa,팝콘킥,미국천재가 만들어 떼돈번 제품의 정체,10143,5,2026-08-24T01:46:01.282766+00:00,2026-09-04T23:10:02.346310+00:00,2026-09-06T23:10:01.282766+00:00,제품정체형,썰쇼핑,1070,2026-09-09 07:08:49
AvcvI_EXx5Y,https://www.youtube.com/watch?v=AvcvI_EXx5Y,ucbxq-jeantm-ihyrndfoqog,먹성비광인,한국냉동삼겹살이 이상해진이유 #먹방 #꿀템,10136,2,2026-09-02T11:52:03.000270+00:00,2026-09-08T11:10:24.676804+00:00,2026-09-16T05:10:03.000270+00:00,홈템,썰쇼핑,19200,2026-09-09 07:08:49
yYXkQocShtc,https://www.youtube.com/watch?v=yYXkQocShtc,ucxr-td74un9tpuvlbq3ebxw,상상세계,20만 원짜리 연필,10131,0,2026-09-02T07:34:03.000270+00:00,2026-09-08T12:30:44.178691+00:00,2026-09-16T05:10:03.000270+00:00,기타,썰쇼핑,1410,2026-09-09 07:08:49
tPQBLGFZR8w,https://www.youtube.com/watch?v=tPQBLGFZR8w,ucynpgh7_qesow4pbljhmi2q,유머굿템,채칼이 무섭다면 다이소에서 이 채칼 써보세요,10091,0,2026-08-30T21:58:02.819135+00:00,2026-09-08T11:10:24.676804+00:00,2026-09-13T05:10:02.819135+00:00,홈템,썰쇼핑,17500,2026-09-09 07:08:49
9X_C7qOtrRc,https://www.youtube.com/watch?v=9X_C7qOtrRc,ucmerd4mbsquuixhfb8rtjla,정리왕,#정리왕 정리하게 만드는 옷장,10015,2,2026-09-06T08:16:03.000270+00:00,2026-09-09T23:10:01.358608+00:00,2026-09-16T05:10:03.000270+00:00,홈템,썰쇼핑,421000,2026-09-09 07:08:49
CXcd62XYQPg,https://www.youtube.com/watch?v=CXcd62XYQPg,ucsdfcfw-a0ks-7qsdxpbprw,쇼츠킹,아직도 돌판 하나하나 손으로 가공하세요? 전국 목수들 눈 돌아가는 미친 연마 휠 정체 ㄷㄷ,9972,0,2026-08-25T04:10:02.851021+00:00,2026-09-04T23:10:02.346310+00:00,2026-09-07T23:10:02.851021+00:00,제품정체형,썰쇼핑,72400,2026-09-09 02:35:38
Lf0lTQqXp9M,https://www.youtube.com/watch?v=Lf0lTQqXp9M,ucjh0lkgxay9d_hvefiajuwg,와우냥,다이소도 탐내는 제품의 정체,9911,1,2026-08-27T01:58:01.358608+00:00,2026-09-04T23:10:02.346310+00:00,2026-09-09T23:10:01.358608+00:00,제품정체형,썰쇼핑,1340,2026-09-09 07:08:49
s2mn_lHTrZM,https://www.youtube.com/watch?v=s2mn_lHTrZM,uc4fczuxwwbj0rsvbtvay3bg,숏팡,골프 코치 밥줄 끊은 천재 발명품,9904,0,2026-09-09T08:52:03.000270+00:00,2026-09-09T23:10:01.358608+00:00,2026-09-16T05:10:03.000270+00:00,제품정체형,썰쇼핑,43100,2026-09-09 07:08:49
YmnBwaqtoUw,https://www.youtube.com/watch?v=YmnBwaqtoUw,uchf6vudwbonfotjr4oox3qw,생활용품 연구소,다이소도 놀란 접시꽂이 활용법,9792,1,2026-08-25T08:58:02.851021+00:00,2026-09-04T23:10:02.346310+00:00,2026-09-07T23:10:02.851021+00:00,오용형,썰쇼핑,20700,2026-08-19 05:56:25
izwCJGFPhMQ,https://www.youtube.com/watch?v=izwCJGFPhMQ,ucejfwa2iezjwpd6ry2kq0xa,집좋아,놀라운 아이디어로 대박난 제품,9783,1,2026-08-24T10:46:01.282766+00:00,2026-09-04T23:10:02.346310+00:00,2026-09-06T23:10:01.282766+00:00,기타,썰쇼핑,8360,2026-09-09 07:08:49
PMwtbmxGpVI,https://www.youtube.com/watch?v=PMwtbmxGpVI,uctd1t12z1qtvalhdd728tsg,우디홈템,확실히 육아는 장비빨이 맞습니다 🤗,9764,1,2026-08-26T22:58:02.542305+00:00,2026-09-04T23:10:02.346310+00:00,2026-09-09T05:10:02.542305+00:00,기타,썰쇼핑,3700,2026-09-09 07:08:49
xNdWA_bvQgk,https://www.youtube.com/watch?v=xNdWA_bvQgk,ucjbxdaaibb0uk1zdepjja6w,쇼핑천재,2030 여성들에게 유행한다는 아저씨템의 정체,9753,0,2026-09-03T01:16:03.000270+00:00,2026-09-04T23:10:02.346310+00:00,2026-09-16T05:10:03.000270+00:00,제품정체형,썰쇼핑,40600,2026-09-09 07:08:49
-ttCE2mFeLM,https://www.youtube.com/watch?v=-ttCE2mFeLM,ucvh2ug_v2ocjq8bumofxnew,마이픽 l 살림 뷰티 꿀템,외국인들 난리난 딸기코 구원템,9701,0,2026-09-05T11:46:02.819135+00:00,2026-09-06T23:10:01.282766+00:00,2026-09-13T05:10:02.819135+00:00,제품정체형,썰쇼핑,1970,2026-09-09 02:35:38
j_MiKSuLXSk,https://www.youtube.com/watch?v=j_MiKSuLXSk,uclfbmumxshw-8ylwcgp-w3w,Gcar지카,두꺼운 통유리를 두부처럼 깎아내는 소름 돋는 기계 ㄷㄷ,9686,0,2026-09-08T06:28:03.000270+00:00,2026-09-08T10:27:51.412064+00:00,2026-09-16T05:10:03.000270+00:00,기타,썰쇼핑,75100,2026-09-09 02:35:38
xmwIM_Qv-uc,https://www.youtube.com/watch?v=xmwIM_Qv-uc,ucrocrwdkppy1we0hubv9drw,홈꾸미,제조사도 감탄한 천재적 활용법,9641,1,2026-09-10T02:40:03.000270+00:00,2026-09-10T08:10:02.680133+00:00,2026-09-16T05:10:03.000270+00:00,오용형,썰쇼핑,15600,2026-09-09 07:08:49
0PooEJvbi5A,https://www.youtube.com/watch?v=0PooEJvbi5A,ucbpaopjknymyrihzwt5c_mg,리빙플립,답답한 리빙박스 당장 버리세요,9606,2,2026-09-09T01:04:03.000270+00:00,2026-09-09T04:37:54.503187+00:00,2026-09-16T05:10:03.000270+00:00,홈템,썰쇼핑,13100,2026-09-09 07:08:49
dNOyOABK7JQ,https://www.youtube.com/watch?v=dNOyOABK7JQ,uchf6vudwbonfotjr4oox3qw,생활용품 연구소,다이소 가면 꼭 담아오세요(2),9544,1,2026-08-29T02:46:02.319689+00:00,2026-09-04T23:10:02.346310+00:00,2026-09-11T23:10:02.319689+00:00,홈템,썰쇼핑,20700,2026-08-19 05:56:25
gkiGKKBlsO4,https://www.youtube.com/watch?v=gkiGKKBlsO4,ucl12scb2y7j-kx0_ghaf-xq,썰풀다,찬 우유에 죽어도 안 녹던 마일로 근황ㅋㅋ#마일로 #MILO #추억의간식 #초코우유,9518,7,2026-09-15T07:22:03.000270+00:00,2026-09-15T23:10:03.157352+00:00,2026-09-16T05:10:03.000270+00:00,기타,썰쇼핑,0,2026-08-19 05:56:25
LA7Cy0Yf06k,https://www.youtube.com/watch?v=LA7Cy0Yf06k,uc6cd2qevvm23b0xojjho50q,썰쇼템,제조사도 전혀 상상 못한 신박한 활용법,9501,4,2026-09-14T02:58:03.000270+00:00,2026-09-14T05:10:02.569334+00:00,2026-09-16T05:10:03.000270+00:00,제품정체형,썰쇼핑,13700,2026-09-09 07:08:49
96N1Z6czw-g,https://www.youtube.com/watch?v=96N1Z6czw-g,ucipqot8sknih3msbu2b7ahw,트렌드헌터,성질 욱하는 사람들은 절대 쓰면 안 되는 키보드의 정,9487,3,2026-09-03T06:52:03.000270+00:00,2026-09-14T23:10:03.036703+00:00,2026-09-16T05:10:03.000270+00:00,기타,썰쇼핑,1350,2026-09-14 07:04:05
n5lu5PalFJs,https://www.youtube.com/watch?v=n5lu5PalFJs,uctmchwo4yehl0exsqp_apog,생활꿀템추천샵,다이소 선반 바구니 제발 찬장에만 걸지 마세요! 살림 고수 꿀팁,9478,1,2026-08-29T09:58:02.660921+00:00,2026-09-08T10:27:51.412064+00:00,2026-09-12T05:10:02.660921+00:00,홈템,썰쇼핑,6830,2026-09-09 07:08:49
lJE8uilDMSw,https://www.youtube.com/watch?v=lJE8uilDMSw,uc7-zana-q91i52ma1ufhghg,달래샵,다꾸러들 환장한다는 역대급 펜의 정체?! 😱✂️,9453,1,,2026-09-04T23:10:02.346310+00:00,2026-09-05T04:42:28.257041+00:00,제품정체형,썰쇼핑,6910,2026-09-09 07:08:49
H8fuMKfuRbs,https://www.youtube.com/watch?v=H8fuMKfuRbs,uci7bltdlfsal3bodxjkalqw,수미네집,의외의 활용법으로 품절된 다이소템,9439,0,2026-09-02T12:22:03.000270+00:00,2026-09-08T11:10:24.676804+00:00,2026-09-16T05:10:03.000270+00:00,제품정체형,썰쇼핑,6030,2026-09-09 07:08:49
HdfNYvgTnrU,https://www.youtube.com/watch?v=HdfNYvgTnrU,uco3sju4c8apyrhk_dbo8udq,냥냥쿨범,랩의 단점을 삭제한  천재의 발명품,9438,6,2026-09-06T11:16:03.000270+00:00,2026-09-08T11:10:24.676804+00:00,2026-09-16T05:10:03.000270+00:00,제품정체형,썰쇼핑,21500,2026-09-09 07:08:49
VDpjWtRGBa8,https://www.youtube.com/watch?v=VDpjWtRGBa8,uco9-zofurha9d1wwatfgzkg,땡스템,이케아 직원들도 사모은다는 비밀템 #살림꿀템 #생활꿀템 #홈인테리어 #이케아추천템 #이케아꿀템,9428,1,2026-08-24T09:58:01.282766+00:00,2026-09-04T23:10:02.346310+00:00,2026-09-06T23:10:01.282766+00:00,홈템,썰쇼핑,4210,2026-09-09 07:08:49
qgRkbiIeus4,https://www.youtube.com/watch?v=qgRkbiIeus4,ucf_di4heihyo_ghbpg-0yxa,공가미,디자인 박람회에서 난리난 미국 천재의 발명품ㄷㄷ,9412,4,2026-08-27T10:46:02.680133+00:00,2026-09-04T23:10:02.346310+00:00,2026-09-10T08:10:02.680133+00:00,제품정체형,썰쇼핑,8070,2026-09-09 07:08:49
Qmi_CHXI-6o,https://www.youtube.com/watch?v=Qmi_CHXI-6o,ucjh0lkgxay9d_hvefiajuwg,와우냥,부모들 울려버린 의외의 제품 정체,9407,2,,2026-09-04T23:10:02.346310+00:00,2026-09-05T04:42:28.257041+00:00,제품정체형,썰쇼핑,1340,2026-09-09 07:08:49
uBibUzkbmFs,https://www.youtube.com/watch?v=uBibUzkbmFs,ucrbvn94qfocjbtkhepz7heg,전설의레전드,20년 밀덕 남편이 사온최악의 술상 아이템,9337,1,2026-08-29T09:10:02.660921+00:00,2026-09-08T11:10:24.676804+00:00,2026-09-12T05:10:02.660921+00:00,기타,썰쇼핑,10900,2026-09-09 07:08:49
KxV6LnEBKBc,https://www.youtube.com/watch?v=KxV6LnEBKBc,ucl12scb2y7j-kx0_ghaf-xq,썰풀다,다이소 기획자도 감탄해서 사 간 2천 원대 살림 치트키#냉장고청소 #살림꿀템 #다용도매트,9326,1,2026-09-02T09:04:03.000270+00:00,2026-09-04T23:10:02.346310+00:00,2026-09-16T05:10:03.000270+00:00,홈템,썰쇼핑,0,2026-08-19 05:56:25
8TETfdKkZ20,https://www.youtube.com/watch?v=8TETfdKkZ20,ucftoksv4zeitypvhoilopjg,우리살림,이 초콜릿 제발 그냥 까먹지 마세요,9321,5,2026-09-05T10:16:03.000270+00:00,2026-09-05T23:10:01.374377+00:00,2026-09-16T05:10:03.000270+00:00,홈템,썰쇼핑,0,2026-08-19 05:56:25
N9dmSN_ElSQ,https://www.youtube.com/watch?v=N9dmSN_ElSQ,ucbx5cgjqdhqxdk4fn6ltj3g,찐리뷰 클라쓰,이케아에서 찾은 공간 절약템 🤍 미니멀 벽고정 접이식 테이블,9281,1,2026-08-27T03:58:01.358608+00:00,2026-09-08T11:10:24.676804+00:00,2026-09-09T23:10:01.358608+00:00,홈템,썰쇼핑,23700,2026-09-09 07:08:49
r5OFosJsucs,https://www.youtube.com/watch?v=r5OFosJsucs,ucjcbuxcvr7fojmnvzw3haua,상자쿤,다이소도 예상 못한 300kg 미는 방법,9267,1,2026-09-09T09:46:03.000270+00:00,2026-09-09T23:10:01.358608+00:00,2026-09-16T05:10:03.000270+00:00,오용형,썰쇼핑,5860,2026-09-09 07:08:49
zvM4jZf_z-4,https://www.youtube.com/watch?v=zvM4jZf_z-4,ucynpgh7_qesow4pbljhmi2q,유머굿템,다이소도 예상 못한 한국 주부의 호일 활용법,9231,1,2026-09-06T09:58:03.000270+00:00,2026-09-08T11:10:24.676804+00:00,2026-09-16T05:10:03.000270+00:00,오용형,썰쇼핑,17500,2026-09-09 07:08:49
OZZYfHsOj5Q,https://www.youtube.com/watch?v=OZZYfHsOj5Q,uc_axlecdgpvawgimuyuvluq,더 홈 에디토리,일본 제조사가 작정하고 만든 제품#주방꿀템,9229,1,,2026-09-05T04:42:28.257041+00:00,2026-09-05T04:42:28.257041+00:00,홈템,썰쇼핑,11000,2026-09-14 07:04:05
G9H_iYyqqIA,https://www.youtube.com/watch?v=G9H_iYyqqIA,ucjcbuxcvr7fojmnvzw3haua,상자쿤,미국 천재가 만들어 떼돈번 제품의 정체 ㄷㄷㄷ,9212,2,2026-09-10T09:46:03.000270+00:00,2026-09-11T02:10:02.367900+00:00,2026-09-16T05:10:03.000270+00:00,제품정체형,썰쇼핑,5860,2026-09-09 07:08:49
kx5yAIiaiuI,https://www.youtube.com/watch?v=kx5yAIiaiuI,ucynpgh7_qesow4pbljhmi2q,유머굿템,또 한번 사고 쳐버린 다이소,9206,0,2026-09-06T02:58:03.000270+00:00,2026-09-08T11:10:24.676804+00:00,2026-09-16T05:10:03.000270+00:00,홈템,썰쇼핑,17500,2026-09-09 07:08:49
pvWSH81997U,https://www.youtube.com/watch?v=pvWSH81997U,ucamzjidsn-e1fi_kpveqt_q,순삭킥,들판에서 연주 시작했더니 벌어진 기적 같은 일 #목장 #콘서트 #연주 #동물 #힐링영상,9165,1,2026-09-13T08:58:03.000270+00:00,2026-09-14T23:10:03.036703+00:00,2026-09-16T05:10:03.000270+00:00,기타,썰쇼핑,8870,2026-09-14 07:06:10
njivwcylHQI,https://www.youtube.com/watch?v=njivwcylHQI,uc6cd2qevvm23b0xojjho50q,썰쇼템,아이디어가 미쳤다는 신박한 꿀템,9151,3,2026-08-25T02:58:02.851021+00:00,2026-09-04T23:10:02.346310+00:00,2026-09-07T23:10:02.851021+00:00,홈템,썰쇼핑,13700,2026-09-09 07:08:49
QeHkJd_7wD4,https://www.youtube.com/watch?v=QeHkJd_7wD4,uca1sbg9pja6ilneecrbsrlq,별걸다봄,편식하면 주문 씹히는 세계 유일 미친 식당,9139,3,2026-09-04T08:52:03.000270+00:00,2026-09-04T23:10:02.346310+00:00,2026-09-16T05:10:03.000270+00:00,제품정체형,썰쇼핑,17700,2026-09-09 07:08:49
q1uFyRSz_Jw,https://www.youtube.com/watch?v=q1uFyRSz_Jw,ucs9rzo0w2sa-ik3w2j4mkzg,홈킥킥,양파 보관 오래 하는 방법,9129,14,2026-09-13T07:58:03.000270+00:00,2026-09-13T23:10:02.300105+00:00,2026-09-16T05:10:03.000270+00:00,기타,썰쇼핑,15800,2026-09-09 07:08:49
6M9QoEq5vkw,https://www.youtube.com/watch?v=6M9QoEq5vkw,ucgfkcrlj5kbiw01hdol2e6g,K파민,한식 뷔페에서 먹방 찍는 외국인 보고 사장님이 던진 충격적인 한마디,9102,0,2026-09-05T21:58:03.000270+00:00,2026-09-14T23:10:03.036703+00:00,2026-09-16T05:10:03.000270+00:00,기타,썰쇼핑,446,2026-09-14 07:04:05
-vldQgdFcT8,https://www.youtube.com/watch?v=-vldQgdFcT8,uc9cpf1vjxwkndwy1jvvdzvw,쇼핑남자,눕방족 구원해버린 천재의 발명품,9101,7,2026-08-28T00:28:01.374377+00:00,2026-09-04T23:10:02.346310+00:00,2026-09-05T23:10:01.374377+00:00,제품정체형,썰쇼핑,6370,2026-09-09 07:08:49
mq-GA_3eYLs,https://www.youtube.com/watch?v=mq-GA_3eYLs,uc9cpf1vjxwkndwy1jvvdzvw,쇼핑남자,택배칼 종결시켜버린 일본 천재의 발명품,9098,2,2026-08-26T12:58:01.374377+00:00,2026-09-04T23:10:02.346310+00:00,2026-09-05T23:10:01.374377+00:00,제품정체형,썰쇼핑,6370,2026-09-09 07:08:49
I6PI1wd6clM,https://www.youtube.com/watch?v=I6PI1wd6clM,uc4fczuxwwbj0rsvbtvay3bg,숏팡,개발자도 예상 못한 천재의 발명품,9073,0,2026-09-04T08:40:03.000270+00:00,2026-09-08T12:30:44.178691+00:00,2026-09-16T05:10:03.000270+00:00,제품정체형,썰쇼핑,43100,2026-09-09 07:08:49
sYtGh9Magw8,https://www.youtube.com/watch?v=sYtGh9Magw8,ucsdfcfw-a0ks-7qsdxpbprw,쇼츠킹,사람 몸으로 철근 꺾기가 가능하다고? 댓글 창 폭발한 미친 수작업 ㄷㄷ,9046,1,2026-09-11T02:40:03.000270+00:00,2026-09-11T05:10:02.666924+00:00,2026-09-16T05:10:03.000270+00:00,기타,썰쇼핑,72400,2026-09-09 02:35:38
RgE96H-U91M,https://www.youtube.com/watch?v=RgE96H-U91M,ucqrltjou9wttstlwiem2lma,왜 팔릴까,일본천재가 만들어 떼돈번 제품,8997,3,2026-08-29T10:16:02.660921+00:00,2026-09-04T23:10:02.346310+00:00,2026-09-12T05:10:02.660921+00:00,제품정체형,썰쇼핑,1720,2026-09-09 07:08:49
IwPYlkD-h8o,https://www.youtube.com/watch?v=IwPYlkD-h8o,ucxirsjqetzz4ml6lc-uu5tq,이런호기심,"산호 다 갉아먹는 바다의 악마, 식초 주사 한 방으로 참교육 완료",8994,6,2026-09-06T09:58:03.000270+00:00,2026-09-14T23:10:03.036703+00:00,2026-09-16T05:10:03.000270+00:00,기타,썰쇼핑,14400,2026-09-14 07:04:05
mgS0REuAZnY,https://www.youtube.com/watch?v=mgS0REuAZnY,uccb3vyyx4jqhx5x6grrt_la,도토리에이드,한국 주부들이 다이소에 출시해달라고 빌고있는 이것?,8971,2,2026-09-10T08:58:03.000270+00:00,2026-09-14T23:10:03.036703+00:00,2026-09-16T05:10:03.000270+00:00,홈템,썰쇼핑,2090,2026-09-14 07:04:05
826gcnWN2Js,https://www.youtube.com/watch?v=826gcnWN2Js,ucmlj9igwl-abyr83b7upqda,이슈 리뷰어,"(ASMR 소곤소곤썰) 아랫집 택배가 우리집으로 오는이유, 열불나는 사이다썰",8948,0,2026-09-12T01:58:03.000270+00:00,2026-09-12T05:10:02.660921+00:00,2026-09-16T05:10:03.000270+00:00,기타,썰쇼핑,0,2026-08-19 05:56:25
xUXk11FyFxA,https://www.youtube.com/watch?v=xUXk11FyFxA,uc4iyryt1y1d5_cdjaocsk6q,설렘픽,다이소 선반 이렇게 쓰면 수납공간 2배!,8937,0,2026-08-24T10:16:01.282766+00:00,2026-09-04T23:10:02.346310+00:00,2026-09-06T23:10:01.282766+00:00,홈템,썰쇼핑,2580,2026-09-09 07:08:49
RbMMgVqvnVI,https://www.youtube.com/watch?v=RbMMgVqvnVI,ucu-hzvlc1tvab1lrp0cejtg,Retro log,경쟁산업 초토화 시키고 떼돈 번 천재의 발명품,8925,1,2026-08-26T14:16:01.374377+00:00,2026-09-04T23:10:02.346310+00:00,2026-09-05T23:10:01.374377+00:00,제품정체형,썰쇼핑,0,2026-08-19 05:56:25
2XUAZ_RlA8Q,https://www.youtube.com/watch?v=2XUAZ_RlA8Q,ucrocrwdkppy1we0hubv9drw,홈꾸미,신발 업계 상식을 파괴해버린 신발의 정체,8874,4,2026-08-31T13:58:02.569334+00:00,2026-09-04T23:10:02.346310+00:00,2026-09-14T05:10:02.569334+00:00,제품정체형,썰쇼핑,15600,2026-09-09 07:08:49
iHKKk1kFav4,https://www.youtube.com/watch?v=iHKKk1kFav4,ucrocrwdkppy1we0hubv9drw,홈꾸미,레트로에 AI넣어서 초대박난 제품,8867,10,2026-08-25T12:22:24.676804+00:00,2026-09-04T23:10:02.346310+00:00,2026-09-08T11:10:24.676804+00:00,기타,썰쇼핑,15600,2026-09-09 07:08:49
aWMmooVFrxs,https://www.youtube.com/watch?v=aWMmooVFrxs,uca1sbg9pja6ilneecrbsrlq,별걸다봄,학대 당한 냥집사가 떼돈 번 발명품 정체,8810,18,2026-09-01T10:58:02.238212+00:00,2026-09-04T23:10:02.346310+00:00,2026-09-15T05:10:02.238212+00:00,제품정체형,썰쇼핑,17700,2026-09-09 07:08:49
P7Z2GQk0AYU,https://www.youtube.com/watch?v=P7Z2GQk0AYU,ucuenvpsh41lvt6_a6yjh8_g,신비아이템,어른 기계가 아이 간식템 된 이유,8806,6,2026-08-28T09:52:02.666924+00:00,2026-09-08T12:30:44.178691+00:00,2026-09-11T05:10:02.666924+00:00,기타,썰쇼핑,5780,2026-09-09 07:08:49
zA0xZPwdhwQ,https://www.youtube.com/watch?v=zA0xZPwdhwQ,uc0do9ivmcduowrrnlcg94hw,꿀템줍줍,다이소도 탐낼 바구니🛒(0311번),8798,6,2026-09-10T09:58:03.000270+00:00,2026-09-11T02:10:02.367900+00:00,2026-09-16T05:10:03.000270+00:00,홈템,썰쇼핑,44400,2026-09-09 02:35:38
A2Z1C6CVapM,https://www.youtube.com/watch?v=A2Z1C6CVapM,ucm_du1kofq8nxfvmtm0xx2w,로디홈,반으로 접었더니 대박난 이케아 테이블,8787,1,2026-09-06T13:58:03.000270+00:00,2026-09-06T23:10:01.282766+00:00,2026-09-16T05:10:03.000270+00:00,홈템,썰쇼핑,5990,2026-09-09 07:08:49
jQdVrri3fyk,https://www.youtube.com/watch?v=jQdVrri3fyk,uc-qj4zhvdxc0f-m8quxl-fw,귤템,응가 하나로 떼돈번 한국 천재 빌명품,8770,1,2026-09-09T10:04:03.000270+00:00,2026-09-09T23:10:01.358608+00:00,2026-09-16T05:10:03.000270+00:00,제품정체형,썰쇼핑,4880,2026-09-09 07:08:49
mxNOFtTeznk,https://www.youtube.com/watch?v=mxNOFtTeznk,ucl12scb2y7j-kx0_ghaf-xq,썰풀다,영국의 한 천재가 만든 숨쉬기 아령의 소름 돋는 성능#울트라브리드 #폐활량기구 #호흡운동 #코골이개선 #운동꿀템,8753,2,2026-08-25T08:52:02.851021+00:00,2026-09-04T23:10:02.346310+00:00,2026-09-07T23:10:02.851021+00:00,제품정체형,썰쇼핑,0,2026-08-19 05:56:25
LzCyURYr59s,https://www.youtube.com/watch?v=LzCyURYr59s,ucqrltjou9wttstlwiem2lma,왜 팔릴까,요리못하는 사람 살린 종이 정체,8750,0,2026-09-03T10:04:03.000270+00:00,2026-09-04T23:10:02.346310+00:00,2026-09-16T05:10:03.000270+00:00,제품정체형,썰쇼핑,1720,2026-09-09 07:08:49
HQnwZjqVrE0,https://www.youtube.com/watch?v=HQnwZjqVrE0,uc9cpf1vjxwkndwy1jvvdzvw,쇼핑남자,물티슈 갖다버리게만든 물건의 정체,8742,2,2026-08-29T08:46:01.374377+00:00,2026-09-04T23:10:02.346310+00:00,2026-09-05T23:10:01.374377+00:00,제품정체형,썰쇼핑,6370,2026-09-09 07:08:49
QM1FKRx__oE,https://www.youtube.com/watch?v=QM1FKRx__oE,ucxirsjqetzz4ml6lc-uu5tq,이런호기심,3만 볼트 초고전압을 유리로 막으면 어떻게 될까? ⚡,8677,3,2026-09-04T05:58:02.238212+00:00,2026-09-14T23:10:03.036703+00:00,2026-09-15T05:10:02.238212+00:00,기타,썰쇼핑,14400,2026-09-14 07:04:05
blMbktGN9mI,https://www.youtube.com/watch?v=blMbktGN9mI,uclecy6ihcjwmcbjhiz2-ctg,이븐쇼핑,전세계 1위 해충박멸 회사가 만든 제품,8667,6,2026-09-10T13:28:03.000270+00:00,2026-09-11T02:10:02.367900+00:00,2026-09-16T05:10:03.000270+00:00,제품정체형,썰쇼핑,28300,2026-09-09 07:08:49
CbzRpv2n6DE,https://www.youtube.com/watch?v=CbzRpv2n6DE,ucwomfgpbfxbehvdxb9j7rsa,살림템바이,현재 sns난리난 이케아접시 근황 |이케아 인테리어|집꾸미기|꿀템,8641,4,2026-08-31T08:58:02.569334+00:00,2026-09-04T23:10:02.346310+00:00,2026-09-14T05:10:02.569334+00:00,홈템,썰쇼핑,1090,2026-09-09 07:08:49
25o5OoA6X0E,https://www.youtube.com/watch?v=25o5OoA6X0E,uccb3vyyx4jqhx5x6grrt_la,도토리에이드,초등 미술원리 하나로 수백억 쓸어담은 발명품?,8639,0,2026-09-14T13:28:03.000270+00:00,2026-09-14T23:10:03.036703+00:00,2026-09-16T05:10:03.000270+00:00,제품정체형,썰쇼핑,2090,2026-09-14 07:04:05
0Yu0aAOADaY,https://www.youtube.com/watch?v=0Yu0aAOADaY,ucamzjidsn-e1fi_kpveqt_q,순삭킥,가질 수 없는 너를 향한 원숭이의 처절하고 순수한 마음 #공감 #감성 #원숭이 #동물 #슬픈동영상,8609,1,2026-09-05T02:58:03.000270+00:00,2026-09-14T23:10:03.036703+00:00,2026-09-16T05:10:03.000270+00:00,기타,썰쇼핑,8870,2026-09-14 07:06:10
krlruJd2Gn4,https://www.youtube.com/watch?v=krlruJd2Gn4,ucxteg2lrkvxn8b7umce7qoq,딸기라떼,커피먹다 개빡친 천재가 만든 발명품ㄷㄷ 종이필터 쓰면 손해? 원두 오일 살려주는 세라믹 커피 필터 ☕#세라믹커피필터 #커피필터 #드립커피 #홈카페 #커피용품,8601,2,2026-08-28T08:28:02.666924+00:00,2026-09-04T23:10:02.346310+00:00,2026-09-11T05:10:02.666924+00:00,제품정체형,썰쇼핑,5130,2026-09-09 07:08:49
lRd6I5QEC5I,https://www.youtube.com/watch?v=lRd6I5QEC5I,ucmeifnqi1f99moxyzgcrp2q,발견상자,다이소도 예상못한 주부의 정리법,8574,0,2026-08-27T05:58:01.358608+00:00,2026-09-08T12:30:44.178691+00:00,2026-09-09T23:10:01.358608+00:00,제품정체형,썰쇼핑,1080,2026-09-09 07:08:49
3v1xoD7W8JA,https://www.youtube.com/watch?v=3v1xoD7W8JA,uctmchwo4yehl0exsqp_apog,생활꿀템추천샵,다이소 네트망 제발 벽에만 걸지 마세요! 100% 손해 안 보는 미친 활용법,8509,1,2026-08-28T06:10:02.666924+00:00,2026-09-08T10:27:51.412064+00:00,2026-09-11T05:10:02.666924+00:00,오용형,썰쇼핑,6830,2026-09-09 07:08:49
zQ5CqmVWaGw,https://www.youtube.com/watch?v=zQ5CqmVWaGw,ucbx5cgjqdhqxdk4fn6ltj3g,찐리뷰 클라쓰,소파를 접었다 폈다?! 좁은 공간 200% 활용 소파베드!,8502,1,2026-09-02T09:46:03.000270+00:00,2026-09-08T11:10:24.676804+00:00,2026-09-16T05:10:03.000270+00:00,홈템,썰쇼핑,23700,2026-09-09 07:08:49
ZYDhNf5vJdE,https://www.youtube.com/watch?v=ZYDhNf5vJdE,ucssx2crprqprm_uaedxg7ua,꿀팁꿀템,보이면 꼭 사세요! 이케아가 작정하고 만든 꿀템#작은 차이 하나가 요리 시간을 반 이상 줄여줘#도마 친구#,8502,2,2026-08-25T13:00:44.178691+00:00,2026-09-04T23:10:02.346310+00:00,2026-09-08T12:30:44.178691+00:00,홈템,썰쇼핑,53800,2026-09-09 07:08:49
9N4t6lCpGPE,https://www.youtube.com/watch?v=9N4t6lCpGPE,uclshojkcjypr5ok5kaifc3q,고고살림,제조사도 생각 못한 뜻밖의 활용법,8501,1,2026-09-14T11:10:03.000270+00:00,2026-09-14T23:10:03.036703+00:00,2026-09-16T05:10:03.000270+00:00,오용형,썰쇼핑,1,2026-09-09 07:08:49
dtzXJZ23OSQ,https://www.youtube.com/watch?v=dtzXJZ23OSQ,ucrbvn94qfocjbtkhepz7heg,전설의레전드,무릎 탁 치게 만드는맥주광 친구의 역대급 추천템,8488,0,2026-08-26T07:34:02.542305+00:00,2026-09-08T11:10:24.676804+00:00,2026-09-09T05:10:02.542305+00:00,기타,썰쇼핑,10900,2026-09-09 07:08:49
yR4VzVCmBGQ,https://www.youtube.com/watch?v=yR4VzVCmBGQ,ucmo2rfye0ljbv_m4e5mhz0w,꿀템탐구소,일본 천재가 만든 전원생활 필수템,8467,2,2026-09-09T12:40:03.000270+00:00,2026-09-14T23:10:03.036703+00:00,2026-09-16T05:10:03.000270+00:00,제품정체형,썰쇼핑,4300,2026-09-14 07:04:05
9I06yr1jPrs,https://www.youtube.com/watch?v=9I06yr1jPrs,ucbx5cgjqdhqxdk4fn6ltj3g,찐리뷰 클라쓰,이걸 걸었더니?! 주방이 확 달라졌어요! 좁은 주방 수납 꿀템!,8456,1,2026-09-04T08:58:03.000270+00:00,2026-09-08T11:10:24.676804+00:00,2026-09-16T05:10:03.000270+00:00,홈템,썰쇼핑,23700,2026-09-09 07:08:49
n8B6WCbvzIo,https://www.youtube.com/watch?v=n8B6WCbvzIo,ucsevfs9sqzl_tuzrqzsu1yq,쇼츠룸,이거 CG 아니라고? 미친 팔힘#맨몸운동 #근력 #코어운동 #운동자극,8402,0,2026-09-04T10:58:03.000270+00:00,2026-09-14T23:10:03.036703+00:00,2026-09-16T05:10:03.000270+00:00,기타,썰쇼핑,1150,2026-09-14 07:04:05
qM6pyd2b3lU,https://www.youtube.com/watch?v=qM6pyd2b3lU,ucamzjidsn-e1fi_kpveqt_q,순삭킥,한 명만 실수해도 처음부터 다시 해야 하는 미친 챌린지 #도전 #미션 #게임 #우정테스트 #예능,8339,0,2026-09-14T06:58:03.000270+00:00,2026-09-14T23:10:03.036703+00:00,2026-09-16T05:10:03.000270+00:00,기타,썰쇼핑,8870,2026-09-14 07:06:10
cDVL7G4EiRk,https://www.youtube.com/watch?v=cDVL7G4EiRk,ucbx5cgjqdhqxdk4fn6ltj3g,찐리뷰 클라쓰,집 분위기 살리는🌿 이케아 루스타 유리도어 수납장,8334,1,2026-08-28T03:58:02.367900+00:00,2026-09-08T11:10:24.676804+00:00,2026-09-11T02:10:02.367900+00:00,홈템,썰쇼핑,23700,2026-09-09 07:08:49
Z6S3xvIKmms,https://www.youtube.com/watch?v=Z6S3xvIKmms,ucxunuiivb1w3mchfbrzxy-a,도파민모음집,타자 주자 지워버리는 투혼 태그 플레이 수준;; #고교야구,8324,0,2026-09-15T09:40:03.000270+00:00,2026-09-15T23:10:03.157352+00:00,2026-09-16T05:10:03.000270+00:00,기타,썰쇼핑,78600,2026-09-14 07:04:05
R2cta_p4RLo,https://www.youtube.com/watch?v=R2cta_p4RLo,uclh-_xmcx20mxd8jkqn9ama,템파라치,한 번에 두 가지 맛을! 홈메이드 스위스롤 & 초코 롤케이크 만들기 레시피,8321,7,2026-09-04T23:46:03.000270+00:00,2026-09-05T04:42:28.257041+00:00,2026-09-16T05:10:03.000270+00:00,레시피,썰쇼핑,0,2026-08-19 05:56:25
MR8zt1O5vgQ,https://www.youtube.com/watch?v=MR8zt1O5vgQ,ucwx424nckxuyae44qqqltca,쇼핑하는 김반장,"해외에서 난리 난, 빗속에서 힐링되는 미친 감성 꿀템",8193,1,2026-09-05T10:58:03.000270+00:00,2026-09-14T23:10:03.036703+00:00,2026-09-16T05:10:03.000270+00:00,홈템,썰쇼핑,641,2026-09-14 07:04:05
sV7hogRzFJ0,https://www.youtube.com/watch?v=sV7hogRzFJ0,ucyqinyt44mk8u06nlz5n2-g,갓성비스토리,결국 팀킬해버린 본죽?,8189,4,2026-09-14T02:22:03.000270+00:00,2026-09-14T05:10:02.569334+00:00,2026-09-16T05:10:03.000270+00:00,기타,썰쇼핑,10300,2026-09-09 07:08:49
sLOOfpFDBAc,https://www.youtube.com/watch?v=sLOOfpFDBAc,ucjbxdaaibb0uk1zdepjja6w,쇼핑천재,벼랑끝 부모를 구한 육아천재의 발명품,8165,0,2026-09-13T00:58:03.000270+00:00,2026-09-13T05:10:02.819135+00:00,2026-09-16T05:10:03.000270+00:00,제품정체형,썰쇼핑,40600,2026-09-09 07:08:49
YqfrdH8o3sg,https://www.youtube.com/watch?v=YqfrdH8o3sg,uco5envmkrcuynv6jubsd_7g,긍정템,모나미도 긴장한 덴마크 천재 발명품,8131,1,2026-08-25T00:46:02.851021+00:00,2026-09-04T23:10:02.346310+00:00,2026-09-07T23:10:02.851021+00:00,제품정체형,썰쇼핑,3660,2026-09-09 07:08:49
9_8idxx_ULE,https://www.youtube.com/watch?v=9_8idxx_ULE,ucl12scb2y7j-kx0_ghaf-xq,썰풀다,집이 좁아서 가구를 접었더니 생긴 일ㅋㅋ TOP3#공간활용 #아이디어가구 #접이식가구 #원룸인테리어 #살림템,8115,3,2026-09-12T00:10:03.000270+00:00,2026-09-12T05:10:02.660921+00:00,2026-09-16T05:10:03.000270+00:00,홈템,썰쇼핑,0,2026-08-19 05:56:25
HPL4twI_FSo,https://www.youtube.com/watch?v=HPL4twI_FSo,ucf_di4heihyo_ghbpg-0yxa,공가미,일본이 최초로 발명한 역대급 제품의 정체ㄷㄷ,8068,1,2026-09-05T10:46:03.000270+00:00,2026-09-05T23:10:01.374377+00:00,2026-09-16T05:10:03.000270+00:00,제품정체형,썰쇼핑,8070,2026-09-09 07:08:49
53lvnlIeBkA,https://www.youtube.com/watch?v=53lvnlIeBkA,ucrbvn94qfocjbtkhepz7heg,전설의레전드,살림 고수 시어머니도 놀란미친 주방 꿀템이 있다!,8063,1,2026-09-01T07:28:02.238212+00:00,2026-09-04T23:10:02.346310+00:00,2026-09-15T05:10:02.238212+00:00,홈템,썰쇼핑,10900,2026-09-09 07:08:49
vcrB_y5Zbz4,https://www.youtube.com/watch?v=vcrB_y5Zbz4,ucpedjalkfwwr4d2xelfykoa,숏딜,불멸의 유리를 만든 일본 천재 발명품,8006,3,2026-09-07T08:46:03.000270+00:00,2026-09-14T23:10:03.036703+00:00,2026-09-16T05:10:03.000270+00:00,제품정체형,썰쇼핑,15200,2026-09-14 07:04:05
u0W5K4y1Xng,https://www.youtube.com/watch?v=u0W5K4y1Xng,ucl12scb2y7j-kx0_ghaf-xq,썰풀다,미 국방부가 피자 한 조각 만드느라 수백억 날린 충격적인 이유#MRE #전투식량 #MRE피자,7986,3,2026-08-31T12:04:02.569334+00:00,2026-09-04T23:10:02.346310+00:00,2026-09-14T05:10:02.569334+00:00,기타,썰쇼핑,0,2026-08-19 05:56:25
5HQ4oIAj-qg,https://www.youtube.com/watch?v=5HQ4oIAj-qg,uckwvaedc6tk_ars0epjnsmg,모든지식,"🛠️아무도 몰랐던 이 공구의 실체, 끝까지 보면 소름❓ #너트어댑터 #공구리뷰 #전동드릴 #작업효율 #쇼츠",7970,0,2026-09-08T03:58:03.000270+00:00,2026-09-14T23:10:03.036703+00:00,2026-09-16T05:10:03.000270+00:00,장비템,썰쇼핑,8950,2026-09-14 07:06:10
9xgnrAkQR0k,https://www.youtube.com/watch?v=9xgnrAkQR0k,uco3sju4c8apyrhk_dbo8udq,냥냥쿨범,돌돌이업계 씹어먹은 제품의 정체,7943,3,2026-09-01T11:16:02.238212+00:00,2026-09-08T11:10:24.676804+00:00,2026-09-15T05:10:02.238212+00:00,제품정체형,썰쇼핑,21500,2026-09-09 07:08:49
4d4S8Bddd68,https://www.youtube.com/watch?v=4d4S8Bddd68,ucnjzp1yaah_e7hun6_uiduq,세꿀상점,스마트폰에 꽂는 타임머신의 정체,7896,3,2026-09-10T11:10:03.000270+00:00,2026-09-14T23:10:03.036703+00:00,2026-09-16T05:10:03.000270+00:00,제품정체형,썰쇼핑,10,2026-09-14 07:04:05
KMNP5C1QAdw,https://www.youtube.com/watch?v=KMNP5C1QAdw,ucl12scb2y7j-kx0_ghaf-xq,썰풀다,300년 동안 안 바뀐 와인 공장 비밀 장비의 정체#와인병입기 #플로어코커 #와인용품,7895,1,2026-09-05T06:04:03.000270+00:00,2026-09-05T23:10:01.374377+00:00,2026-09-16T05:10:03.000270+00:00,제품정체형,썰쇼핑,0,2026-08-19 05:56:25
wERsDkp9woo,https://www.youtube.com/watch?v=wERsDkp9woo,ucjcbuxcvr7fojmnvzw3haua,상자쿤,미국 기술을 베껴버린 천재의 미친 발명품ㄷㄷ,7895,3,2026-08-28T09:46:02.666924+00:00,2026-09-08T11:10:24.676804+00:00,2026-09-11T05:10:02.666924+00:00,제품정체형,썰쇼핑,5860,2026-09-09 07:08:49
S1FbEpWz8yo,https://www.youtube.com/watch?v=S1FbEpWz8yo,ucrbvn94qfocjbtkhepz7heg,전설의레전드,생각지도 못한패션 피플들의 역대급 아이템,7894,6,2026-09-02T01:34:03.157352+00:00,2026-09-08T11:10:24.676804+00:00,2026-09-15T23:10:03.157352+00:00,기타,썰쇼핑,10900,2026-09-09 07:08:49
KMcrobxInXE,https://www.youtube.com/watch?v=KMcrobxInXE,ucee8ue8x00th6esoz0w08eq,살림보고,다이소 꿀템 대박 활용법 #shorts,7878,2,2026-08-27T21:58:02.680133+00:00,2026-09-04T23:10:02.346310+00:00,2026-09-10T08:10:02.680133+00:00,홈템,썰쇼핑,10800,2026-09-09 07:08:49
BNpeh635Aoo,https://www.youtube.com/watch?v=BNpeh635Aoo,ucmssyyqvltkjobcgqdrzmuw,내일 쇼핑,다이소 입점이 시급한 제품의 활용법?#다이소 #살림템 #꿀팁,7873,5,2026-08-26T07:10:02.542305+00:00,2026-09-04T23:10:02.346310+00:00,2026-09-09T05:10:02.542305+00:00,홈템,썰쇼핑,1880,2026-09-09 07:08:49
EX7Yt8BCNC8,https://www.youtube.com/watch?v=EX7Yt8BCNC8,ucqnbrrb-zbu_7o5ksr27l6g,리치쇼핑,꽃꽂이 업계를 정복해버린 천재의 발명품,7855,1,2026-08-29T00:58:02.319689+00:00,2026-09-04T23:10:02.346310+00:00,2026-09-11T23:10:02.319689+00:00,제품정체형,썰쇼핑,3050,2026-09-14 07:04:05
NitJtwMPzF0,https://www.youtube.com/watch?v=NitJtwMPzF0,ucynpgh7_qesow4pbljhmi2q,유머굿템,올리브영 1등이라는 류혜영의 인생틴트,7829,0,2026-09-13T02:58:03.000270+00:00,2026-09-13T05:10:02.819135+00:00,2026-09-16T05:10:03.000270+00:00,기타,썰쇼핑,17500,2026-09-09 07:08:49
vTaAp3AIJRo,https://www.youtube.com/watch?v=vTaAp3AIJRo,ucdcswue1gcphrrc3wpylicq,오늘줍줍,자취생들이 침대를 버리는 이유,7829,1,2026-09-01T09:16:02.238212+00:00,2026-09-08T12:30:44.178691+00:00,2026-09-15T05:10:02.238212+00:00,기타,썰쇼핑,1110,2026-09-09 07:08:49
iDzdelsifPI,https://www.youtube.com/watch?v=iDzdelsifPI,uc0do9ivmcduowrrnlcg94hw,꿀템줍줍,다이소에 없는 청소 꿀템😳일회용물티슈 쓰지 마세요(0305번),7773,4,2026-08-28T23:58:02.319689+00:00,2026-09-04T23:10:02.346310+00:00,2026-09-11T23:10:02.319689+00:00,홈템,썰쇼핑,44400,2026-09-09 02:35:38
ZpxQivWEqbw,https://www.youtube.com/watch?v=ZpxQivWEqbw,ucsord3ilyzlndabbmiihcog,썰칩12,기기 수명을 늘리는 자동어댑터,7772,7,2026-08-24T10:40:01.282766+00:00,2026-09-04T23:10:02.346310+00:00,2026-09-06T23:10:01.282766+00:00,기타,썰쇼핑,22700,2026-09-09 07:08:49
5g6NDHIQ-w8,https://www.youtube.com/watch?v=5g6NDHIQ-w8,ucrbvn94qfocjbtkhepz7heg,전설의레전드,커피 마시러 갔다가 경악했던 이유ㅋㅋㅋㅋ,7766,0,2026-09-08T06:58:03.000270+00:00,2026-09-08T11:10:24.676804+00:00,2026-09-16T05:10:03.000270+00:00,기타,썰쇼핑,10900,2026-09-09 07:08:49
vgJj1bmo2TE,https://www.youtube.com/watch?v=vgJj1bmo2TE,ucm_du1kofq8nxfvmtm0xx2w,로디홈,구조 때문에 난리난 이케아 트롤리의 정체,7755,3,2026-08-31T22:58:02.569334+00:00,2026-09-04T23:10:02.346310+00:00,2026-09-14T05:10:02.569334+00:00,제품정체형,썰쇼핑,5990,2026-09-09 07:08:49
mteLibBiClU,https://www.youtube.com/watch?v=mteLibBiClU,ucee8ue8x00th6esoz0w08eq,살림보고,시공업체 망하게 한다는 발명품 #shorts,7722,4,2026-09-11T08:58:03.000270+00:00,2026-09-11T23:10:02.319689+00:00,2026-09-16T05:10:03.000270+00:00,제품정체형,썰쇼핑,10800,2026-09-09 07:08:49
MNBtqdgcgHU,https://www.youtube.com/watch?v=MNBtqdgcgHU,uct8wkoq7yyq2mgzqqf8_-hw,쇼핑 치트키,주부들이 충격에 빠진 다이소 제품,7708,2,2026-09-05T12:34:03.000270+00:00,2026-09-05T23:10:01.374377+00:00,2026-09-16T05:10:03.000270+00:00,제품정체형,썰쇼핑,4700,2026-09-09 07:08:49
b6X5ZZNHkBo,https://www.youtube.com/watch?v=b6X5ZZNHkBo,ucu-hzvlc1tvab1lrp0cejtg,Retro log,퇴근할때마다 붙잡고있는 슈퍼패미컴 전용머신인데,7707,23,2026-08-23T12:40:01.374377+00:00,2026-09-04T23:10:02.346310+00:00,2026-09-05T23:10:01.374377+00:00,기타,썰쇼핑,0,2026-08-19 05:56:25
JLEiJDRgy80,https://www.youtube.com/watch?v=JLEiJDRgy80,uc-hke7blsfguxnhzrokglsa,와이거뭐냐,대한민국 해병대를 감히 도발하면 생기는 일 #대한민국 #실화 #shorts,7703,27,2026-08-30T05:16:02.819135+00:00,2026-09-04T23:10:02.346310+00:00,2026-09-13T05:10:02.819135+00:00,기타,썰쇼핑,1190,2026-09-09 07:08:49
7MZtSjFFX9Y,https://www.youtube.com/watch?v=7MZtSjFFX9Y,uc963edydyw3xjtuisucdbww,인생굿즈,상식을 벗어난 미친 페인트,7695,6,2026-09-15T03:16:03.000270+00:00,2026-09-15T05:10:02.238212+00:00,2026-09-16T05:10:03.000270+00:00,제품정체형,썰쇼핑,15600,2026-09-09 07:08:49
JFphKuE6DT8,https://www.youtube.com/watch?v=JFphKuE6DT8,ucipqot8sknih3msbu2b7ahw,트렌드헌터,스마트폰 중독자도 책을 읽게 만든 천재적인 아이디어,7692,1,2026-09-05T06:22:03.000270+00:00,2026-09-14T23:10:03.036703+00:00,2026-09-16T05:10:03.000270+00:00,제품정체형,썰쇼핑,1350,2026-09-14 07:04:05
AR3Uz-t6QEw,https://www.youtube.com/watch?v=AR3Uz-t6QEw,ucxirsjqetzz4ml6lc-uu5tq,이런호기심,100년을 산다고?! 한 마리 30만 원 호가하는 괴물 조개 '구이덕' 🦪,7664,3,2026-09-09T01:58:03.000270+00:00,2026-09-14T23:10:03.036703+00:00,2026-09-16T05:10:03.000270+00:00,기타,썰쇼핑,14400,2026-09-14 07:04:05
-2EBOTb5udg,https://www.youtube.com/watch?v=-2EBOTb5udg,uc_hbvja6hxd4v2y0duybvuq,참좋은 도구들,고집 부리다 일본에 털린 독일명가 #라미사파리#제트스트림,7651,4,2026-09-15T08:16:03.000270+00:00,2026-09-15T23:10:03.157352+00:00,2026-09-16T05:10:03.000270+00:00,기타,썰쇼핑,1830,2026-09-09 07:08:49
-bjHWqGB3zM,https://www.youtube.com/watch?v=-bjHWqGB3zM,ucmbeuonh4nls9qryeeue_gg,쓸모있어,다이소도 전혀 생각 못한 미친 활용법  #다이소 #다이소추천템  #꿀팁 #꿀템,7651,2,2026-08-29T10:58:02.660921+00:00,2026-09-08T11:10:24.676804+00:00,2026-09-12T05:10:02.660921+00:00,오용형,썰쇼핑,1240,2026-09-09 07:08:49
EqDglw4iO94,https://www.youtube.com/watch?v=EqDglw4iO94,ucl12scb2y7j-kx0_ghaf-xq,썰풀다,진짜 상용화됐다고? 미국 도로 등장한 테슬라 황금 사이버캡#테슬라 #사이버캡 #로보택시 #자율주행 #테슬라근황,7642,5,2026-09-05T09:28:03.000270+00:00,2026-09-05T23:10:01.374377+00:00,2026-09-16T05:10:03.000270+00:00,기타,썰쇼핑,0,2026-08-19 05:56:25
vORNlDkV1f4,https://www.youtube.com/watch?v=vORNlDkV1f4,ucsdfcfw-a0ks-7qsdxpbprw,쇼츠킹,10년 묵은 기름때가 1초 컷? 쳐다만 봐도 속 뻥 뚫리는 미친 세척력 ㄷㄷ,7596,1,2026-09-02T10:52:03.000270+00:00,2026-09-04T23:10:02.346310+00:00,2026-09-16T05:10:03.000270+00:00,기타,썰쇼핑,72400,2026-09-09 02:35:38
YWGxCiMU6zY,https://www.youtube.com/watch?v=YWGxCiMU6zY,uclfbmumxshw-8ylwcgp-w3w,Gcar지카,둥근 쇠파이프를 10초 만에 각관으로 바꾸는 괴물 기계 ㄷㄷ,7594,0,2026-09-15T04:52:03.000270+00:00,2026-09-15T05:10:02.238212+00:00,2026-09-16T05:10:03.000270+00:00,장비템,썰쇼핑,75100,2026-09-09 02:35:38
ipBMUrPDkqc,https://www.youtube.com/watch?v=ipBMUrPDkqc,ucl12scb2y7j-kx0_ghaf-xq,썰풀다,귀 안 막는데 음악이 들린다고? 현장직 난리 난 신종 꼼수템#스마트안경 #루시드아머 #보안경,7558,3,2026-09-06T03:10:03.000270+00:00,2026-09-06T23:10:01.282766+00:00,2026-09-16T05:10:03.000270+00:00,기타,썰쇼핑,0,2026-08-19 05:56:25
OyYTpDkro9M,https://www.youtube.com/watch?v=OyYTpDkro9M,ucbpaopjknymyrihzwt5c_mg,리빙플립,"침대 틈새 막이, 주방에 잘라 썼더니 벌어진 일",7542,4,2026-09-08T02:28:03.000270+00:00,2026-09-08T10:27:51.412064+00:00,2026-09-16T05:10:03.000270+00:00,홈템,썰쇼핑,13100,2026-09-09 07:08:49
LOAioX_vagk,https://www.youtube.com/watch?v=LOAioX_vagk,uchf6vudwbonfotjr4oox3qw,생활용품 연구소,3초 만에 주방 정리 끝!,7533,3,2026-09-14T08:58:03.000270+00:00,2026-09-14T23:10:03.036703+00:00,2026-09-16T05:10:03.000270+00:00,홈템,썰쇼핑,20700,2026-08-19 05:56:25
UZi3WluWVhQ,https://www.youtube.com/watch?v=UZi3WluWVhQ,ucdcswue1gcphrrc3wpylicq,오늘줍줍,욕실 물건을 공중부양시킨 천재의 발명품,7523,1,2026-08-31T09:16:02.569334+00:00,2026-09-08T12:30:44.178691+00:00,2026-09-14T05:10:02.569334+00:00,제품정체형,썰쇼핑,1110,2026-09-09 07:08:49
g0wUS2th9Ls,https://www.youtube.com/watch?v=g0wUS2th9Ls,ucipqot8sknih3msbu2b7ahw,트렌드헌터,아이디어가 진짜 미쳤다는 감성 천재의 발명품,7522,4,2026-09-13T07:16:03.000270+00:00,2026-09-14T23:10:03.036703+00:00,2026-09-16T05:10:03.000270+00:00,제품정체형,썰쇼핑,1350,2026-09-14 07:04:05
i4P4qFVsW-I,https://www.youtube.com/watch?v=i4P4qFVsW-I,uc4iyryt1y1d5_cdjaocsk6q,설렘픽,다이소가면 이거 무조건 사세요! 무타공 욕실 세면대 선반,7505,1,2026-08-24T22:52:01.282766+00:00,2026-09-04T23:10:02.346310+00:00,2026-09-06T23:10:01.282766+00:00,홈템,썰쇼핑,2580,2026-09-09 07:08:49
0ANWr0aIYjU,https://www.youtube.com/watch?v=0ANWr0aIYjU,ucrbvn94qfocjbtkhepz7heg,전설의레전드,살찐 뚱냥이들을 위한 역대급 엽기 장난감 ㄷㄷ,7504,0,2026-09-15T01:10:03.000270+00:00,2026-09-15T05:10:02.238212+00:00,2026-09-16T05:10:03.000270+00:00,기타,썰쇼핑,10900,2026-09-09 07:08:49
WTIx1845a38,https://www.youtube.com/watch?v=WTIx1845a38,uc9xfth7mqhbdlju9qzpxiha,쿨냥냥,표절 아니다더니 법원이 아일릿더러 뉴진스와 닮았다고 한순간,7493,20,2026-09-08T08:22:03.000270+00:00,2026-09-08T12:30:44.178691+00:00,2026-09-16T05:10:03.000270+00:00,기타,썰쇼핑,5630,2026-09-09 07:08:49
8wJFV7OD2YI,https://www.youtube.com/watch?v=8wJFV7OD2YI,uckqnors9o6zgzjcsge5bd9a,다있슈,호주천재가 개발해 주부들 열광하는 제품,7479,3,2026-09-05T02:58:03.000270+00:00,2026-09-05T04:42:28.257041+00:00,2026-09-16T05:10:03.000270+00:00,제품정체형,썰쇼핑,1770,2026-09-09 07:08:49
2W-QHpASIUQ,https://www.youtube.com/watch?v=2W-QHpASIUQ,ucxirsjqetzz4ml6lc-uu5tq,이런호기심,스피커로 물줄기를 조종한다고? 눈으로 보는 소리 에너지 🎵,7467,0,2026-09-05T01:58:03.000270+00:00,2026-09-14T23:10:03.036703+00:00,2026-09-16T05:10:03.000270+00:00,기타,썰쇼핑,14400,2026-09-14 07:04:05
mS6CAgyQstI,https://www.youtube.com/watch?v=mS6CAgyQstI,ucmeifnqi1f99moxyzgcrp2q,발견상자,다이소 장난감 세탁기에 음료를 넣으면?,7424,0,2026-09-07T05:10:03.000270+00:00,2026-09-08T12:30:44.178691+00:00,2026-09-16T05:10:03.000270+00:00,홈템,썰쇼핑,1080,2026-09-09 07:08:49
RXWzGW_gUug,https://www.youtube.com/watch?v=RXWzGW_gUug,ucrbvn94qfocjbtkhepz7heg,전설의레전드,이제 머리 올린 우리 와이프 이거 사줬더니 50만원 굳음ㅋ,7423,1,2026-09-07T09:34:03.000270+00:00,2026-09-08T11:10:24.676804+00:00,2026-09-16T05:10:03.000270+00:00,기타,썰쇼핑,10900,2026-09-09 07:08:49
CJlUaQp2Wsc,https://www.youtube.com/watch?v=CJlUaQp2Wsc,ucf_di4heihyo_ghbpg-0yxa,공가미,불꽃을 쭉 뽑아 쓰는 천재적인 발명품ㄷㄷㄷ,7418,2,2026-09-13T10:46:03.000270+00:00,2026-09-13T23:10:02.300105+00:00,2026-09-16T05:10:03.000270+00:00,제품정체형,썰쇼핑,8070,2026-09-09 07:08:49
3N7nAuAdV9g,https://www.youtube.com/watch?v=3N7nAuAdV9g,ucacjyzv8sszopdmi_punhyw,느좋스냅,자취생 피눈물 닦인준 요물 도시락통 #짧은영상 #각종유머,7403,3,2026-09-05T01:28:03.000270+00:00,2026-09-08T11:10:24.676804+00:00,2026-09-16T05:10:03.000270+00:00,기타,썰쇼핑,42300,2026-09-09 07:08:49
lJAoJ1KtG0Q,https://www.youtube.com/watch?v=lJAoJ1KtG0Q,uc8wcwts4chdpce-nzqpm04a,인생갓템,황당한 모니터 만들어 대박난 회사ㄷㄷ,7396,5,2026-09-15T14:34:03.000270+00:00,2026-09-15T23:10:03.157352+00:00,2026-09-16T05:10:03.000270+00:00,기타,썰쇼핑,30700,2026-09-09 07:08:49
XMfsPvlDSoQ,https://www.youtube.com/watch?v=XMfsPvlDSoQ,ucemc0lajcxtnwftcao3awhq,꿀템,포켓몬 덕후들 통장 다 털고 있다는 가방,7392,2,2026-09-05T02:46:03.000270+00:00,2026-09-14T23:10:03.036703+00:00,2026-09-16T05:10:03.000270+00:00,기타,썰쇼핑,1070,2026-09-14 07:04:05
KYDKw1N5vSs,https://www.youtube.com/watch?v=KYDKw1N5vSs,ucnd6bgf50o87a92-ik1di8q,살림도사,다이소도 예상못한 획기적인 아이디어,7379,0,2026-08-31T22:58:02.569334+00:00,2026-09-04T23:10:02.346310+00:00,2026-09-14T05:10:02.569334+00:00,오용형,썰쇼핑,14500,2026-09-09 07:08:49
4NhfIe_mw1s,https://www.youtube.com/watch?v=4NhfIe_mw1s,ucl12scb2y7j-kx0_ghaf-xq,썰풀다,"이걸 돈 주고 마신다고?"" 마지막에 정체 알고 경악했습니다#블랙아이보리 #코끼리똥커피 #이색커피",7376,4,2026-08-23T08:52:01.374377+00:00,2026-09-04T23:10:02.346310+00:00,2026-09-05T23:10:01.374377+00:00,제품정체형,썰쇼핑,0,2026-08-19 05:56:25
WCPYpEjglpM,https://www.youtube.com/watch?v=WCPYpEjglpM,ucl12scb2y7j-kx0_ghaf-xq,썰풀다,다이어트 참다 참다 미쳐버린 외국 언니의 밤 10시 광기#다이어트짤 #공감유머 #누텔라 #현실다이어트 #폭식,7337,1,2026-08-30T03:52:03.131380+00:00,2026-09-04T23:10:02.346310+00:00,2026-09-12T23:10:03.131380+00:00,기타,썰쇼핑,0,2026-08-19 05:56:25
vdF2x4TSpcs,https://www.youtube.com/watch?v=vdF2x4TSpcs,uctgtq10wqqxfeortrnn5vha,뭐길래? | 생활 꿀템 쇼츠,사진을 한 장씩 넘겨보는 아날로그 감성 포토 플립북✨ 손잡이를 돌리며 추억을 영화처럼 감상해보세요📸,7312,2,2026-09-01T09:28:02.238212+00:00,2026-09-08T11:10:24.676804+00:00,2026-09-15T05:10:02.238212+00:00,기타,썰쇼핑,1020,2026-09-09 07:08:49
HEOla4MQGzU,https://www.youtube.com/watch?v=HEOla4MQGzU,ucmo2rfye0ljbv_m4e5mhz0w,꿀템탐구소,전세계 엄마들 외출 필수템,7293,6,2026-09-12T09:28:03.000270+00:00,2026-09-14T23:10:03.036703+00:00,2026-09-16T05:10:03.000270+00:00,기타,썰쇼핑,4300,2026-09-14 07:04:05
3_u_fZbGz40,https://www.youtube.com/watch?v=3_u_fZbGz40,ucsdfcfw-a0ks-7qsdxpbprw,쇼츠킹,쓱 밀었더니 새 집으로 변신? 속 뻥 뚫리는 마법의 롤러 도색 ㄷㄷ,7250,0,2026-09-10T02:28:03.000270+00:00,2026-09-10T08:10:02.680133+00:00,2026-09-16T05:10:03.000270+00:00,기타,썰쇼핑,72400,2026-09-09 02:35:38
Wosy2s8RN_k,https://www.youtube.com/watch?v=Wosy2s8RN_k,ucf_di4heihyo_ghbpg-0yxa,공가미,블랙핑크도 타고다니는 역대급 제품의 정체,7239,5,2026-08-26T10:46:02.542305+00:00,2026-09-04T23:10:02.346310+00:00,2026-09-09T05:10:02.542305+00:00,기타,썰쇼핑,8070,2026-09-09 07:08:49
LB5ask0zB70,https://www.youtube.com/watch?v=LB5ask0zB70,ucacjyzv8sszopdmi_punhyw,느좋스냅,멸종직전 할매니얼 과자의 천조국마트 싹쓸이 #짧은영상 #각종유머,7227,0,2026-09-03T21:58:03.000270+00:00,2026-09-08T11:10:24.676804+00:00,2026-09-16T05:10:03.000270+00:00,기타,썰쇼핑,42300,2026-09-09 07:08:49
08kfJ7QDwqI,https://www.youtube.com/watch?v=08kfJ7QDwqI,uc4iyryt1y1d5_cdjaocsk6q,설렘픽,"똥손도 3초면 완성, 리본 이렇게 묶으세요!",7199,0,2026-09-06T07:16:03.000270+00:00,2026-09-06T23:10:01.282766+00:00,2026-09-16T05:10:03.000270+00:00,기타,썰쇼핑,2580,2026-09-09 07:08:49
j8xE029ENxI,https://www.youtube.com/watch?v=j8xE029ENxI,uct8wkoq7yyq2mgzqqf8_-hw,쇼핑 치트키,부모들 지갑 털어버린 다이소 제품,7195,1,2026-09-06T12:10:03.000270+00:00,2026-09-06T23:10:01.282766+00:00,2026-09-16T05:10:03.000270+00:00,홈템,썰쇼핑,4700,2026-09-09 07:08:49
G1oh2CyEk-I,https://www.youtube.com/watch?v=G1oh2CyEk-I,ucbbwhlb1oqkgkzqllrsczva,아스토니쉬코리아,찐득찐득한 주방 탈출 #기름때제거 #기름때 #아스토니쉬 #주방용품 #주방 #주방꿀템,7185,0,2026-08-30T23:58:02.300105+00:00,2026-09-04T23:10:02.346310+00:00,2026-09-13T23:10:02.300105+00:00,홈템,썰쇼핑,0,2026-08-19 05:56:25
r1I44lQepRw,https://www.youtube.com/watch?v=r1I44lQepRw,ucjbxdaaibb0uk1zdepjja6w,쇼핑천재,역발상으로 돈방석앉은 천재적 아이디어,7171,0,2026-08-26T00:58:01.332600+00:00,2026-09-04T23:10:02.346310+00:00,2026-09-08T23:10:01.332600+00:00,제품정체형,썰쇼핑,40600,2026-09-09 07:08:49
uztUlOGe70M,https://www.youtube.com/watch?v=uztUlOGe70M,ucgttnudyop52of_zrxv--aw,리빙픽템,엄마들이 버리고 가장 후회하는 이것  육아 고수들은 절대 안 버리는 것  #배냇머리 #배냇머리보관 #육아템추천 #아기성장기록 #출산선물,7155,8,2026-09-15T09:04:03.000270+00:00,2026-09-15T23:10:03.157352+00:00,2026-09-16T05:10:03.000270+00:00,제품정체형,썰쇼핑,6760,2026-09-09 07:08:49
onY0So_RAso,https://www.youtube.com/watch?v=onY0So_RAso,uckqnors9o6zgzjcsge5bd9a,다있슈,미친 아이디어로 대박난 미국천재의 발명품,7145,5,2026-08-26T07:58:02.542305+00:00,2026-09-04T23:10:02.346310+00:00,2026-09-09T05:10:02.542305+00:00,제품정체형,썰쇼핑,1770,2026-09-09 07:08:49
7Z6bbG4sLBA,https://www.youtube.com/watch?v=7Z6bbG4sLBA,uciyteuko_p950a7je7jpixa,루구나,명품향수회사도 놀란  살아있는 향기템,7143,0,2026-08-29T22:58:02.660921+00:00,2026-09-04T23:10:02.346310+00:00,2026-09-12T05:10:02.660921+00:00,뷰티,썰쇼핑,19600,2026-09-09 07:08:49
bSyscYUDplg,https://www.youtube.com/watch?v=bSyscYUDplg,uchf6vudwbonfotjr4oox3qw,생활용품 연구소,살림 천재들의 신박한 활용법,7080,1,2026-08-30T02:28:03.131380+00:00,2026-09-04T23:10:02.346310+00:00,2026-09-12T23:10:03.131380+00:00,홈템,썰쇼핑,20700,2026-08-19 05:56:25
oFfr_Ps4ImY,https://www.youtube.com/watch?v=oFfr_Ps4ImY,ucamzjidsn-e1fi_kpveqt_q,순삭킥,도대체 소금으로 무슨 짓을 한 걸까 #바비큐 #그릴마술 #소금마법 #고기파티 #신기한영상,7077,3,2026-09-09T08:28:03.000270+00:00,2026-09-14T23:10:03.036703+00:00,2026-09-16T05:10:03.000270+00:00,기타,썰쇼핑,8870,2026-09-14 07:06:10
x0uePkkCdk4,https://www.youtube.com/watch?v=x0uePkkCdk4,ucxteg2lrkvxn8b7umce7qoq,딸기라떼,전세계 사람들 시간 순삭시킨다는 추억템ㄷㄷ 비행기에서 딜레이 제로! 8BitDo 버티컬 플립패드 컨트롤러 🎮#8BitDo플립패드 #모바일게임패드 #버티컬플립패드 #레트로게임기,7069,3,2026-08-31T10:28:02.569334+00:00,2026-09-04T23:10:02.346310+00:00,2026-09-14T05:10:02.569334+00:00,기타,썰쇼핑,5130,2026-09-09 07:08:49
h0Ss6qls_Ng,https://www.youtube.com/watch?v=h0Ss6qls_Ng,uc8wcwts4chdpce-nzqpm04a,인생갓템,보고도 믿기지않아 난리난 제품,7067,2,2026-09-08T20:16:03.000270+00:00,2026-09-08T23:10:01.332600+00:00,2026-09-16T05:10:03.000270+00:00,기타,썰쇼핑,30700,2026-09-09 07:08:49
mbPcX4b4XSM,https://www.youtube.com/watch?v=mbPcX4b4XSM,uc963edydyw3xjtuisucdbww,인생굿즈,리뷰에 미친 자영업자가 만든 제품,7050,3,2026-08-28T02:58:02.367900+00:00,2026-09-08T11:10:24.676804+00:00,2026-09-11T02:10:02.367900+00:00,기타,썰쇼핑,15600,2026-09-09 07:08:49
FrW6JGIjdxk,https://www.youtube.com/watch?v=FrW6JGIjdxk,ucl12scb2y7j-kx0_ghaf-xq,썰풀다,1950년대에 이미 있었는데 대체 이 기능들은 왜 사라진 걸까?#냉장고 #빈티지가전 #Frigidaire #1950s,7033,8,2026-09-14T06:28:03.000270+00:00,2026-09-14T23:10:03.036703+00:00,2026-09-16T05:10:03.000270+00:00,홈템,썰쇼핑,0,2026-08-19 05:56:25
QhkJLzXPZlg,https://www.youtube.com/watch?v=QhkJLzXPZlg,uckpphyi5ul6uw-axomcfmia,뽀터언니,밥 말아먹기 딱 좋은 오뚜기 쇠고기미역국라면 🍜,7032,3,,2026-09-04T23:10:02.346310+00:00,2026-09-05T04:42:28.257041+00:00,기타,썰쇼핑,1350,2026-09-09 07:08:49
u3J9_E7uywA,https://www.youtube.com/watch?v=u3J9_E7uywA,ucknyotic61bk0usui1ixavg,으니픽,보법이 다른 노트북 파우치의 비밀  #노트북패드 #노트북파우치 #파우치 #노트북 #테블릿 #테블릿파우치 #전자기기#pc용품 # #컴퓨터 #전자용품 #애플 #삼성 #파우치추천,7019,1,2026-08-31T11:22:02.569334+00:00,2026-09-04T23:10:02.346310+00:00,2026-09-14T05:10:02.569334+00:00,제품정체형,썰쇼핑,1300,2026-09-09 07:08:49
YOYsBz5Yprc,https://www.youtube.com/watch?v=YOYsBz5Yprc,ucq2jfiz_likmrmv3dxckjhq,뭐야템,이거하나면 설거지 걱정끝!,6992,0,2026-08-25T15:00:44.178691+00:00,2026-09-08T11:10:24.676804+00:00,2026-09-08T12:30:44.178691+00:00,기타,썰쇼핑,12700,2026-09-09 07:08:49
cYz7sq-eMIM,https://www.youtube.com/watch?v=cYz7sq-eMIM,uc6cd2qevvm23b0xojjho50q,썰쇼템,반전 매력으로 매출 떡상중인 제품,6989,4,2026-09-01T02:58:03.036703+00:00,2026-09-04T23:10:02.346310+00:00,2026-09-14T23:10:03.036703+00:00,제품정체형,썰쇼핑,13700,2026-09-09 07:08:49
643Ere8_3xg,https://www.youtube.com/watch?v=643Ere8_3xg,ucmeifnqi1f99moxyzgcrp2q,발견상자,천재가 계란 때문에 만든 제품의 정체,6978,4,2026-09-03T05:40:03.000270+00:00,2026-09-08T12:30:44.178691+00:00,2026-09-16T05:10:03.000270+00:00,제품정체형,썰쇼핑,1080,2026-09-09 07:08:49
63hAb54hFR0,https://www.youtube.com/watch?v=63hAb54hFR0,ucxteg2lrkvxn8b7umce7qoq,딸기라떼,코스트코를 뒤흔든 100년 넘은 브랜드?? 맛살 말고 진짜 게살! 코스트코 대란템 필립스 냉장 게살 🦀,6964,4,2026-09-13T08:46:03.000270+00:00,2026-09-13T23:10:02.300105+00:00,2026-09-16T05:10:03.000270+00:00,기타,썰쇼핑,5130,2026-09-09 07:08:49
oYVxT3vpeU8,https://www.youtube.com/watch?v=oYVxT3vpeU8,ucxirsjqetzz4ml6lc-uu5tq,이런호기심,단돈 5천 원으로 만든 지옥행 복싱링 ㄷㄷ 모터 4개의 광기 폭발 🥊,6958,0,2026-09-07T21:58:03.000270+00:00,2026-09-14T23:10:03.036703+00:00,2026-09-16T05:10:03.000270+00:00,기타,썰쇼핑,14400,2026-09-14 07:04:05
K8_uRULRt-k,https://www.youtube.com/watch?v=K8_uRULRt-k,ucbx5cgjqdhqxdk4fn6ltj3g,찐리뷰 클라쓰,예쁜 이케아 행주의 반전! 린니그 활용 꿀팁,6926,1,2026-09-11T03:58:03.000270+00:00,2026-09-11T05:10:02.666924+00:00,2026-09-16T05:10:03.000270+00:00,제품정체형,썰쇼핑,23700,2026-09-09 07:08:49
89_MxIUeO1g,https://www.youtube.com/watch?v=89_MxIUeO1g,ucf_di4heihyo_ghbpg-0yxa,공가미,캠핑 박람회를 뒤집은 미국 천재의 발명품,6911,4,2026-09-06T10:46:03.000270+00:00,2026-09-06T23:10:01.282766+00:00,2026-09-16T05:10:03.000270+00:00,제품정체형,썰쇼핑,8070,2026-09-09 07:08:49
56wIJF-PIrc,https://www.youtube.com/watch?v=56wIJF-PIrc,ucmssyyqvltkjobcgqdrzmuw,내일 쇼핑,이케아에서 모니터 받침대를 사서 주방에 두면 생기는 일 😲🛒#이케아  #꿀템 #인테리어,6910,5,2026-08-27T07:22:01.358608+00:00,2026-09-04T23:10:02.346310+00:00,2026-09-09T23:10:01.358608+00:00,홈템,썰쇼핑,1880,2026-09-09 07:08:49
nUr_Jdexhmo,https://www.youtube.com/watch?v=nUr_Jdexhmo,ucsbp41obff8fsjgcvxut6ga,또왔소,영업 끝판왕이라는 사나이,6906,0,2026-09-03T06:52:03.000270+00:00,2026-09-04T23:10:02.346310+00:00,2026-09-16T05:10:03.000270+00:00,기타,썰쇼핑,10700,2026-09-09 07:08:49
uYUAMf20RUI,https://www.youtube.com/watch?v=uYUAMf20RUI,ucajp81ra8nklmrkucjvaysq,앞북이,카라멜 상식 박살낸 간식의 정체 -아몬드 토피,6895,4,2026-09-05T14:16:03.000270+00:00,2026-09-14T23:10:03.036703+00:00,2026-09-16T05:10:03.000270+00:00,기타,썰쇼핑,1100,2026-09-14 07:04:05
3CTVLgAVW_w,https://www.youtube.com/watch?v=3CTVLgAVW_w,ucefyc4mx2p-4htfokzo3zug,토란토란,오늘도 조기퇴근 실패한 저승사자??,6892,0,2026-09-09T13:04:03.000270+00:00,2026-09-09T23:10:01.358608+00:00,2026-09-16T05:10:03.000270+00:00,기타,썰쇼핑,3530,2026-09-09 07:08:49
YeiFb94440o,https://www.youtube.com/watch?v=YeiFb94440o,ucwgtmho0tsuedduon1fmgrw,순간의픽,이케아 수납박스 이렇게 써보세요 #필수템 #이케아 #글리스 #수납 #살림 #정리 #선물 #가성비 #아이디어 #활용법 #감성 #셀프인테리어 #인테리어,6869,1,2026-09-02T09:16:03.000270+00:00,2026-09-04T23:10:02.346310+00:00,2026-09-16T05:10:03.000270+00:00,홈템,썰쇼핑,580,2026-09-09 07:08:49
o_NIRojg-Qg,https://www.youtube.com/watch?v=o_NIRojg-Qg,ucidv5xotd-tom-6lqw3slnq,집꾸,고양이한테 촬영을 맡겼더니 생긴 일,6867,0,2026-09-06T10:58:02.819135+00:00,2026-09-08T11:10:24.676804+00:00,2026-09-13T05:10:02.819135+00:00,홈템,썰쇼핑,30200,2026-09-09 07:08:49
4zhkaptN0j4,https://www.youtube.com/watch?v=4zhkaptN0j4,uc9cpf1vjxwkndwy1jvvdzvw,쇼핑남자,불면에 미친 천재의 발명품,6863,5,2026-09-07T13:28:02.819135+00:00,2026-09-07T23:10:02.851021+00:00,2026-09-13T05:10:02.819135+00:00,제품정체형,썰쇼핑,6370,2026-09-09 07:08:49
CrehWKxSGtI,https://www.youtube.com/watch?v=CrehWKxSGtI,ucamzjidsn-e1fi_kpveqt_q,순삭킥,카지노 화장실에 들어가면 생기는 기괴한 일 #카지노 #화장실 #이색장소 #미스터리 #신기한영상,6849,2,2026-09-06T06:58:03.000270+00:00,2026-09-14T23:10:03.036703+00:00,2026-09-16T05:10:03.000270+00:00,뷰티,썰쇼핑,8870,2026-09-14 07:06:10
oYwDx5hjlLM,https://www.youtube.com/watch?v=oYwDx5hjlLM,uc5rvoexd7qdesakzghws1mq,드라마짠,"은설 못 잊은 석진, 이번에는 놓치지 않을까? #욕망의덫 #욕망의덫예상 #드라마 #일일드라마 #kbs드라마 #장서희 #드라마추천 #드라마리뷰",6844,0,2026-08-27T03:28:01.358608+00:00,2026-09-09T23:10:01.358608+00:00,2026-09-09T23:10:01.358608+00:00,기타,썰쇼핑,4340,2026-09-09 07:08:49
NZWknS05VC0,https://www.youtube.com/watch?v=NZWknS05VC0,ucynpgh7_qesow4pbljhmi2q,유머굿템,깔끔한 주방을 위해 붙인다는 스테인리스 벽지,6832,0,2026-08-28T09:58:02.666924+00:00,2026-09-08T11:10:24.676804+00:00,2026-09-11T05:10:02.666924+00:00,홈템,썰쇼핑,17500,2026-09-09 07:08:49
NLZrSbw7ViI,https://www.youtube.com/watch?v=NLZrSbw7ViI,ucbx5cgjqdhqxdk4fn6ltj3g,찐리뷰 클라쓰,핀터레스트 감성 그대로🌿 이케아 소그메스타레 수납장,6827,3,2026-08-26T04:00:44.178691+00:00,2026-09-08T11:10:24.676804+00:00,2026-09-08T12:30:44.178691+00:00,홈템,썰쇼핑,23700,2026-09-09 07:08:49
zR4j-Jos1nA,https://www.youtube.com/watch?v=zR4j-Jos1nA,ucmeifnqi1f99moxyzgcrp2q,발견상자,해외 바이어 시장 씹어먹은 한국 천재의 발명품,6806,0,2026-08-28T04:10:02.367900+00:00,2026-09-08T12:30:44.178691+00:00,2026-09-11T02:10:02.367900+00:00,제품정체형,썰쇼핑,1080,2026-09-09 07:08:49
nwK3P5bjvQ0,https://www.youtube.com/watch?v=nwK3P5bjvQ0,uc7rasihu7b9qtjd81ywoymq,아이템홈,다이소 직원들도 탐낸다는 커터칼 정체 #생활꿀템 #다이소 #다이소꿀템 #커터칼,6797,1,2026-08-24T08:10:01.282766+00:00,2026-09-04T23:10:02.346310+00:00,2026-09-06T23:10:01.282766+00:00,제품정체형,썰쇼핑,23800,2026-09-09 07:08:49
R2D2ZpF54nE,https://www.youtube.com/watch?v=R2D2ZpF54nE,ucnd6bgf50o87a92-ik1di8q,살림도사,다이소가 감탄한 후크의 놀라운 활용법,6794,0,2026-09-10T22:58:03.000270+00:00,2026-09-11T02:10:02.367900+00:00,2026-09-16T05:10:03.000270+00:00,오용형,썰쇼핑,14500,2026-09-09 07:08:49
Vx-FYElKaxo,https://www.youtube.com/watch?v=Vx-FYElKaxo,uctd1t12z1qtvalhdd728tsg,우디홈템,다이소 네트망 이렇게 쓰는 사람 처음 봤어요,6774,1,2026-09-05T02:10:03.000270+00:00,2026-09-05T04:42:28.257041+00:00,2026-09-16T05:10:03.000270+00:00,홈템,썰쇼핑,3700,2026-09-09 07:08:49
zxBDmM6xgEU,https://www.youtube.com/watch?v=zxBDmM6xgEU,ucvaa_y8pn-ahgsjoqet6h9a,랜더쇼츠,차고에 세워 두는 7억짜리 비행기,6758,0,2026-09-05T09:22:03.000270+00:00,2026-09-14T23:10:03.036703+00:00,2026-09-16T05:10:03.000270+00:00,기타,썰쇼핑,1490,2026-09-14 07:04:05
Xud-IhortHc,https://www.youtube.com/watch?v=Xud-IhortHc,ucxeyhz8xitvlxhdduxy6zca,리뷰남 ,절대 꺼지지 않는다는 캠핑 천재의 발명품,6752,7,2026-09-11T12:34:03.000270+00:00,2026-09-11T23:10:02.319689+00:00,2026-09-16T05:10:03.000270+00:00,제품정체형,썰쇼핑,16100,2026-09-09 07:08:49
JbZXMs_Sw64,https://www.youtube.com/watch?v=JbZXMs_Sw64,ucjh0lkgxay9d_hvefiajuwg,와우냥,물리학 법칙을 완벽하게 활용한 제품,6738,1,2026-09-02T13:58:03.000270+00:00,2026-09-04T23:10:02.346310+00:00,2026-09-16T05:10:03.000270+00:00,기타,썰쇼핑,1340,2026-09-09 07:08:49
yLaJt9V76w4,https://www.youtube.com/watch?v=yLaJt9V76w4,ucjbxdaaibb0uk1zdepjja6w,쇼핑천재,역발상으로 돈방석앉은 천재의 발몊품,6712,1,2026-09-02T00:58:03.157352+00:00,2026-09-04T23:10:02.346310+00:00,2026-09-15T23:10:03.157352+00:00,제품정체형,썰쇼핑,40600,2026-09-09 07:08:49
hYCXuvGHtJk,https://www.youtube.com/watch?v=hYCXuvGHtJk,ucsbp41obff8fsjgcvxut6ga,또왔소,여성이 갑자기 울음 터진 이유,6691,0,2026-08-31T00:40:02.300105+00:00,2026-09-04T23:10:02.346310+00:00,2026-09-13T23:10:02.300105+00:00,기타,썰쇼핑,10700,2026-09-09 07:08:49
C_kQNWD72UU,https://www.youtube.com/watch?v=C_kQNWD72UU,ucrbvn94qfocjbtkhepz7heg,전설의레전드,요즘 스트레스 받는젠지들의 역대급 해소 방법,6683,6,2026-09-03T11:22:03.000270+00:00,2026-09-08T11:10:24.676804+00:00,2026-09-16T05:10:03.000270+00:00,기타,썰쇼핑,10900,2026-09-09 07:08:49
OtQH_HeRo70,https://www.youtube.com/watch?v=OtQH_HeRo70,uclfbmumxshw-8ylwcgp-w3w,Gcar지카,99%가 수작업이라 확신한 미친 파이프 제조 기술 (소름 주의) ㄷㄷ,6667,0,2026-09-01T01:40:03.036703+00:00,2026-09-04T23:10:02.346310+00:00,2026-09-14T23:10:03.036703+00:00,기타,썰쇼핑,75100,2026-09-09 02:35:38
803GjFGHVoQ,https://www.youtube.com/watch?v=803GjFGHVoQ,ucrocrwdkppy1we0hubv9drw,홈꾸미,예상 못한 구조로 떡상한 욕실화,6647,3,2026-09-14T08:28:03.000270+00:00,2026-09-14T23:10:03.036703+00:00,2026-09-16T05:10:03.000270+00:00,기타,썰쇼핑,15600,2026-09-09 07:08:49
F_FIJCWt8NQ,https://www.youtube.com/watch?v=F_FIJCWt8NQ,ucuwwmz037mvmbhty9sjrbjg,선물마트,일본 다이소도 예상 못한 활용법,6646,1,2026-09-11T10:16:03.000270+00:00,2026-09-11T23:10:02.319689+00:00,2026-09-16T05:10:03.000270+00:00,오용형,썰쇼핑,2700,2026-09-09 07:08:49
jQ3HtlKNQJQ,https://www.youtube.com/watch?v=jQ3HtlKNQJQ,uc4fczuxwwbj0rsvbtvay3bg,숏팡,김병만도 놀랄 대물 통발 정체,6632,0,2026-08-27T08:22:02.680133+00:00,2026-09-08T12:30:44.178691+00:00,2026-09-10T08:10:02.680133+00:00,제품정체형,썰쇼핑,43100,2026-09-09 07:08:49
tY_xI3pmkmU,https://www.youtube.com/watch?v=tY_xI3pmkmU,ucamzjidsn-e1fi_kpveqt_q,순삭킥,합성이라고 믿을 수밖에 없는 역대급 사슴 뿔 #사슴 #동물기행 #신기한동물 #자연 #와일드,6629,1,2026-09-07T10:16:03.000270+00:00,2026-09-14T23:10:03.036703+00:00,2026-09-16T05:10:03.000270+00:00,기타,썰쇼핑,8870,2026-09-14 07:06:10
B8h5Nasb3j4,https://www.youtube.com/watch?v=B8h5Nasb3j4,ucqrltjou9wttstlwiem2lma,왜 팔릴까,코스트코도 당황한 주부의 활용법,6622,5,2026-08-23T06:28:01.374377+00:00,2026-09-04T23:10:02.346310+00:00,2026-09-05T23:10:01.374377+00:00,오용형,썰쇼핑,1720,2026-09-09 07:08:49
CJako42nlC0,https://www.youtube.com/watch?v=CJako42nlC0,ucbx5cgjqdhqxdk4fn6ltj3g,찐리뷰 클라쓰,이케아 가면 무조건 사세요! 좁은 싱크대 수납 꿀템,6602,1,2026-09-01T08:58:02.238212+00:00,2026-09-08T11:10:24.676804+00:00,2026-09-15T05:10:02.238212+00:00,홈템,썰쇼핑,23700,2026-09-09 07:08:49
i2eWKX1gi0c,https://www.youtube.com/watch?v=i2eWKX1gi0c,ucvaa_y8pn-ahgsjoqet6h9a,랜더쇼츠,주차 자리를 두고 드론끼리 싸운다고 #지식,6593,1,2026-09-09T03:28:03.000270+00:00,2026-09-14T23:10:03.036703+00:00,2026-09-16T05:10:03.000270+00:00,차량템,썰쇼핑,1490,2026-09-14 07:04:05
UCBB4kOEznU,https://www.youtube.com/watch?v=UCBB4kOEznU,ucssx2crprqprm_uaedxg7ua,꿀팁꿀템,수선집 매출 반토막 낸 이것의 정체#똥손도 전문가처럼 수선#비브람창 셀프 수선#신발 수명 연장,6592,2,2026-09-04T14:22:03.000270+00:00,2026-09-04T23:10:02.346310+00:00,2026-09-16T05:10:03.000270+00:00,제품정체형,썰쇼핑,53800,2026-09-09 07:08:49
IczFk0SkbxQ,https://www.youtube.com/watch?v=IczFk0SkbxQ,uc_hbvja6hxd4v2y0duybvuq,참좋은 도구들,프리미엄 브랜드가 만든 펜의정체 #피닌파리나#잉크없는펜#선물용문구,6590,3,2026-09-08T08:16:03.000270+00:00,2026-09-08T10:27:51.412064+00:00,2026-09-16T05:10:03.000270+00:00,제품정체형,썰쇼핑,1830,2026-09-09 07:08:49
DkZ43xJ-0GE,https://www.youtube.com/watch?v=DkZ43xJ-0GE,ucqccuxzpl3snkehlhbti2hg,갓성비추천템,대체 기능이 몇개냐는 반전의 썬글라스,6570,1,2026-09-10T10:04:03.000270+00:00,2026-09-11T02:10:02.367900+00:00,2026-09-16T05:10:03.000270+00:00,제품정체형,썰쇼핑,29800,2026-09-09 07:08:49
xWJ3uNSTpLw,https://www.youtube.com/watch?v=xWJ3uNSTpLw,uc-qj4zhvdxc0f-m8quxl-fw,귤템,샤넬 직원도 모르는 한국 천재 활용법,6567,1,2026-08-30T00:58:03.131380+00:00,2026-09-08T11:10:24.676804+00:00,2026-09-12T23:10:03.131380+00:00,기타,썰쇼핑,4880,2026-09-09 07:08:49
P7XzXWigjhg,https://www.youtube.com/watch?v=P7XzXWigjhg,ucwgtmho0tsuedduon1fmgrw,순간의픽,집꾸미기 고수들의 이케아 신발장 사용법 #필수템 #이케아 #엘가네스 #신발장 #선반 #아이디어 #활용법 #살림 #수납 #감성 #셀프인테리어 #인테리어,6555,1,2026-09-14T01:16:03.000270+00:00,2026-09-14T05:10:02.569334+00:00,2026-09-16T05:10:03.000270+00:00,홈템,썰쇼핑,580,2026-09-09 07:08:49
t3cvUQOAvh4,https://www.youtube.com/watch?v=t3cvUQOAvh4,ucxeyhz8xitvlxhdduxy6zca,리뷰남 ,2026년 전 세계에서 가장 핫하다는 스니커즈의 정체,6553,1,2026-09-12T13:34:03.000270+00:00,2026-09-12T23:10:03.131380+00:00,2026-09-16T05:10:03.000270+00:00,제품정체형,썰쇼핑,16100,2026-09-09 07:08:49
fUHgYN5M1b8,https://www.youtube.com/watch?v=fUHgYN5M1b8,ucjcbuxcvr7fojmnvzw3haua,상자쿤,삼성 디자이너도 당황한 충격적인 제품의 정체ㄷㄷㄷ,6551,0,2026-09-04T09:46:03.000270+00:00,2026-09-08T11:10:24.676804+00:00,2026-09-16T05:10:03.000270+00:00,제품정체형,썰쇼핑,5860,2026-09-09 07:08:49
92bKykCd5fo,https://www.youtube.com/watch?v=92bKykCd5fo,ucl12scb2y7j-kx0_ghaf-xq,썰풀다,구두 닦다가 불까지… 근데 댓글은 양말만 봄ㅋㅋ#구두관리 #구두광택 #구두복원,6539,1,2026-09-15T12:34:03.000270+00:00,2026-09-15T23:10:03.157352+00:00,2026-09-16T05:10:03.000270+00:00,기타,썰쇼핑,0,2026-08-19 05:56:25
xft40JsnapY,https://www.youtube.com/watch?v=xft40JsnapY,ucuenvpsh41lvt6_a6yjh8_g,신비아이템,뭉개진 볼트도 살려내는 소켓,6534,1,2026-09-07T13:58:03.000270+00:00,2026-09-08T12:30:44.178691+00:00,2026-09-16T05:10:03.000270+00:00,기타,썰쇼핑,5780,2026-09-09 07:08:49
BAdwGhoBqXM,https://www.youtube.com/watch?v=BAdwGhoBqXM,ucmo2rfye0ljbv_m4e5mhz0w,꿀템탐구소,전세계 주부들 줄서게 만든 미국 천재의 발명품,6534,1,2026-09-11T12:58:03.000270+00:00,2026-09-14T23:10:03.036703+00:00,2026-09-16T05:10:03.000270+00:00,제품정체형,썰쇼핑,4300,2026-09-14 07:04:05
ILyMmfBvGIY,https://www.youtube.com/watch?v=ILyMmfBvGIY,uctvonxoqv3-ntqka3lhafnq,담아,다이소에서 찾은 욕실 물때청소 꿀템,6495,1,,2026-09-04T23:10:02.346310+00:00,2026-09-05T04:42:28.257041+00:00,홈템,썰쇼핑,187,2026-09-09 07:08:49
1eKIM396fIQ,https://www.youtube.com/watch?v=1eKIM396fIQ,uc_vnciqax_yorgwxnkb2oua,꿀템박스,수선집도 문닫게 만든 천재 주부의 활용법. 수선테이프 #수선테이프#바지단수선#옷수선#바지단줄이기#생활꿀팁,6493,5,2026-09-11T08:58:03.000270+00:00,2026-09-14T23:10:03.036703+00:00,2026-09-16T05:10:03.000270+00:00,제품정체형,썰쇼핑,148,2026-09-14 07:04:05
N67LWvpWREA,https://www.youtube.com/watch?v=N67LWvpWREA,ucxfcgk6imynzbexyly8mhiq,코어장바구니,전국민 세뇌시켜버린 투게더의 정체,6479,5,2026-09-05T04:46:03.000270+00:00,2026-09-05T23:10:01.374377+00:00,2026-09-16T05:10:03.000270+00:00,제품정체형,썰쇼핑,8610,2026-09-09 07:08:49
vi7SY94Mvt8,https://www.youtube.com/watch?v=vi7SY94Mvt8,uc7-zana-q91i52ma1ufhghg,달래샵,인테리어 고수들이 몰래 숨겨두고 쓰는 스피커💿🔥,6455,0,2026-09-06T08:58:03.000270+00:00,2026-09-06T23:10:01.282766+00:00,2026-09-16T05:10:03.000270+00:00,제품정체형,썰쇼핑,6910,2026-09-09 07:08:49
E6Y6SPZk6fQ,https://www.youtube.com/watch?v=E6Y6SPZk6fQ,uc_hbvja6hxd4v2y0duybvuq,참좋은 도구들,지울수록 서울대에 가까워지는 지우개 #후지산지우개#일본문구,6449,4,2026-09-14T08:16:03.000270+00:00,2026-09-14T23:10:03.036703+00:00,2026-09-16T05:10:03.000270+00:00,기타,썰쇼핑,1830,2026-09-09 07:08:49
JDrU68bl4Bk,https://www.youtube.com/watch?v=JDrU68bl4Bk,ucl12scb2y7j-kx0_ghaf-xq,썰풀다,귓구멍 특이해서 빡친 청각학자가 만든 괴상한 귀마개 수준#Paxauris #팽창귀마개 #소음차단귀마개 #수영귀마개,6440,1,2026-09-06T07:46:03.000270+00:00,2026-09-06T23:10:01.282766+00:00,2026-09-16T05:10:03.000270+00:00,기타,썰쇼핑,0,2026-08-19 05:56:25
J-t6rhxilm4,https://www.youtube.com/watch?v=J-t6rhxilm4,ucwwuxe1dfkgyhf5euhsitzw,살림장착,그리운 그 시절을 소환해 떼돈 번 제품,6431,7,2026-09-05T11:58:03.000270+00:00,2026-09-05T23:10:01.374377+00:00,2026-09-16T05:10:03.000270+00:00,제품정체형,썰쇼핑,8850,2026-09-09 07:08:49
3AAeS-pvLb0,https://www.youtube.com/watch?v=3AAeS-pvLb0,ucxeyhz8xitvlxhdduxy6zca,리뷰남 ,즉석카메라 시장의 혁신을 가져온 후지필름의 천재적인 전략,6412,3,2026-09-08T04:46:03.000270+00:00,2026-09-08T10:27:51.412064+00:00,2026-09-16T05:10:03.000270+00:00,제품정체형,썰쇼핑,16100,2026-09-09 07:08:49
N8WMkXkNYlI,https://www.youtube.com/watch?v=N8WMkXkNYlI,ucu-hzvlc1tvab1lrp0cejtg,속으로만,집순이도 밖으로 나가게 만든다는 발명품,6374,0,2026-08-30T07:28:02.819135+00:00,2026-09-13T05:10:02.819135+00:00,2026-09-13T05:10:02.819135+00:00,제품정체형,썰쇼핑,0,2026-08-19 05:56:25
saL7leubhgs,https://www.youtube.com/watch?v=saL7leubhgs,ucwomfgpbfxbehvdxb9j7rsa,살림템바이,행복감이 3% 올라가는 이케아 쇼파 아이디어 |집꾸미기 | 쇼파추천,6371,0,2026-09-10T10:58:03.000270+00:00,2026-09-11T02:10:02.367900+00:00,2026-09-16T05:10:03.000270+00:00,홈템,썰쇼핑,1090,2026-09-09 07:08:49
-9Eq9U4oZZM,https://www.youtube.com/watch?v=-9Eq9U4oZZM,ucejfwa2iezjwpd6ry2kq0xa,집좋아,여행 갈 때 이거 안 챙기면 100% 후회하는 이유,6371,1,2026-08-30T10:46:02.819135+00:00,2026-09-04T23:10:02.346310+00:00,2026-09-13T05:10:02.819135+00:00,기타,썰쇼핑,8360,2026-09-09 07:08:49
cO-t-2mgtus,https://www.youtube.com/watch?v=cO-t-2mgtus,ucamzjidsn-e1fi_kpveqt_q,순삭킥,정체불명의 밭 인형 무빙 #허수아비 #풍선인형 #기괴한영상 #시골풍경 #엽기영상,6341,3,2026-09-09T03:58:03.000270+00:00,2026-09-14T23:10:03.036703+00:00,2026-09-16T05:10:03.000270+00:00,제품정체형,썰쇼핑,8870,2026-09-14 07:06:10
On7JYD3Jd1Q,https://www.youtube.com/watch?v=On7JYD3Jd1Q,ucsdfcfw-a0ks-7qsdxpbprw,쇼츠킹,깎아지른 절벽의 낙석을 막아내는 강철 그물의 비밀 😲,6314,0,2026-09-05T04:16:03.000270+00:00,2026-09-05T04:42:28.257041+00:00,2026-09-16T05:10:03.000270+00:00,제품정체형,썰쇼핑,72400,2026-09-09 02:35:38
Al0A_vHRtog,https://www.youtube.com/watch?v=Al0A_vHRtog,ucavc4gijcbwk1vj2acjvjvw,도잇도잇,미국 상위 1%만 몰래 쓴다는 나무막대기,6306,0,2026-09-02T08:58:03.000270+00:00,2026-09-14T23:10:03.036703+00:00,2026-09-16T05:10:03.000270+00:00,기타,썰쇼핑,1250,2026-09-14 07:04:05
VwqQn7_Bkro,https://www.youtube.com/watch?v=VwqQn7_Bkro,ucbpaopjknymyrihzwt5c_mg,리빙플립,돌덩이 냉동 대파? '이것' 하나면 끝납니다,6296,16,2026-09-10T00:22:03.000270+00:00,2026-09-10T08:10:02.680133+00:00,2026-09-16T05:10:03.000270+00:00,홈템,썰쇼핑,13100,2026-09-09 07:08:49
tQujc5mXtb0,https://www.youtube.com/watch?v=tQujc5mXtb0,uc5vyr2cff4364oi5l6cwrja,숏핑,미국 천재가 만들어 떼돈 번 제품 정체,6296,2,2026-08-26T08:52:02.542305+00:00,2026-09-04T23:10:02.346310+00:00,2026-09-09T05:10:02.542305+00:00,제품정체형,썰쇼핑,39900,2026-09-09 07:08:49
RQwRkR05w_k,https://www.youtube.com/watch?v=RQwRkR05w_k,ucmbeuonh4nls9qryeeue_gg,쓸모있어,일본 천재가 개발해 세계를 뒤흔든 제품.        #건전지 #c타입충전 #꿀템,6288,4,2026-09-02T10:58:03.000270+00:00,2026-09-08T11:10:24.676804+00:00,2026-09-16T05:10:03.000270+00:00,제품정체형,썰쇼핑,1240,2026-09-09 07:08:49
iZOzxslaR_o,https://www.youtube.com/watch?v=iZOzxslaR_o,ucbx5cgjqdhqxdk4fn6ltj3g,찐리뷰 클라쓰,소파 뒤 공간 이렇게 쓰세요! 좁은 거실 틈새 활용 꿀템,6282,2,2026-09-08T08:58:03.000270+00:00,2026-09-08T11:10:24.676804+00:00,2026-09-16T05:10:03.000270+00:00,홈템,썰쇼핑,23700,2026-09-09 07:08:49
e0LTYopYkJ4,https://www.youtube.com/watch?v=e0LTYopYkJ4,ucwomfgpbfxbehvdxb9j7rsa,살림템바이,이케아 모페 서랍장 아이디어 | 인테리어꿀팁|이케아 활용법,6266,1,2026-09-01T08:58:02.238212+00:00,2026-09-04T23:10:02.346310+00:00,2026-09-15T05:10:02.238212+00:00,홈템,썰쇼핑,1090,2026-09-09 07:08:49
FHgswqLDNJM,https://www.youtube.com/watch?v=FHgswqLDNJM,ucee8ue8x00th6esoz0w08eq,살림보고,다이소 꿀템 꼭 집어오세요 #shorts,6260,3,2026-08-24T21:58:01.282766+00:00,2026-09-04T23:10:02.346310+00:00,2026-09-06T23:10:01.282766+00:00,홈템,썰쇼핑,10800,2026-09-09 07:08:49
Gu1tA7ixAQQ,https://www.youtube.com/watch?v=Gu1tA7ixAQQ,ucapo3ngjjmjssseardb1bpw,샤샤홈,전문가들이 비싼 핀셋을 쓰는 이유,6247,1,2026-08-30T08:28:02.819135+00:00,2026-09-08T12:30:44.178691+00:00,2026-09-13T05:10:02.819135+00:00,기타,썰쇼핑,961,2026-09-09 07:08:49
szEdMBqV2BM,https://www.youtube.com/watch?v=szEdMBqV2BM,uc_axlecdgpvawgimuyuvluq,더 홈 에디토리,미국 제조사도 생각 못한 미친 활용법#지퍼백,6240,1,2026-09-07T05:16:03.000270+00:00,2026-09-14T23:10:03.036703+00:00,2026-09-16T05:10:03.000270+00:00,오용형,썰쇼핑,11000,2026-09-14 07:04:05
ChBdaSNlVnc,https://www.youtube.com/watch?v=ChBdaSNlVnc,uc5rvoexd7qdesakzghws1mq,드라마짠,"창고에서 마주친 세 사람, 결국 석진과 해라의 결혼까지 흔들리기 시작했다. #욕망의덫 #드라마 #드라마추천 #드라마리뷰 #드라마추천 #막장드라마 #욕망의덫예상 #일일드라마",6207,0,2026-09-13T09:28:03.000270+00:00,2026-09-13T23:10:02.300105+00:00,2026-09-16T05:10:03.000270+00:00,기타,썰쇼핑,4340,2026-09-09 07:08:49
BQpklLdAxzs,https://www.youtube.com/watch?v=BQpklLdAxzs,uc-qj4zhvdxc0f-m8quxl-fw,귤템,버튼 하나로 떼돈번 일본 천재,6196,1,2026-09-15T10:52:03.000270+00:00,2026-09-15T23:10:03.157352+00:00,2026-09-16T05:10:03.000270+00:00,제품정체형,썰쇼핑,4880,2026-09-09 07:08:49
4M09PnEuPTw,https://www.youtube.com/watch?v=4M09PnEuPTw,ucl12scb2y7j-kx0_ghaf-xq,썰풀다,계기판에 비상등까지? 선 넘은 장난감 퀄리티#포르쉐964 #미니카 #전동차 #어른이장난감 #키덜트,6169,1,2026-09-04T08:16:03.000270+00:00,2026-09-04T23:10:02.346310+00:00,2026-09-16T05:10:03.000270+00:00,기타,썰쇼핑,0,2026-08-19 05:56:25
UOXn8wag3bc,https://www.youtube.com/watch?v=UOXn8wag3bc,ucl12scb2y7j-kx0_ghaf-xq,썰풀다,아직도 미세플라스틱 밥 먹나요? 밥솥 내솥부터 확인하세요#티타늄밥솥 #캉바하 #주방가전추천,6167,4,2026-09-05T02:28:03.000270+00:00,2026-09-05T04:42:28.257041+00:00,2026-09-16T05:10:03.000270+00:00,홈템,썰쇼핑,0,2026-08-19 05:56:25
ZHMj6gsvGqE,https://www.youtube.com/watch?v=ZHMj6gsvGqE,uclfbmumxshw-8ylwcgp-w3w,Gcar지카,통나무 두 개로 끝! 옥수수 알맹이가 1초 만에 우수수 쏟아지는 마법,6166,1,2026-09-07T02:10:03.000270+00:00,2026-09-07T23:10:02.851021+00:00,2026-09-16T05:10:03.000270+00:00,기타,썰쇼핑,75100,2026-09-09 02:35:38
YJBS08Fc7No,https://www.youtube.com/watch?v=YJBS08Fc7No,uctmchwo4yehl0exsqp_apog,생활꿀템추천샵,"이제 대파 절대 버리지 마세요, 이렇게 얼리면 끝 #살림꿀팁 #대파보관 #꿀팁",6148,1,2026-09-15T09:58:03.000270+00:00,2026-09-15T23:10:03.157352+00:00,2026-09-16T05:10:03.000270+00:00,홈템,썰쇼핑,6830,2026-09-09 07:08:49
RuNRLq5M2sI,https://www.youtube.com/watch?v=RuNRLq5M2sI,uccb3vyyx4jqhx5x6grrt_la,도토리에이드,지역경제 살리고 있다는 두쫀쿠 다음 유행?,6129,4,2026-09-09T08:58:03.000270+00:00,2026-09-14T23:10:03.036703+00:00,2026-09-16T05:10:03.000270+00:00,기타,썰쇼핑,2090,2026-09-14 07:04:05
Z8S4nROQixQ,https://www.youtube.com/watch?v=Z8S4nROQixQ,uckkeqaxjmev8w7gd4h5kcaw,이상한철물점,땅 파는 인건비 줄여주는 트렌처,6122,1,2026-08-26T12:28:02.542305+00:00,2026-09-04T23:10:02.346310+00:00,2026-09-09T05:10:02.542305+00:00,장비템,썰쇼핑,0,2026-08-19 05:56:25
wd21_o9hack,https://www.youtube.com/watch?v=wd21_o9hack,ucqnbrrb-zbu_7o5ksr27l6g,리치쇼핑,액자 상식을 산산조각 내버린 천재의 발명품,6109,1,2026-08-31T07:58:02.569334+00:00,2026-09-04T23:10:02.346310+00:00,2026-09-14T05:10:02.569334+00:00,제품정체형,썰쇼핑,3050,2026-09-14 07:04:05
K6T3n8JJvR8,https://www.youtube.com/watch?v=K6T3n8JJvR8,ucqrltjou9wttstlwiem2lma,왜 팔릴까,러너들 미치게한 천재 아이디어제품,6103,5,,2026-09-04T23:10:02.346310+00:00,2026-09-05T04:42:28.257041+00:00,기타,썰쇼핑,1720,2026-09-09 07:08:49
TviGM7jsrN4,https://www.youtube.com/watch?v=TviGM7jsrN4,ucmyc8jr2jkq5fxuskohc_pq,소장각템,⬆️⬆️일본 제조사도 놀란 한국 주부의 활용법! #살림꿀팁 #살림템,6092,2,2026-09-13T11:28:03.000270+00:00,2026-09-14T23:10:03.036703+00:00,2026-09-16T05:10:03.000270+00:00,오용형,썰쇼핑,8,2026-09-14 07:04:05
1uUzYwAJjnk,https://www.youtube.com/watch?v=1uUzYwAJjnk,uctitdnbvhe3k4eufjury8qg,꿀템연구소,이케아 고수 트롤리 활용법,6085,1,2026-08-30T08:58:02.819135+00:00,2026-09-04T23:10:02.346310+00:00,2026-09-13T05:10:02.819135+00:00,제품정체형,썰쇼핑,10400,2026-09-09 07:08:49
J80ugdrQVmE,https://www.youtube.com/watch?v=J80ugdrQVmE,ucftoksv4zeitypvhoilopjg,우리살림,다이소 가면 이거 무조건 사세요! 바느질 없이 가방 입구 닫는 꿀팁,6033,1,2026-09-04T11:58:03.000270+00:00,2026-09-04T23:10:02.346310+00:00,2026-09-16T05:10:03.000270+00:00,홈템,썰쇼핑,0,2026-08-19 05:56:25
SMSLGE0aL-M,https://www.youtube.com/watch?v=SMSLGE0aL-M,ucqrltjou9wttstlwiem2lma,왜 팔릴까,제조사도 예상못한 2억개팔린 시계의정체,6019,0,2026-09-10T10:04:03.000270+00:00,2026-09-11T02:10:02.367900+00:00,2026-09-16T05:10:03.000270+00:00,제품정체형,썰쇼핑,1720,2026-09-09 07:08:49
nHEV-7nYRcU,https://www.youtube.com/watch?v=nHEV-7nYRcU,ucf_di4heihyo_ghbpg-0yxa,공가미,천재가 왜 1등하는지 알수있는 제품ㄷㄷㄷ,6017,2,2026-09-07T10:46:03.000270+00:00,2026-09-07T23:10:02.851021+00:00,2026-09-16T05:10:03.000270+00:00,제품정체형,썰쇼핑,8070,2026-09-09 07:08:49
4sYeIkIJAj0,https://www.youtube.com/watch?v=4sYeIkIJAj0,ucjcbuxcvr7fojmnvzw3haua,상자쿤,미국이 배달에 진심이면 나타나는 발명품,6011,5,2026-08-26T09:46:02.542305+00:00,2026-09-08T11:10:24.676804+00:00,2026-09-09T05:10:02.542305+00:00,제품정체형,썰쇼핑,5860,2026-09-09 07:08:49
Wq8uwMa7VTc,https://www.youtube.com/watch?v=Wq8uwMa7VTc,ucrbvn94qfocjbtkhepz7heg,전설의레전드,15년 차 수의사의 분리불안 완치템,6004,4,2026-09-09T09:22:03.000270+00:00,2026-09-09T23:10:01.358608+00:00,2026-09-16T05:10:03.000270+00:00,기타,썰쇼핑,10900,2026-09-09 07:08:49
hzUY4UNLxnQ,https://www.youtube.com/watch?v=hzUY4UNLxnQ,uckec0idwzpe-sam6su0ztcg,실링홈,엄마들 사이에서 장금이라고 불리는 이유 #살림템  #주부꿀템 #주부꿀팁 #살림템 #셀프인테리어 #살림초보 #꿀팁,5996,0,2026-08-23T11:04:01.374377+00:00,2026-09-04T23:10:02.346310+00:00,2026-09-05T23:10:01.374377+00:00,홈템,썰쇼핑,0,2026-08-19 05:56:25
AmpvCRLcLTM,https://www.youtube.com/watch?v=AmpvCRLcLTM,uc5vyr2cff4364oi5l6cwrja,숏핑,안전에 진심인 천재의 발명품,5987,2,2026-09-14T09:28:03.000270+00:00,2026-09-14T23:10:03.036703+00:00,2026-09-16T05:10:03.000270+00:00,제품정체형,썰쇼핑,39900,2026-09-09 07:08:49
08TFt0z-7Os,https://www.youtube.com/watch?v=08TFt0z-7Os,ucbx5cgjqdhqxdk4fn6ltj3g,찐리뷰 클라쓰,이케아 랜턴 반전 활용법💛 집 분위기 확 살아나요!,5974,1,2026-09-06T08:58:03.000270+00:00,2026-09-08T11:10:24.676804+00:00,2026-09-16T05:10:03.000270+00:00,제품정체형,썰쇼핑,23700,2026-09-09 07:08:49
xI_k5LUcmYI,https://www.youtube.com/watch?v=xI_k5LUcmYI,uc4fczuxwwbj0rsvbtvay3bg,숏팡,전 세계가 놀란 한국 천재 발명품,5970,0,2026-09-01T08:52:02.238212+00:00,2026-09-08T12:30:44.178691+00:00,2026-09-15T05:10:02.238212+00:00,제품정체형,썰쇼핑,43100,2026-09-09 07:08:49
4CMaFF6HZp4,https://www.youtube.com/watch?v=4CMaFF6HZp4,ucpedjalkfwwr4d2xelfykoa,숏딜,여행 소매치기 박멸한 일본 천재 발명품,5969,0,2026-09-04T08:28:03.000270+00:00,2026-09-14T23:10:03.036703+00:00,2026-09-16T05:10:03.000270+00:00,제품정체형,썰쇼핑,15200,2026-09-14 07:04:05
HPQQLa7Era0,https://www.youtube.com/watch?v=HPQQLa7Era0,ucknyotic61bk0usui1ixavg,으니픽,이제 왁뿌볼은 끝났다는 이것의 정체 #스트레스볼 #생활용품,5966,1,2026-09-11T11:22:03.000270+00:00,2026-09-11T23:10:02.319689+00:00,2026-09-16T05:10:03.000270+00:00,제품정체형,썰쇼핑,1300,2026-09-09 07:08:49
aOfOUlCBSXk,https://www.youtube.com/watch?v=aOfOUlCBSXk,ucejfwa2iezjwpd6ry2kq0xa,집좋아,기막힌 반전으로 떡상한 제품,5950,1,2026-08-27T10:52:02.680133+00:00,2026-09-04T23:10:02.346310+00:00,2026-09-10T08:10:02.680133+00:00,제품정체형,썰쇼핑,8360,2026-09-09 07:08:49
8ingXLEMAcg,https://www.youtube.com/watch?v=8ingXLEMAcg,ucsdfcfw-a0ks-7qsdxpbprw,쇼츠킹,배관 수리비 수십만 원 아껴주는 꿀템 정체,5923,1,2026-09-03T05:22:03.000270+00:00,2026-09-04T23:10:02.346310+00:00,2026-09-16T05:10:03.000270+00:00,제품정체형,썰쇼핑,72400,2026-09-09 02:35:38
6nmCT2q8G_g,https://www.youtube.com/watch?v=6nmCT2q8G_g,uc5rvoexd7qdesakzghws1mq,드라마짠,"소연에게 제대로 한방 맞은 해라, 결국 소연은 며느리로 은설을 선택했습니다. #욕망의덫 #드라마 #드라마추천 #드라마리뷰 #막장드라마 #가족드라마 #일일드라마",5883,1,2026-09-15T20:58:03.000270+00:00,2026-09-15T23:10:03.157352+00:00,2026-09-16T05:10:03.000270+00:00,기타,썰쇼핑,4340,2026-09-09 07:08:49
09E6mbGyT6U,https://www.youtube.com/watch?v=09E6mbGyT6U,ucgttnudyop52of_zrxv--aw,리빙픽템,낚시꾼들 눈 돌아간 아이디어 #낚시용품 #낚시용선글라스 #편광선글라스 #낚시용품추천 #낚시꿀템,5878,5,2026-09-01T09:04:02.238212+00:00,2026-09-04T23:10:02.346310+00:00,2026-09-15T05:10:02.238212+00:00,홈템,썰쇼핑,6760,2026-09-09 07:08:49
BgUrMQNnqtQ,https://www.youtube.com/watch?v=BgUrMQNnqtQ,ucxeyhz8xitvlxhdduxy6zca,리뷰남 ,전 세계 견주들이 기립박수 친 세계 최초 반려동물 스마트폰,5865,1,2026-09-10T07:28:03.000270+00:00,2026-09-10T08:10:02.680133+00:00,2026-09-16T05:10:03.000270+00:00,제품정체형,썰쇼핑,16100,2026-09-09 07:08:49
ETnQPX3HCVQ,https://www.youtube.com/watch?v=ETnQPX3HCVQ,ucwgtmho0tsuedduon1fmgrw,순간의픽,이케아도 감탄한 회전 트레이 사용법 #필수템 #이케아 #스누다 #회전 #트레이 #활용법 #수납 #아이디어 #테이블 #조명 #감성 #셀프인테리어 #인테리어,5859,1,2026-09-02T00:52:03.157352+00:00,2026-09-04T23:10:02.346310+00:00,2026-09-15T23:10:03.157352+00:00,오용형,썰쇼핑,580,2026-09-09 07:08:49
vr8WeLWa1sI,https://www.youtube.com/watch?v=vr8WeLWa1sI,ucxteg2lrkvxn8b7umce7qoq,딸기라떼,전세계 운전러들 목숨 구한다는 제품의 정체ㄷㄷ 운전 중 시선 강탈 방지! 차량용 도어 거치 가죽 컵홀더 ☕#차량용컵홀더 #도어거치대 #차량용품 #운전필수템,5824,4,2026-09-04T08:28:03.000270+00:00,2026-09-04T23:10:02.346310+00:00,2026-09-16T05:10:03.000270+00:00,제품정체형,썰쇼핑,5130,2026-09-09 07:08:49
rH2MHV-sEvk,https://www.youtube.com/watch?v=rH2MHV-sEvk,ucrbvn94qfocjbtkhepz7heg,전설의레전드,아무도 모르고 있었던역대급 주방 신박템 유튭,5814,3,2026-08-28T02:10:02.680133+00:00,2026-09-08T11:10:24.676804+00:00,2026-09-10T08:10:02.680133+00:00,홈템,썰쇼핑,10900,2026-09-09 07:08:49
fXBWSGnsB5I,https://www.youtube.com/watch?v=fXBWSGnsB5I,ucgeufnhdqws3ajiskctcjcq,포미픽,다이소가 감탄한 천재주부의 활용법,5803,0,2026-08-23T08:40:01.374377+00:00,2026-09-04T23:10:02.346310+00:00,2026-09-05T23:10:01.374377+00:00,오용형,썰쇼핑,3850,2026-09-09 07:08:49
EROiZCgE-3c,https://www.youtube.com/watch?v=EROiZCgE-3c,ucjbxdaaibb0uk1zdepjja6w,쇼핑천재,역발상으로 주부를 구원한 미국천재의 발명품,5801,1,2026-08-28T00:58:02.680133+00:00,2026-09-04T23:10:02.346310+00:00,2026-09-10T08:10:02.680133+00:00,제품정체형,썰쇼핑,40600,2026-09-09 07:08:49
0-zknxHO5Ao,https://www.youtube.com/watch?v=0-zknxHO5Ao,uc5-un3i3gbzmsce0wofciyq,꽈리 원픽,현빈 손예진 Pick! 정재형이 홀딱 반한 실용템의 정체#현빈#손예진#선물추천#꿀템,5771,0,2026-09-14T09:28:03.000270+00:00,2026-09-14T23:10:03.036703+00:00,2026-09-16T05:10:03.000270+00:00,제품정체형,썰쇼핑,10100,2026-09-09 07:08:49
PCg810PPAT0,https://www.youtube.com/watch?v=PCg810PPAT0,ucmbeuonh4nls9qryeeue_gg,쓸모있어,다이소도 당황한 천재 주부의 아이디어,5747,1,2026-09-06T09:58:03.000270+00:00,2026-09-08T11:10:24.676804+00:00,2026-09-16T05:10:03.000270+00:00,오용형,썰쇼핑,1240,2026-09-09 07:08:49
1lNxMNcjO_w,https://www.youtube.com/watch?v=1lNxMNcjO_w,ucvq26myeojatrmce0pm0qsq,먹킷리스트,카페에서 아무 생각 없이 충전하면 그대로 털립니다. 스마트폰 개인정보를 보호하는 설정과 꿀팁을 미리 알아 두세요!,5746,2,2026-09-05T09:58:03.000270+00:00,2026-09-09T23:10:01.358608+00:00,2026-09-16T05:10:03.000270+00:00,기타,썰쇼핑,89600,2026-09-09 07:08:49
P1YSwcYfF3w,https://www.youtube.com/watch?v=P1YSwcYfF3w,ucxteg2lrkvxn8b7umce7qoq,딸기라떼,코스트코도 놀란 스페인 감자칩의 비밀?? 조선지도가 그려진 스페인 수제 감자칩! 라아부엘라 니에베스 🥔#라아부엘라니에베스 #포테이토칩 #수제감자칩 #스페인감자칩 #감자칩추천,5736,3,2026-09-03T08:58:03.000270+00:00,2026-09-04T23:10:02.346310+00:00,2026-09-16T05:10:03.000270+00:00,제품정체형,썰쇼핑,5130,2026-09-09 07:08:49
YRa_t3jVOaA,https://www.youtube.com/watch?v=YRa_t3jVOaA,ucqnbrrb-zbu_7o5ksr27l6g,리치쇼핑,추석 기름지옥을 끝내버린 제품의 정체,5733,1,2026-09-07T07:58:03.000270+00:00,2026-09-07T23:10:02.851021+00:00,2026-09-16T05:10:03.000270+00:00,제품정체형,썰쇼핑,3050,2026-09-14 07:04:05
MGVT34JNlyU,https://www.youtube.com/watch?v=MGVT34JNlyU,uc0do9ivmcduowrrnlcg94hw,꿀템줍줍,현관에서 매번 쪼그려 앉아 신발 신으셨다면 이거 보세요👀(0312번),5720,3,2026-09-11T11:58:03.000270+00:00,2026-09-11T23:10:02.319689+00:00,2026-09-16T05:10:03.000270+00:00,기타,썰쇼핑,44400,2026-09-09 02:35:38
IL6vQ7Tn_jA,https://www.youtube.com/watch?v=IL6vQ7Tn_jA,ucwd-1tqabhd8nvczbjhdiwg,유용하데이,빨대중독자의 천재적인 아이디어,5689,1,2026-09-01T04:04:03.036703+00:00,2026-09-04T23:10:02.346310+00:00,2026-09-14T23:10:03.036703+00:00,제품정체형,썰쇼핑,56,2026-09-09 07:08:49
76vBVaJFelg,https://www.youtube.com/watch?v=76vBVaJFelg,ucsevfs9sqzl_tuzrqzsu1yq,쇼츠룸,이 스위치 대체 어디 숨었어#호텔국룰 #공감영상 #일상유머 #웃긴영상,5684,1,2026-09-08T10:58:03.000270+00:00,2026-09-14T23:10:03.036703+00:00,2026-09-16T05:10:03.000270+00:00,기타,썰쇼핑,1150,2026-09-14 07:04:05
znrC_I8jOLk,https://www.youtube.com/watch?v=znrC_I8jOLk,uccb3vyyx4jqhx5x6grrt_la,도토리에이드,집이 좁아서 열받은 천재가 개발한 제품?,5650,0,2026-09-02T08:58:03.000270+00:00,2026-09-14T23:10:03.036703+00:00,2026-09-16T05:10:03.000270+00:00,제품정체형,썰쇼핑,2090,2026-09-14 07:04:05
bqUGkKAYkYM,https://www.youtube.com/watch?v=bqUGkKAYkYM,ucyqinyt44mk8u06nlz5n2-g,갓성비스토리,심각하다는 롯데월드 요즘 근황?,5624,5,2026-09-04T02:52:03.000270+00:00,2026-09-08T12:30:44.178691+00:00,2026-09-16T05:10:03.000270+00:00,기타,썰쇼핑,10300,2026-09-09 07:08:49
YDU7Fdabj4g,https://www.youtube.com/watch?v=YDU7Fdabj4g,ucsbp41obff8fsjgcvxut6ga,또왔소,선수가 경기 중 춤추며 여유부렸던 이유,5617,0,2026-09-10T07:28:03.000270+00:00,2026-09-10T08:10:02.680133+00:00,2026-09-16T05:10:03.000270+00:00,기타,썰쇼핑,10700,2026-09-09 07:08:49
WJTZfKrHae4,https://www.youtube.com/watch?v=WJTZfKrHae4,uc963edydyw3xjtuisucdbww,인생굿즈,미국 스튜어디스가 만들어서 초대박난 아이템,5613,1,2026-09-10T08:34:03.000270+00:00,2026-09-11T02:10:02.367900+00:00,2026-09-16T05:10:03.000270+00:00,제품정체형,썰쇼핑,15600,2026-09-09 07:08:49
bogcbCgYHOY,https://www.youtube.com/watch?v=bogcbCgYHOY,uc59ltli8hmrkc1xbgfyutoa,대박살림,영혼까지 빨아들리는 한국 천재 발명품,5601,0,2026-08-29T08:28:02.660921+00:00,2026-09-08T11:10:24.676804+00:00,2026-09-12T05:10:02.660921+00:00,제품정체형,썰쇼핑,20600,2026-09-09 07:08:49
rDIfb_Jx1IM,https://www.youtube.com/watch?v=rDIfb_Jx1IM,ucfaekcmnuys14pviokatqrg,형님여기,불면과의 전쟁을 끝낸 미국 천재의 발명품,5589,2,2026-09-05T01:28:03.000270+00:00,2026-09-05T04:42:28.257041+00:00,2026-09-16T05:10:03.000270+00:00,기타,썰쇼핑,11300,2026-09-09 07:08:49
I_5BJA3uuQo,https://www.youtube.com/watch?v=I_5BJA3uuQo,ucynpgh7_qesow4pbljhmi2q,유머굿템,맛에 중독되어 계속 먹게 되는 색다른 감자칩,5588,2,2026-08-27T09:58:02.680133+00:00,2026-09-08T11:10:24.676804+00:00,2026-09-10T08:10:02.680133+00:00,레시피,썰쇼핑,17500,2026-09-09 07:08:49
mdJO_tvQCds,https://www.youtube.com/watch?v=mdJO_tvQCds,ucaz-w-vzcbiuqvjnkbvcung,김마마,신민아 숄더백,5576,0,2026-08-29T07:28:02.660921+00:00,2026-09-08T11:10:24.676804+00:00,2026-09-12T05:10:02.660921+00:00,기타,썰쇼핑,12900,2026-09-09 07:08:49
jjqX_lo0ghY,https://www.youtube.com/watch?v=jjqX_lo0ghY,ucwgtmho0tsuedduon1fmgrw,순간의픽,이케아 갓성비 가구를 찾으신다면 #필수템 #이케아 #트로네스 #가성비 #수납장 #수납 #살림 #아이디어 #공간활용 #감성 #셀프인테리어 #인테리어,5560,3,2026-08-27T09:28:02.680133+00:00,2026-09-04T23:10:02.346310+00:00,2026-09-10T08:10:02.680133+00:00,홈템,썰쇼핑,580,2026-09-09 07:08:49
qD2hOzEJJwY,https://www.youtube.com/watch?v=qD2hOzEJJwY,uctxuvpifjihgl8c8mfzqmoa,나를 위한 발견,디자이너가 이어폰을 접어버린 이유,5559,2,2026-08-29T00:58:02.319689+00:00,2026-09-04T23:10:02.346310+00:00,2026-09-11T23:10:02.319689+00:00,기타,썰쇼핑,32,2026-09-14 07:04:05
3RsaTYC5g8Q,https://www.youtube.com/watch?v=3RsaTYC5g8Q,uclfbmumxshw-8ylwcgp-w3w,Gcar지카,99%가 합성이라고 확신한 미친 예초 기술 (소름 주의) ㄷㄷ,5556,0,2026-09-01T08:28:02.238212+00:00,2026-09-04T23:10:02.346310+00:00,2026-09-15T05:10:02.238212+00:00,기타,썰쇼핑,75100,2026-09-09 02:35:38
EmWmSjJ_gQY,https://www.youtube.com/watch?v=EmWmSjJ_gQY,ucacjyzv8sszopdmi_punhyw,느좋스냅,이탈리아쉐프 뒷목잡고 경악한 플라스틱통 #유머 #생활용품,5531,0,2026-08-25T22:00:44.178691+00:00,2026-09-08T11:10:24.676804+00:00,2026-09-08T12:30:44.178691+00:00,홈템,썰쇼핑,42300,2026-09-09 07:08:49
WseQ_hH_euI,https://www.youtube.com/watch?v=WseQ_hH_euI,ucbx5cgjqdhqxdk4fn6ltj3g,찐리뷰 클라쓰,좁은 주방에 딱! 이케아 걸어 쓰는 휴지통,5509,1,2026-08-31T09:16:02.569334+00:00,2026-09-08T11:10:24.676804+00:00,2026-09-14T05:10:02.569334+00:00,홈템,썰쇼핑,23700,2026-09-09 07:08:49
gZDITbMuoKU,https://www.youtube.com/watch?v=gZDITbMuoKU,ucxr-td74un9tpuvlbq3ebxw,상상세계,각 분야 1등 세명이 모여 만든 과자,5509,0,2026-08-29T12:46:02.660921+00:00,2026-09-08T12:30:44.178691+00:00,2026-09-12T05:10:02.660921+00:00,기타,썰쇼핑,1410,2026-09-09 07:08:49
nxzuXxSAfTg,https://www.youtube.com/watch?v=nxzuXxSAfTg,uchf6vudwbonfotjr4oox3qw,생활용품 연구소,무인양품에서 품절 대란 난 필수템,5507,3,2026-09-12T02:46:03.000270+00:00,2026-09-12T05:10:02.660921+00:00,2026-09-16T05:10:03.000270+00:00,홈템,썰쇼핑,20700,2026-08-19 05:56:25
DKBF_1gyeIk,https://www.youtube.com/watch?v=DKBF_1gyeIk,uc6cd2qevvm23b0xojjho50q,썰쇼템,이케아도 감탄한 뜻밖의 활용법,5490,1,2026-09-10T02:58:03.000270+00:00,2026-09-10T08:10:02.680133+00:00,2026-09-16T05:10:03.000270+00:00,오용형,썰쇼핑,13700,2026-09-09 07:08:49
fPFEcGZXZMQ,https://www.youtube.com/watch?v=fPFEcGZXZMQ,ucmerd4mbsquuixhfb8rtjla,정리왕,정리왕이 알려주는 코스트코 리빙템 #정리왕,5490,2,2026-09-10T07:58:03.000270+00:00,2026-09-10T08:10:02.680133+00:00,2026-09-16T05:10:03.000270+00:00,홈템,썰쇼핑,421000,2026-09-09 07:08:49
-yl3eQP8faA,https://www.youtube.com/watch?v=-yl3eQP8faA,uca1sbg9pja6ilneecrbsrlq,별걸다봄,강남 8학군 오답노트의 비밀,5480,1,2026-08-28T09:04:02.666924+00:00,2026-09-04T23:10:02.346310+00:00,2026-09-11T05:10:02.666924+00:00,제품정체형,썰쇼핑,17700,2026-09-09 07:08:49
LFtv5VFz_VY,https://www.youtube.com/watch?v=LFtv5VFz_VY,uc4iyryt1y1d5_cdjaocsk6q,설렘픽,다이소 가면 무조건 집어오세요! 선반 바구니 활용법,5476,2,2026-09-13T10:40:03.000270+00:00,2026-09-13T23:10:02.300105+00:00,2026-09-16T05:10:03.000270+00:00,제품정체형,썰쇼핑,2580,2026-09-09 07:08:49
IQxUs4jKZaM,https://www.youtube.com/watch?v=IQxUs4jKZaM,ucjh0lkgxay9d_hvefiajuwg,와우냥,다이소 덕후들도 놀란 천재의 틈새 활용?,5470,1,2026-08-31T12:58:02.569334+00:00,2026-09-04T23:10:02.346310+00:00,2026-09-14T05:10:02.569334+00:00,제품정체형,썰쇼핑,1340,2026-09-09 07:08:49
st2-OdBIKrw,https://www.youtube.com/watch?v=st2-OdBIKrw,ucyqinyt44mk8u06nlz5n2-g,갓성비스토리,본점 빡치게해버린 프랜차이즈?,5462,1,2026-09-02T12:34:03.000270+00:00,2026-09-08T12:30:44.178691+00:00,2026-09-16T05:10:03.000270+00:00,기타,썰쇼핑,10300,2026-09-09 07:08:49
r5P0ontSvN0,https://www.youtube.com/watch?v=r5P0ontSvN0,uctd1t12z1qtvalhdd728tsg,우디홈템,이케아 가면 이건 무조건 담으세요,5435,2,2026-09-02T22:28:03.000270+00:00,2026-09-04T23:10:02.346310+00:00,2026-09-16T05:10:03.000270+00:00,기타,썰쇼핑,3700,2026-09-09 07:08:49
SRDpdMQ7S7g,https://www.youtube.com/watch?v=SRDpdMQ7S7g,ucsdfcfw-a0ks-7qsdxpbprw,쇼츠킹,동전을 가지런히 쌓은 줄 알았다! 소름 돋는 용접 장인의 예술적인 손길,5433,0,2026-09-10T06:28:03.000270+00:00,2026-09-10T08:10:02.680133+00:00,2026-09-16T05:10:03.000270+00:00,제품정체형,썰쇼핑,72400,2026-09-09 02:35:38
3Exps5s5WqU,https://www.youtube.com/watch?v=3Exps5s5WqU,uc9xfth7mqhbdlju9qzpxiha,쿨냥냥,중국이 폴더블 이겼다더니 삼성 신형에 두 달 품절,5414,4,2026-09-05T04:16:03.000270+00:00,2026-09-08T12:30:44.178691+00:00,2026-09-16T05:10:03.000270+00:00,기타,썰쇼핑,5630,2026-09-09 07:08:49
fBK8Iq78YfU,https://www.youtube.com/watch?v=fBK8Iq78YfU,ucyqinyt44mk8u06nlz5n2-g,갓성비스토리,한국인들이 기강잡아버린 햄통조림,5408,7,2026-09-12T03:40:03.000270+00:00,2026-09-12T05:10:02.660921+00:00,2026-09-16T05:10:03.000270+00:00,레시피,썰쇼핑,10300,2026-09-09 07:08:49
6mmw4t2hUoQ,https://www.youtube.com/watch?v=6mmw4t2hUoQ,uco2z7vorocd2wu8uxl8wgew,럭키박스,벽에 낙서해도 되는 사인펜의 정체,5402,0,2026-08-30T12:22:02.819135+00:00,2026-09-04T23:10:02.346310+00:00,2026-09-13T05:10:02.819135+00:00,제품정체형,썰쇼핑,2340,2026-09-09 07:08:49
74P2xSrJ-G8,https://www.youtube.com/watch?v=74P2xSrJ-G8,ucu-hzvlc1tvab1lrp0cejtg,속으로만,케이블타이 박살내버린 한 천재의 발명품,5381,0,2026-08-31T19:52:02.569334+00:00,2026-09-13T05:10:02.819135+00:00,2026-09-14T05:10:02.569334+00:00,제품정체형,썰쇼핑,0,2026-08-19 05:56:25
fK_9sIJ4kew,https://www.youtube.com/watch?v=fK_9sIJ4kew,ucjcbuxcvr7fojmnvzw3haua,상자쿤,손은 놓아도 이 장면은 남습니다,5378,0,2026-09-12T09:46:03.000270+00:00,2026-09-12T23:10:03.131380+00:00,2026-09-16T05:10:03.000270+00:00,기타,썰쇼핑,5860,2026-09-09 07:08:49
xGhrMefZd94,https://www.youtube.com/watch?v=xGhrMefZd94,ucvfde0jxxr9xgjru-wijthw,사길잘했다,문구 덕후들 환장하게 만든 노트,5378,2,2026-09-12T06:22:03.000270+00:00,2026-09-12T23:10:03.131380+00:00,2026-09-16T05:10:03.000270+00:00,기타,썰쇼핑,1960,2026-09-09 07:08:49
ZypdbEfMPlQ,https://www.youtube.com/watch?v=ZypdbEfMPlQ,ucsdfcfw-a0ks-7qsdxpbprw,쇼츠킹,"눈송이처럼 쏟아지는 단열재, 십 년 묵은 체증이 싹 내려가는 벽면 시공",5367,1,2026-09-15T14:28:03.000270+00:00,2026-09-15T23:10:03.157352+00:00,2026-09-16T05:10:03.000270+00:00,장비템,썰쇼핑,72400,2026-09-09 02:35:38
nn8zepU_Tzw,https://www.youtube.com/watch?v=nn8zepU_Tzw,ucqrltjou9wttstlwiem2lma,왜 팔릴까,차키를 납작하게 만든 천재발명품,5359,1,2026-09-15T10:10:03.000270+00:00,2026-09-15T23:10:03.157352+00:00,2026-09-16T05:10:03.000270+00:00,제품정체형,썰쇼핑,1720,2026-09-09 07:08:49
3CTWYdMvaDw,https://www.youtube.com/watch?v=3CTWYdMvaDw,ucwx424nckxuyae44qqqltca,쇼핑하는 김반장,해외서 난리 난 장조림 닭죽까지 뚝딱 만드는 주방 꿀템,5359,0,2026-09-12T10:46:03.000270+00:00,2026-09-14T23:10:03.036703+00:00,2026-09-16T05:10:03.000270+00:00,홈템,썰쇼핑,641,2026-09-14 07:04:05
QkaUOVcZMnM,https://www.youtube.com/watch?v=QkaUOVcZMnM,ucgeufnhdqws3ajiskctcjcq,포미픽,일본 천재가 만든 대박난 제품 정체,5358,0,2026-08-29T09:16:02.666924+00:00,2026-09-04T23:10:02.346310+00:00,2026-09-11T05:10:02.666924+00:00,제품정체형,썰쇼핑,3850,2026-09-09 07:08:49
y4Wa0m7nInc,https://www.youtube.com/watch?v=y4Wa0m7nInc,ucmeifnqi1f99moxyzgcrp2q,발견상자,게으른 사람이 세상을 바꾼다는 증거,5345,2,2026-09-12T10:28:03.000270+00:00,2026-09-12T23:10:03.131380+00:00,2026-09-16T05:10:03.000270+00:00,기타,썰쇼핑,1080,2026-09-09 07:08:49
1g2WNoQi4xM,https://www.youtube.com/watch?v=1g2WNoQi4xM,ucxcciz79o9dlgy5jwigkt5q,꿀꿀꿀팁,카자흐스탄 미대생 과제가 에어팟 유저들을 놀라게한 이유,5345,2,2026-08-25T08:58:02.851021+00:00,2026-09-04T23:10:02.346310+00:00,2026-09-07T23:10:02.851021+00:00,기타,썰쇼핑,583,2026-09-09 07:08:49
KMcDa6gMONc,https://www.youtube.com/watch?v=KMcDa6gMONc,ucjcbuxcvr7fojmnvzw3haua,상자쿤,현직 바텐더도 감탄한.... 의문의 물건ㄷㄷㄷ,5341,1,2026-09-03T09:46:03.000270+00:00,2026-09-08T11:10:24.676804+00:00,2026-09-16T05:10:03.000270+00:00,기타,썰쇼핑,5860,2026-09-09 07:08:49
zN9RtZ15Y8k,https://www.youtube.com/watch?v=zN9RtZ15Y8k,ucbx5cgjqdhqxdk4fn6ltj3g,찐리뷰 클라쓰,"이케아 하우가 서랍장, 써보면 더 반할걸요🤍",5320,1,2026-09-03T08:58:03.000270+00:00,2026-09-08T11:10:24.676804+00:00,2026-09-16T05:10:03.000270+00:00,기타,썰쇼핑,23700,2026-09-09 07:08:49
dVdkm99vU0I,https://www.youtube.com/watch?v=dVdkm99vU0I,ucvaa_y8pn-ahgsjoqet6h9a,랜더쇼츠,상자에서 혼자 걸어 나온 휴머노이드의 정체 #지식,5309,0,2026-09-03T02:22:03.000270+00:00,2026-09-14T23:10:03.036703+00:00,2026-09-16T05:10:03.000270+00:00,제품정체형,썰쇼핑,1490,2026-09-14 07:04:05
MZuIN7zfoEc,https://www.youtube.com/watch?v=MZuIN7zfoEc,uctxuvpifjihgl8c8mfzqmoa,나를 위한 발견,드립커피 시장 씹어먹은 돌덩이,5305,2,2026-08-25T23:16:01.332600+00:00,2026-09-04T23:10:02.346310+00:00,2026-09-08T23:10:01.332600+00:00,기타,썰쇼핑,32,2026-09-14 07:04:05
qj5coA9A-u4,https://www.youtube.com/watch?v=qj5coA9A-u4,ucgeufnhdqws3ajiskctcjcq,포미픽,제조사도 감탄한 천재의 활용법,5304,1,2026-08-24T08:46:01.282766+00:00,2026-09-04T23:10:02.346310+00:00,2026-09-06T23:10:01.282766+00:00,오용형,썰쇼핑,3850,2026-09-09 07:08:49
FoqYIgMNDU4,https://www.youtube.com/watch?v=FoqYIgMNDU4,ucxr-td74un9tpuvlbq3ebxw,상상세계,개발자도 예상 못한 신박한 사용법,5287,0,2026-08-26T08:46:02.542305+00:00,2026-09-08T12:30:44.178691+00:00,2026-09-09T05:10:02.542305+00:00,오용형,썰쇼핑,1410,2026-09-09 07:08:49
Eh5eg4yD8Ps,https://www.youtube.com/watch?v=Eh5eg4yD8Ps,ucsbp41obff8fsjgcvxut6ga,또왔소,현지인도 이해 안간다는 상황,5269,0,2026-08-31T07:22:02.569334+00:00,2026-09-04T23:10:02.346310+00:00,2026-09-14T05:10:02.569334+00:00,기타,썰쇼핑,10700,2026-09-09 07:08:49
iJMfY9cyoFw,https://www.youtube.com/watch?v=iJMfY9cyoFw,ucjh0lkgxay9d_hvefiajuwg,와우냥,바삭충들 눈물나게 하는 텀블러 ㄷㄷ,5265,3,2026-09-12T13:46:03.000270+00:00,2026-09-12T23:10:03.131380+00:00,2026-09-16T05:10:03.000270+00:00,기타,썰쇼핑,1340,2026-09-09 07:08:49
McO3rI8KA10,https://www.youtube.com/watch?v=McO3rI8KA10,ucefyc4mx2p-4htfokzo3zug,토란토란,논문 심사철만 되면 디저트 전문점 불티나는 이유?!,5262,5,2026-09-06T10:46:03.000270+00:00,2026-09-06T23:10:01.282766+00:00,2026-09-16T05:10:03.000270+00:00,레시피,썰쇼핑,3530,2026-09-09 07:08:49
XbqnBhPv03A,https://www.youtube.com/watch?v=XbqnBhPv03A,uco5envmkrcuynv6jubsd_7g,긍정템,소재 하나로 떼돈번 일본 천재 발멍품,5260,2,2026-08-27T05:28:01.358608+00:00,2026-09-04T23:10:02.346310+00:00,2026-09-09T23:10:01.358608+00:00,제품정체형,썰쇼핑,3660,2026-09-09 07:08:49
s_3fpVjOIT8,https://www.youtube.com/watch?v=s_3fpVjOIT8,ucofzzqsp2bgezadzblfpi4q,헤븐쇼핑,호텔 청소팀이 숨겨놓고 쓴다는 거품 정체,5240,3,2026-09-14T00:16:03.000270+00:00,2026-09-14T05:10:02.569334+00:00,2026-09-16T05:10:03.000270+00:00,제품정체형,썰쇼핑,1020,2026-09-09 07:08:49
1eFWYtBZEhU,https://www.youtube.com/watch?v=1eFWYtBZEhU,uci7bltdlfsal3bodxjkalqw,수미네집,살림고수가 쓸어담는 이케아 숨은 꿀템,5231,1,2026-09-12T14:22:03.000270+00:00,2026-09-12T23:10:03.131380+00:00,2026-09-16T05:10:03.000270+00:00,홈템,썰쇼핑,6030,2026-09-09 07:08:49
WCcYsxpsC9c,https://www.youtube.com/watch?v=WCcYsxpsC9c,ucqrltjou9wttstlwiem2lma,왜 팔릴까,3초만에 영화관 만들어 떼돈번 정체,5231,3,2026-08-26T11:58:02.542305+00:00,2026-09-04T23:10:02.346310+00:00,2026-09-09T05:10:02.542305+00:00,제품정체형,썰쇼핑,1720,2026-09-09 07:08:49
5YPS0CSFXKg,https://www.youtube.com/watch?v=5YPS0CSFXKg,ucipqot8sknih3msbu2b7ahw,트렌드헌터,뜬금없는 기능을 추가해 대박 난 핸드폰 케이스의 정체,5226,1,2026-09-12T07:34:03.000270+00:00,2026-09-14T23:10:03.036703+00:00,2026-09-16T05:10:03.000270+00:00,제품정체형,썰쇼핑,1350,2026-09-14 07:04:05
UxZ6nRxISZA,https://www.youtube.com/watch?v=UxZ6nRxISZA,ucl12scb2y7j-kx0_ghaf-xq,썰풀다,빅토리아 베컴도 카드 지갑 대신 쓴다는 미친 실물템#카드지갑추천 #빈티지감성 #패션아이템 #레트로,5219,3,2026-09-04T23:58:03.000270+00:00,2026-09-05T04:42:28.257041+00:00,2026-09-16T05:10:03.000270+00:00,기타,썰쇼핑,0,2026-08-19 05:56:25
bsPswl_zFnA,https://www.youtube.com/watch?v=bsPswl_zFnA,ucpedjalkfwwr4d2xelfykoa,숏딜,포르쉐도 놀랄 미국 천재 발명품,5194,2,2026-09-05T23:40:03.000270+00:00,2026-09-14T23:10:03.036703+00:00,2026-09-16T05:10:03.000270+00:00,제품정체형,썰쇼핑,15200,2026-09-14 07:04:05
DfJtA7Ab04w,https://www.youtube.com/watch?v=DfJtA7Ab04w,ucbx5cgjqdhqxdk4fn6ltj3g,찐리뷰 클라쓰,좁은 집에 딱! 하나로 2가지 활용하는 이케아 올세뢰드 테이블,5193,2,2026-09-05T09:58:03.000270+00:00,2026-09-08T11:10:24.676804+00:00,2026-09-16T05:10:03.000270+00:00,기타,썰쇼핑,23700,2026-09-09 07:08:49
ktIO6eJnSfM,https://www.youtube.com/watch?v=ktIO6eJnSfM,ucvaa_y8pn-ahgsjoqet6h9a,랜더쇼츠,42g 로봇 새가 공장을 날아다니는 이유 #비행기 #지식,5178,0,2026-09-02T06:16:03.000270+00:00,2026-09-14T23:10:03.036703+00:00,2026-09-16T05:10:03.000270+00:00,기타,썰쇼핑,1490,2026-09-14 07:04:05
msDHnzfiGpA,https://www.youtube.com/watch?v=msDHnzfiGpA,ucynpgh7_qesow4pbljhmi2q,유머굿템,천재의 아이디어를 가져온 한국의 인기 제품의 정체,5175,0,2026-09-13T09:58:03.000270+00:00,2026-09-13T23:10:02.300105+00:00,2026-09-16T05:10:03.000270+00:00,제품정체형,썰쇼핑,17500,2026-09-09 07:08:49
72c4ZJncB0Y,https://www.youtube.com/watch?v=72c4ZJncB0Y,uc5gvjoaf9cwonmlvji_bfmq,이거하나,다이소 덕후들의 미친 활용법,5173,0,2026-09-04T08:28:03.000270+00:00,2026-09-14T23:10:03.036703+00:00,2026-09-16T05:10:03.000270+00:00,오용형,썰쇼핑,1270,2026-09-14 07:04:05
nHykgS1jdU8,https://www.youtube.com/watch?v=nHykgS1jdU8,ucapo3ngjjmjssseardb1bpw,샤샤홈,제조사도 예상 못한 한국 주부의 활용법,5150,1,2026-09-01T12:28:02.238212+00:00,2026-09-08T12:30:44.178691+00:00,2026-09-15T05:10:02.238212+00:00,오용형,썰쇼핑,961,2026-09-09 07:08:49
zWNZZYFTx28,https://www.youtube.com/watch?v=zWNZZYFTx28,ucsbp41obff8fsjgcvxut6ga,또왔소,드라이브 스루갔다가 현실감각 잃어버린 이유,5121,0,2026-08-24T00:40:01.282766+00:00,2026-09-04T23:10:02.346310+00:00,2026-09-06T23:10:01.282766+00:00,기타,썰쇼핑,10700,2026-09-09 07:08:49
v2koXyxe1Do,https://www.youtube.com/watch?v=v2koXyxe1Do,ucqnbrrb-zbu_7o5ksr27l6g,리치쇼핑,구슬멍에 중독시켜버린 천재의 발명품,5120,1,2026-09-02T07:58:03.000270+00:00,2026-09-04T23:10:02.346310+00:00,2026-09-16T05:10:03.000270+00:00,제품정체형,썰쇼핑,3050,2026-09-14 07:04:05
1oMr2gnphqo,https://www.youtube.com/watch?v=1oMr2gnphqo,uckec0idwzpe-sam6su0ztcg,실링홈,"냉동실 다진 고기, 1분 만에 깔끔하게 소분하기 #살림꿀팁 #주부꿀템 #냉동보관",5115,0,2026-08-30T05:16:02.819135+00:00,2026-09-04T23:10:02.346310+00:00,2026-09-13T05:10:02.819135+00:00,홈템,썰쇼핑,0,2026-08-19 05:56:25
sYFsmFP1ar0,https://www.youtube.com/watch?v=sYFsmFP1ar0,ucefyc4mx2p-4htfokzo3zug,토란토란,평생 노트 살 돈 0원으로 만드는 미친 노트,5101,1,2026-08-29T02:40:02.319689+00:00,2026-09-04T23:10:02.346310+00:00,2026-09-11T23:10:02.319689+00:00,기타,썰쇼핑,3530,2026-09-09 07:08:49
KtJB9qaoazU,https://www.youtube.com/watch?v=KtJB9qaoazU,ucrbvn94qfocjbtkhepz7heg,전설의레전드,제주도 여행 갈때 무조건 해야한다는 필수템,5098,1,2026-09-07T01:52:03.000270+00:00,2026-09-08T11:10:24.676804+00:00,2026-09-16T05:10:03.000270+00:00,기타,썰쇼핑,10900,2026-09-09 07:08:49
hIGwRGwow8M,https://www.youtube.com/watch?v=hIGwRGwow8M,uc7-zana-q91i52ma1ufhghg,달래샵,😱인테리어 사장님 오열하게 만든 역대급 파티션?! 집 평수가 2배 넓어지는 마법✨,5096,5,2026-09-01T09:58:02.238212+00:00,2026-09-04T23:10:02.346310+00:00,2026-09-15T05:10:02.238212+00:00,홈템,썰쇼핑,6910,2026-09-09 07:08:49
W2dFDT8lOhM,https://www.youtube.com/watch?v=W2dFDT8lOhM,ucjbxdaaibb0uk1zdepjja6w,쇼핑천재,버릴뻔한 신발 이거 하나로 심폐소생,5095,1,2026-09-14T00:58:03.000270+00:00,2026-09-14T05:10:02.569334+00:00,2026-09-16T05:10:03.000270+00:00,제품정체형,썰쇼핑,40600,2026-09-09 07:08:49
00WhNNAWIfw,https://www.youtube.com/watch?v=00WhNNAWIfw,ucl12scb2y7j-kx0_ghaf-xq,썰풀다,갤럭시워치 대신 핏3 사는 사람이 있는 이유#갤럭시핏3 #갤럭시핏 #갤럭시워치,5095,4,2026-09-12T04:22:03.000270+00:00,2026-09-12T05:10:02.660921+00:00,2026-09-16T05:10:03.000270+00:00,기타,썰쇼핑,0,2026-08-19 05:56:25
pdfH_v_ykwE,https://www.youtube.com/watch?v=pdfH_v_ykwE,uct_k9uncg3axxb8ujj9f2_g,속닥마켓,"비요뜨 초코링 시카 초코룹스, 따로 안 파는 진짜 이유",5064,3,2026-09-03T08:58:03.000270+00:00,2026-09-08T11:10:24.676804+00:00,2026-09-16T05:10:03.000270+00:00,기타,썰쇼핑,82,2026-09-09 07:08:49
8ASff5cwkks,https://www.youtube.com/watch?v=8ASff5cwkks,uc9cpf1vjxwkndwy1jvvdzvw,쇼핑남자,천재가 발명한 그물형 깁스,5057,1,2026-09-14T05:28:03.000270+00:00,2026-09-14T23:10:03.036703+00:00,2026-09-16T05:10:03.000270+00:00,제품정체형,썰쇼핑,6370,2026-09-09 07:08:49
RKV_TC9ShoA,https://www.youtube.com/watch?v=RKV_TC9ShoA,uckkeqaxjmev8w7gd4h5kcaw,홈스터,우리집 스마트 싱크대,5051,2,2026-08-23T15:58:01.374377+00:00,2026-09-04T23:10:02.346310+00:00,2026-09-05T23:10:01.374377+00:00,기타,썰쇼핑,0,2026-08-19 05:56:25
mVkjAlJyPVo,https://www.youtube.com/watch?v=mVkjAlJyPVo,ucapo3ngjjmjssseardb1bpw,샤샤홈,10년만에 일본에서 유행하는 홈쇼핑 인기 제품,5025,0,2026-08-29T10:28:02.660921+00:00,2026-09-08T12:30:44.178691+00:00,2026-09-12T05:10:02.660921+00:00,기타,썰쇼핑,961,2026-09-09 07:08:49
DRJ6XQKxoxI,https://www.youtube.com/watch?v=DRJ6XQKxoxI,ucwomfgpbfxbehvdxb9j7rsa,살림템바이,이케아 고수들의 천재적인 활용법 |홈카페|이케아 활용법,5001,0,2026-09-03T08:58:03.000270+00:00,2026-09-04T23:10:02.346310+00:00,2026-09-16T05:10:03.000270+00:00,제품정체형,썰쇼핑,1090,2026-09-09 07:08:49
u0-BHEBxdqM,https://www.youtube.com/watch?v=u0-BHEBxdqM,ucu-hzvlc1tvab1lrp0cejtg,Retro log,할인해서 1만원대에 산 게임기인데,4999,0,,2026-09-04T23:10:02.346310+00:00,2026-09-05T04:42:28.257041+00:00,기타,썰쇼핑,0,2026-08-19 05:56:25
tWt4gvc6cFo,https://www.youtube.com/watch?v=tWt4gvc6cFo,uc59ltli8hmrkc1xbgfyutoa,대박살림,제조사도 예상 못한 대박 난 제품,4990,0,2026-09-11T08:58:03.000270+00:00,2026-09-11T23:10:02.319689+00:00,2026-09-16T05:10:03.000270+00:00,제품정체형,썰쇼핑,20600,2026-09-09 07:08:49
5noyH6aZ1vo,https://www.youtube.com/watch?v=5noyH6aZ1vo,uch6fp7bvc_9bnnfulqfmasw,이거다시바,이케아도 감탄한 나무상자 아이디어 #꿀템 #필수템 #이케아 #크나글리그 #나무 #상자 #수납 #활용법 #화분 #아이디어 #감성 #셀프인테리어 #인테리어,4989,1,2026-09-09T00:16:03.000270+00:00,2026-09-09T04:37:54.503187+00:00,2026-09-16T05:10:03.000270+00:00,오용형,썰쇼핑,0,2026-08-19 05:56:25
eGqDclDV6pM,https://www.youtube.com/watch?v=eGqDclDV6pM,ucxirsjqetzz4ml6lc-uu5tq,이런호기심,서랍을 세게 닫아도 '쾅' 소리가 나지 않는 진짜 이유! 🤫,4981,0,2026-09-12T01:58:03.000270+00:00,2026-09-14T23:10:03.036703+00:00,2026-09-16T05:10:03.000270+00:00,기타,썰쇼핑,14400,2026-09-14 07:04:05
FV9dCqwrebU,https://www.youtube.com/watch?v=FV9dCqwrebU,ucacjyzv8sszopdmi_punhyw,느좋스냅,일본인만 박스째 먹고있는 미친 한국라면 #짧은영상 #각종유머,4965,0,2026-09-06T13:40:03.000270+00:00,2026-09-08T11:10:24.676804+00:00,2026-09-16T05:10:03.000270+00:00,기타,썰쇼핑,42300,2026-09-09 07:08:49
0YqjSDC7yXc,https://www.youtube.com/watch?v=0YqjSDC7yXc,uca1sbg9pja6ilneecrbsrlq,별걸다봄,코노 매출 박살낸 마이크의 정체ㄷㄷ,4956,1,2026-08-23T00:28:01.374377+00:00,2026-09-04T23:10:02.346310+00:00,2026-09-05T23:10:01.374377+00:00,제품정체형,썰쇼핑,17700,2026-09-09 07:08:49
wGdcINd9SVc,https://www.youtube.com/watch?v=wGdcINd9SVc,ucsbp41obff8fsjgcvxut6ga,또왔소,4천만장 카드 수집 끝판왕의 실력,4947,0,2026-09-06T23:34:03.000270+00:00,2026-09-07T23:10:02.851021+00:00,2026-09-16T05:10:03.000270+00:00,기타,썰쇼핑,10700,2026-09-09 07:08:49
689lpWTXWCY,https://www.youtube.com/watch?v=689lpWTXWCY,uc5gvjoaf9cwonmlvji_bfmq,이거하나,다이소도 당황한 천재 주부의 활용법,4946,0,2026-09-03T15:10:03.000270+00:00,2026-09-14T23:10:03.036703+00:00,2026-09-16T05:10:03.000270+00:00,오용형,썰쇼핑,1270,2026-09-14 07:04:05
MNosUqzEGzg,https://www.youtube.com/watch?v=MNosUqzEGzg,uca1sbg9pja6ilneecrbsrlq,별걸다봄,제조사도 예상 못한 천재 주부의 활용법,4941,1,2026-08-25T08:52:02.851021+00:00,2026-09-04T23:10:02.346310+00:00,2026-09-07T23:10:02.851021+00:00,제품정체형,썰쇼핑,17700,2026-09-09 07:08:49
xXnNOozZt_E,https://www.youtube.com/watch?v=xXnNOozZt_E,uctd1t12z1qtvalhdd728tsg,우디홈템,투명 창문 때문에 사생활이 신경 쓰인다면?,4933,1,2026-09-08T22:58:03.000270+00:00,2026-09-08T23:10:01.332600+00:00,2026-09-16T05:10:03.000270+00:00,기타,썰쇼핑,3700,2026-09-09 07:08:49
IPxk1sLKJhs,https://www.youtube.com/watch?v=IPxk1sLKJhs,uctd1t12z1qtvalhdd728tsg,우디홈템,이제 손빨래 절대 하지 마세요,4932,2,2026-08-31T22:58:02.569334+00:00,2026-09-04T23:10:02.346310+00:00,2026-09-14T05:10:02.569334+00:00,기타,썰쇼핑,3700,2026-09-09 07:08:49
iqlhWJAmL3k,https://www.youtube.com/watch?v=iqlhWJAmL3k,uc-eolknnfvatrgueslppaow,필수 픽!,좁은 주방 수납 200% 넓게 쓰는 꿀템 #쿠팡꿀템 #생활추천템 #다이소꿀템,4918,2,2026-09-05T10:42:44.178691+00:00,2026-09-08T12:30:44.178691+00:00,2026-09-08T12:30:44.178691+00:00,홈템,썰쇼핑,13200,2026-09-09 02:35:38
h9VbEd993Xo,https://www.youtube.com/watch?v=h9VbEd993Xo,ucjcbuxcvr7fojmnvzw3haua,상자쿤,해외 지하철에서 난리난 역대급 스마트폰 정체.,4911,1,2026-09-02T09:46:03.000270+00:00,2026-09-08T11:10:24.676804+00:00,2026-09-16T05:10:03.000270+00:00,제품정체형,썰쇼핑,5860,2026-09-09 07:08:49
pgqUY08n8Iw,https://www.youtube.com/watch?v=pgqUY08n8Iw,uckav5c_xgwtehpyk3i-zcfg,오늘꿀템,다이소에도 없는 신박한 쿠커 활용법,4898,2,2026-08-26T08:28:02.542305+00:00,2026-09-04T23:10:02.346310+00:00,2026-09-09T05:10:02.542305+00:00,제품정체형,썰쇼핑,1380,2026-09-09 07:08:49
rb_5E3BNZ-0,https://www.youtube.com/watch?v=rb_5E3BNZ-0,ucnjzp1yaah_e7hun6_uiduq,세꿀상점,강아지가 키우는 돼지의 정체,4893,0,2026-09-11T03:10:03.000270+00:00,2026-09-14T23:10:03.036703+00:00,2026-09-16T05:10:03.000270+00:00,제품정체형,썰쇼핑,10,2026-09-14 07:04:05
6QETisc2v2A,https://www.youtube.com/watch?v=6QETisc2v2A,ucmbeuonh4nls9qryeeue_gg,쓸모있어,다이소 BEST 😄😄,4888,1,2026-09-07T00:58:03.000270+00:00,2026-09-08T11:10:24.676804+00:00,2026-09-16T05:10:03.000270+00:00,홈템,썰쇼핑,1240,2026-09-09 07:08:49
iWeEXvRTnsk,https://www.youtube.com/watch?v=iWeEXvRTnsk,ucsiilkcktabwbsotgdjddoa,이왜템,미술 전공하는 조카가 알려준 3초 미술놀이 🎨✨ #미술 #미술놀이 #꿀템,4886,15,2026-08-28T02:58:02.367900+00:00,2026-09-04T23:10:02.346310+00:00,2026-09-11T02:10:02.367900+00:00,홈템,썰쇼핑,1080,2026-09-09 07:08:49
0Rwd3xOfF1A,https://www.youtube.com/watch?v=0Rwd3xOfF1A,uco5envmkrcuynv6jubsd_7g,긍정템,다이소에는 절대 없는 주방 채칼,4863,1,2026-09-02T07:10:02.319689+00:00,2026-09-04T23:10:02.346310+00:00,2026-09-11T23:10:02.319689+00:00,홈템,썰쇼핑,3660,2026-09-09 07:08:49
Ulg-mJaNuEw,https://www.youtube.com/watch?v=Ulg-mJaNuEw,uc7-zana-q91i52ma1ufhghg,달래샵,전교 1등들이 노트에 몰래 붙이던 ‘기적의 스티커’ 정체?! 🤫🔥,4853,3,2026-09-07T09:58:03.000270+00:00,2026-09-07T23:10:02.851021+00:00,2026-09-16T05:10:03.000270+00:00,제품정체형,썰쇼핑,6910,2026-09-09 07:08:49
Jc9jxV_kQN0,https://www.youtube.com/watch?v=Jc9jxV_kQN0,ucsbp41obff8fsjgcvxut6ga,또왔소,와… 저걸 저 타이밍에 피하네 ㄷㄷ #웃긴영상 #유머,4847,0,2026-09-08T13:58:03.000270+00:00,2026-09-08T23:10:01.332600+00:00,2026-09-16T05:10:03.000270+00:00,기타,썰쇼핑,10700,2026-09-09 07:08:49
dBeAzkE7RW8,https://www.youtube.com/watch?v=dBeAzkE7RW8,ucqnbrrb-zbu_7o5ksr27l6g,리치쇼핑,다이소 밀대 망하게 만든 천재의 발명품,4843,3,2026-08-24T09:58:01.282766+00:00,2026-09-04T23:10:02.346310+00:00,2026-09-06T23:10:01.282766+00:00,제품정체형,썰쇼핑,3050,2026-09-14 07:04:05
7Ybhg1SNsVc,https://www.youtube.com/watch?v=7Ybhg1SNsVc,uco3sju4c8apyrhk_dbo8udq,냥냥쿨범,살림천재가 만들어 대박난 테이프의정체,4825,3,2026-08-31T11:16:02.569334+00:00,2026-09-08T11:10:24.676804+00:00,2026-09-14T05:10:02.569334+00:00,제품정체형,썰쇼핑,21500,2026-09-09 07:08:49
IpStTrb85ds,https://www.youtube.com/watch?v=IpStTrb85ds,uckwvaedc6tk_ars0epjnsmg,모든지식,🔥조회수 1억 뷰 폭발! 한번쓰면 반하는 천재의 발명품✨ #입는담요 #방한용품 #수족냉증 #품절대란 #쇼츠,4800,1,2026-09-13T09:28:03.000270+00:00,2026-09-14T23:10:03.036703+00:00,2026-09-16T05:10:03.000270+00:00,제품정체형,썰쇼핑,8950,2026-09-14 07:06:10
frYt05dsAW0,https://www.youtube.com/watch?v=frYt05dsAW0,ucxirsjqetzz4ml6lc-uu5tq,이런호기심,엔진 없이 물 위를 미끄러지는 거대 모형 비행기의 기적 ✈️,4772,1,2026-09-11T01:58:03.000270+00:00,2026-09-14T23:10:03.036703+00:00,2026-09-16T05:10:03.000270+00:00,기타,썰쇼핑,14400,2026-09-14 07:04:05
1toQmbv5M5w,https://www.youtube.com/watch?v=1toQmbv5M5w,uc9xfth7mqhbdlju9qzpxiha,쿨냥냥,동호인 출신 첫 국대 박정윤이 15발 만점을 쐈다,4770,0,2026-09-03T07:04:03.000270+00:00,2026-09-08T12:30:44.178691+00:00,2026-09-16T05:10:03.000270+00:00,기타,썰쇼핑,5630,2026-09-09 07:08:49
qlbvBKo6ch4,https://www.youtube.com/watch?v=qlbvBKo6ch4,uca1sbg9pja6ilneecrbsrlq,별걸다봄,알바도 당황한 어른이의 결제법,4754,3,2026-09-02T08:58:03.000270+00:00,2026-09-04T23:10:02.346310+00:00,2026-09-16T05:10:03.000270+00:00,제품정체형,썰쇼핑,17700,2026-09-09 07:08:49
pE8NHrJtZ7M,https://www.youtube.com/watch?v=pE8NHrJtZ7M,uckav5c_xgwtehpyk3i-zcfg,오늘꿀템,다이소 덕후들의 이케아 활용법,4753,0,2026-08-23T08:28:01.374377+00:00,2026-09-04T23:10:02.346310+00:00,2026-09-05T23:10:01.374377+00:00,홈템,썰쇼핑,1380,2026-09-09 07:08:49
6d-P9Cdm7RQ,https://www.youtube.com/watch?v=6d-P9Cdm7RQ,uclfbmumxshw-8ylwcgp-w3w,Gcar지카,잡초 무성한 땅이 10초 만에 까만 흙밭으로 바뀌는 미친 농기계 ㄷㄷ,4746,0,2026-09-13T08:16:03.000270+00:00,2026-09-13T23:10:02.300105+00:00,2026-09-16T05:10:03.000270+00:00,기타,썰쇼핑,75100,2026-09-09 02:35:38
BmiflDVEjuw,https://www.youtube.com/watch?v=BmiflDVEjuw,ucjh0lkgxay9d_hvefiajuwg,와우냥,이케아 디자이너도 놀란 주부 아이디어,4742,1,2026-09-08T00:28:03.000270+00:00,2026-09-08T10:27:51.412064+00:00,2026-09-16T05:10:03.000270+00:00,오용형,썰쇼핑,1340,2026-09-09 07:08:49
GaabRwYsDBo,https://www.youtube.com/watch?v=GaabRwYsDBo,ucamzjidsn-e1fi_kpveqt_q,순삭킥,월요일 아침 내 모습 같은 고양이 #힐링고양이 #개냥이 #동물영상 #웃긴짤 #귀여움주의,4726,1,2026-09-09T15:22:03.000270+00:00,2026-09-14T23:10:03.036703+00:00,2026-09-16T05:10:03.000270+00:00,기타,썰쇼핑,8870,2026-09-14 07:06:10
0BY-CPOtdfQ,https://www.youtube.com/watch?v=0BY-CPOtdfQ,uc9xfth7mqhbdlju9qzpxiha,쿨냥냥,2026하반기 6~7년차 그룹마다 소속사와 갈라서는 진짜 이유,4724,0,2026-09-15T02:58:03.000270+00:00,2026-09-15T05:10:02.238212+00:00,2026-09-16T05:10:03.000270+00:00,기타,썰쇼핑,5630,2026-09-09 07:08:49
qmr0xprAGx4,https://www.youtube.com/watch?v=qmr0xprAGx4,ucjcbuxcvr7fojmnvzw3haua,상자쿤,주차가 너무 쉬워지는 미친 아이템,4720,0,2026-09-14T03:46:03.000270+00:00,2026-09-14T05:10:02.569334+00:00,2026-09-16T05:10:03.000270+00:00,기타,썰쇼핑,5860,2026-09-09 07:08:49
B4UW_JE21XQ,https://www.youtube.com/watch?v=B4UW_JE21XQ,ucjcbuxcvr7fojmnvzw3haua,상자쿤,콜라 팔던 코카콜라가 딴짓하면 벌어지는 일ㄷㄷ,4710,4,2026-08-31T09:46:02.569334+00:00,2026-09-08T11:10:24.676804+00:00,2026-09-14T05:10:02.569334+00:00,기타,썰쇼핑,5860,2026-09-09 07:08:49
n7jwDAbxnXA,https://www.youtube.com/watch?v=n7jwDAbxnXA,ucmbeuonh4nls9qryeeue_gg,쓸모있어,다이소에서 품절대란 중인 미친 아이템    #채칼 #슬라이서 #다이소 #쿠팡,4707,1,2026-09-01T01:58:03.036703+00:00,2026-09-08T11:10:24.676804+00:00,2026-09-14T23:10:03.036703+00:00,제품정체형,썰쇼핑,1240,2026-09-09 07:08:49
_XjBuRy57tg,https://www.youtube.com/watch?v=_XjBuRy57tg,ucl12scb2y7j-kx0_ghaf-xq,썰풀다,한 번 이겼을 뿐인데#커플일상 #레전드짤 #바이럴영상 #유분차단 #뽀송팩트,4697,1,2026-08-28T02:16:01.358608+00:00,2026-09-04T23:10:02.346310+00:00,2026-09-09T23:10:01.358608+00:00,기타,썰쇼핑,0,2026-08-19 05:56:25
wLtRrPBeFfA,https://www.youtube.com/watch?v=wLtRrPBeFfA,ucemc0lajcxtnwftcao3awhq,꿀템,개발자도 당황한 천재주부 활용법,4689,1,2026-09-03T02:58:03.000270+00:00,2026-09-14T23:10:03.036703+00:00,2026-09-16T05:10:03.000270+00:00,오용형,썰쇼핑,1070,2026-09-14 07:04:05
f4d80dT6cpk,https://www.youtube.com/watch?v=f4d80dT6cpk,ucwwuxe1dfkgyhf5euhsitzw,살림장착,똥손도 1초 만에 눈 2배 커진다는 충격적인 방법 ㄷㄷ #똥손탈출 #아이메이크업,4680,9,2026-09-11T21:10:03.000270+00:00,2026-09-11T23:10:02.319689+00:00,2026-09-16T05:10:03.000270+00:00,뷰티,썰쇼핑,8850,2026-09-09 07:08:49
nZj7dYDR6IY,https://www.youtube.com/watch?v=nZj7dYDR6IY,ucbpaopjknymyrihzwt5c_mg,리빙플립,다이소에 있었는데 왜 몰랐지?,4675,2,2026-09-01T10:46:02.238212+00:00,2026-09-04T23:10:02.346310+00:00,2026-09-15T05:10:02.238212+00:00,제품정체형,썰쇼핑,13100,2026-09-09 07:08:49
Pw2emK3o7E4,https://www.youtube.com/watch?v=Pw2emK3o7E4,ucmssyyqvltkjobcgqdrzmuw,내일 쇼핑,한국인 만만하게 봤다 호되게 당하는 중이라는 코스트코? #코스트코 #파스타 #알리오올리오,4675,7,2026-09-01T04:40:03.036703+00:00,2026-09-04T23:10:02.346310+00:00,2026-09-14T23:10:03.036703+00:00,기타,썰쇼핑,1880,2026-09-09 07:08:49
v7WoPJPK8RA,https://www.youtube.com/watch?v=v7WoPJPK8RA,ucaz-w-vzcbiuqvjnkbvcung,김마마,남자들 안경쓰게 만든 박보검 안경,4665,0,2026-09-03T07:28:03.000270+00:00,2026-09-08T11:10:24.676804+00:00,2026-09-16T05:10:03.000270+00:00,기타,썰쇼핑,12900,2026-09-09 07:08:49
KdjttoMLaTo,https://www.youtube.com/watch?v=KdjttoMLaTo,ucwgtmho0tsuedduon1fmgrw,순간의픽,존재감 없던 이케아 서랍장 활용법 #필수템 #이케아 #DIY #라스트 #서랍장 #수납 #살림 #선반 #활용법 #아이디어 #감성 #셀프인테리어 #인테리어,4659,1,2026-09-03T09:28:03.000270+00:00,2026-09-04T23:10:02.346310+00:00,2026-09-16T05:10:03.000270+00:00,홈템,썰쇼핑,580,2026-09-09 07:08:49
Lz7lvwB9rAI,https://www.youtube.com/watch?v=Lz7lvwB9rAI,uckav5c_xgwtehpyk3i-zcfg,오늘꿀템,일본 다이소 개발자도 당황한 사용법,4650,1,2026-08-25T08:28:02.851021+00:00,2026-09-04T23:10:02.346310+00:00,2026-09-07T23:10:02.851021+00:00,오용형,썰쇼핑,1380,2026-09-09 07:08:49
dZsQpUkmvMc,https://www.youtube.com/watch?v=dZsQpUkmvMc,ucxirsjqetzz4ml6lc-uu5tq,이런호기심,물 1만 리터 싣고 화마 속으로! 목숨 걸고 불 끄는 하늘의 영웅들,4636,0,2026-09-06T05:58:03.000270+00:00,2026-09-14T23:10:03.036703+00:00,2026-09-16T05:10:03.000270+00:00,기타,썰쇼핑,14400,2026-09-14 07:04:05
48SlgQCNnfg,https://www.youtube.com/watch?v=48SlgQCNnfg,uc8chcn19p3bctmydgd-fj4q,ㄹㅇㅋㅋ,산만한 사람들 사이에서 난리 난 장난감,4633,0,2026-09-11T08:46:03.000270+00:00,2026-09-14T23:10:03.036703+00:00,2026-09-16T05:10:03.000270+00:00,기타,썰쇼핑,1070,2026-09-14 07:04:05
ZKTFA-DK52A,https://www.youtube.com/watch?v=ZKTFA-DK52A,uc4fczuxwwbj0rsvbtvay3bg,숏팡,천재주부가 품절시킨 다이소 제품 정체,4623,0,2026-09-13T03:58:03.000270+00:00,2026-09-13T05:10:02.819135+00:00,2026-09-16T05:10:03.000270+00:00,제품정체형,썰쇼핑,43100,2026-09-09 07:08:49
Hch30xqx2sM,https://www.youtube.com/watch?v=Hch30xqx2sM,uc4iyryt1y1d5_cdjaocsk6q,설렘픽,다이소 가면 무조건 집어오세요! 살림고수의 클립 활용법,4622,1,2026-09-15T09:16:03.000270+00:00,2026-09-15T23:10:03.157352+00:00,2026-09-16T05:10:03.000270+00:00,홈템,썰쇼핑,2580,2026-09-09 07:08:49
AP1k--D1ooQ,https://www.youtube.com/watch?v=AP1k--D1ooQ,uc4fczuxwwbj0rsvbtvay3bg,숏팡,화장품 업계도 놀란 일본 천재 발명품,4622,0,2026-09-06T05:58:03.000270+00:00,2026-09-08T12:30:44.178691+00:00,2026-09-16T05:10:03.000270+00:00,뷰티,썰쇼핑,43100,2026-09-09 07:08:49
NgGUp8h1fG8,https://www.youtube.com/watch?v=NgGUp8h1fG8,uc4fczuxwwbj0rsvbtvay3bg,숏팡,이케아 매출 떨어뜨린 천재 발명품,4620,0,2026-09-08T08:52:03.000270+00:00,2026-09-08T12:30:44.178691+00:00,2026-09-16T05:10:03.000270+00:00,제품정체형,썰쇼핑,43100,2026-09-09 07:08:49
Q7Y6aV5-_78,https://www.youtube.com/watch?v=Q7Y6aV5-_78,ucuenvpsh41lvt6_a6yjh8_g,신비아이템,그림 위에 드라이기 트는 이유,4617,2,2026-08-31T11:04:02.569334+00:00,2026-09-08T12:30:44.178691+00:00,2026-09-14T05:10:02.569334+00:00,기타,썰쇼핑,5780,2026-09-09 07:08:49
YqPCMYQ8gIc,https://www.youtube.com/watch?v=YqPCMYQ8gIc,ucajp81ra8nklmrkucjvaysq,앞북이,워런버핏이 사랑한 캔디의 정체 - 적게 만들고도 많이 벌 수 있었던 캔디,4608,1,2026-09-02T09:46:03.000270+00:00,2026-09-14T23:10:03.036703+00:00,2026-09-16T05:10:03.000270+00:00,제품정체형,썰쇼핑,1100,2026-09-14 07:04:05
HL9__WR_Ruk,https://www.youtube.com/watch?v=HL9__WR_Ruk,ucbx5cgjqdhqxdk4fn6ltj3g,찐리뷰 클라쓰,필요할 때만 펼치는 의자🤎 좁은 집 보조의자 추천,4605,1,2026-09-07T09:16:03.000270+00:00,2026-09-08T11:10:24.676804+00:00,2026-09-16T05:10:03.000270+00:00,기타,썰쇼핑,23700,2026-09-09 07:08:49
e-TLuo6V1zY,https://www.youtube.com/watch?v=e-TLuo6V1zY,ucvfde0jxxr9xgjru-wijthw,사길잘했다,나오자마자 대란 난 다이소 미친 신상,4600,2,2026-09-09T09:34:03.000270+00:00,2026-09-09T23:10:01.358608+00:00,2026-09-16T05:10:03.000270+00:00,제품정체형,썰쇼핑,1960,2026-09-09 07:08:49
S5GD1SozZUc,https://www.youtube.com/watch?v=S5GD1SozZUc,ucksqwbppwreyk9sxnodup7w,꿀템튜브,들통한 수제버거집 패티 비법?,4582,1,2026-09-11T01:58:03.000270+00:00,2026-09-11T02:10:02.367900+00:00,2026-09-16T05:10:03.000270+00:00,기타,썰쇼핑,70,2026-09-09 07:08:49
VccIyW_WOiM,https://www.youtube.com/watch?v=VccIyW_WOiM,ucwgtmho0tsuedduon1fmgrw,순간의픽,이케아 손잡이를 마주보게 붙였더니 #필수템 #이케아 #베그리파 #손잡이 #활용법 #공간활용 #살림 #정리 #아이디어 #감성 #셀프인테리어 #인테리어,4575,1,2026-08-28T01:04:02.680133+00:00,2026-09-04T23:10:02.346310+00:00,2026-09-10T08:10:02.680133+00:00,홈템,썰쇼핑,580,2026-09-09 07:08:49
v-AO-Eo8mO4,https://www.youtube.com/watch?v=v-AO-Eo8mO4,uc5vyr2cff4364oi5l6cwrja,숏핑,천재 주부가 만들어 돈방석 앉은 제품 정체,4568,3,2026-08-27T08:52:02.680133+00:00,2026-09-04T23:10:02.346310+00:00,2026-09-10T08:10:02.680133+00:00,제품정체형,썰쇼핑,39900,2026-09-09 07:08:49
-4ch-BcifpY,https://www.youtube.com/watch?v=-4ch-BcifpY,ucqnbrrb-zbu_7o5ksr27l6g,리치쇼핑,주부들 손목을 살려낸 천재의 발명품,4564,2,2026-09-09T00:58:03.000270+00:00,2026-09-09T04:37:54.503187+00:00,2026-09-16T05:10:03.000270+00:00,제품정체형,썰쇼핑,3050,2026-09-14 07:04:05
m6wNEAYxYnM,https://www.youtube.com/watch?v=m6wNEAYxYnM,ucrocrwdkppy1we0hubv9drw,홈꾸미,뜻밖의 활용법,4556,2,2026-09-12T16:58:03.000270+00:00,2026-09-12T23:10:03.131380+00:00,2026-09-16T05:10:03.000270+00:00,기타,썰쇼핑,15600,2026-09-09 07:08:49
vlVvuidb2f4,https://www.youtube.com/watch?v=vlVvuidb2f4,ucmssyyqvltkjobcgqdrzmuw,내일 쇼핑,전국 부모님들이 이름 모르고 찾는 빨간 치즈의 정체? #치즈 #컬리 #코스트코 #간식,4540,8,2026-09-04T06:10:03.000270+00:00,2026-09-04T23:10:02.346310+00:00,2026-09-16T05:10:03.000270+00:00,기타,썰쇼핑,1880,2026-09-09 07:08:49
tzV181kIf9Y,https://www.youtube.com/watch?v=tzV181kIf9Y,uctgtq10wqqxfeortrnn5vha,뭐길래? | 생활 꿀템 쇼츠,"이거 은근 손이 자주 가요.요리할 때 양념 묻고, 청소할 때 손 더러워지고,기름진 거 만질 때마다 손 씻는 것도 은근 귀찮음. 구독, 좋아요, 저장, 공유해주세요.",4505,1,2026-08-29T09:34:02.660921+00:00,2026-09-08T11:10:24.676804+00:00,2026-09-12T05:10:02.660921+00:00,레시피,썰쇼핑,1020,2026-09-09 07:08:49
50KOj_5Cnfs,https://www.youtube.com/watch?v=50KOj_5Cnfs,uclecy6ihcjwmcbjhiz2-ctg,이븐쇼핑,천재의 아이디어를 해킹한 한국 제품의 정체,4500,2,2026-09-15T13:40:03.000270+00:00,2026-09-15T23:10:03.157352+00:00,2026-09-16T05:10:03.000270+00:00,제품정체형,썰쇼핑,28300,2026-09-09 07:08:49
f-yyhz5mpzE,https://www.youtube.com/watch?v=f-yyhz5mpzE,uczgoriozc_etvvg-o72xjcw,썰n픽,일본 천재가 만들어 떼돈 번 제품의 정체,4495,2,2026-09-08T10:58:03.000270+00:00,2026-09-14T23:10:03.036703+00:00,2026-09-16T05:10:03.000270+00:00,제품정체형,썰쇼핑,1080,2026-09-14 07:04:05
lWYqVWBXh9s,https://www.youtube.com/watch?v=lWYqVWBXh9s,ucl12scb2y7j-kx0_ghaf-xq,썰풀다,미국에서 난리 난 빵 없이 통버터 씹어 먹는 미친 이유#버터다이어트 #카니보어 #천연버터,4486,2,2026-08-30T11:46:02.819135+00:00,2026-09-04T23:10:02.346310+00:00,2026-09-13T05:10:02.819135+00:00,기타,썰쇼핑,0,2026-08-19 05:56:25
5DyleQ-ABWI,https://www.youtube.com/watch?v=5DyleQ-ABWI,ucxirsjqetzz4ml6lc-uu5tq,이런호기심,폭탄 한 방으로 쇠를 구형으로? 수십억 아끼는 레전드 성형 기술 💥,4451,1,2026-09-07T05:58:03.000270+00:00,2026-09-14T23:10:03.036703+00:00,2026-09-16T05:10:03.000270+00:00,기타,썰쇼핑,14400,2026-09-14 07:04:05
YYt7v1dxLsg,https://www.youtube.com/watch?v=YYt7v1dxLsg,uch6fp7bvc_9bnnfulqfmasw,이거다시바,천재 주부들의 이케아 도마 사용법 #꿀템 #필수템 #이케아 #도마 #스톨테트 #활용법 #천재 #살림 #고수 #아이디어 #선반 #감성 #셀프인테리어 #인테리어,4451,1,2026-08-24T00:28:01.282766+00:00,2026-09-04T23:10:02.346310+00:00,2026-09-06T23:10:01.282766+00:00,홈템,썰쇼핑,0,2026-08-19 05:56:25
8YkTayKDMDQ,https://www.youtube.com/watch?v=8YkTayKDMDQ,uca1sbg9pja6ilneecrbsrlq,별걸다봄,챗GPT도 예상 못한 상위 1%의 활용법,4441,3,2026-09-05T23:58:03.000270+00:00,2026-09-06T23:10:01.282766+00:00,2026-09-16T05:10:03.000270+00:00,제품정체형,썰쇼핑,17700,2026-09-09 07:08:49
20bEtm8ewW4,https://www.youtube.com/watch?v=20bEtm8ewW4,ucwmaogosqen98l7nc_4xyga,썰핑,수세미 회사들 무릎꿇린 일본 천재의 발명품,4435,3,2026-09-07T09:22:03.000270+00:00,2026-09-14T23:10:03.036703+00:00,2026-09-16T05:10:03.000270+00:00,제품정체형,썰쇼핑,15600,2026-09-14 07:04:05
OjnkCAp6l3c,https://www.youtube.com/watch?v=OjnkCAp6l3c,ucmssyyqvltkjobcgqdrzmuw,내일 쇼핑,다이소도 당황하게 한 천재의 활용법?#다이소 #수선 #꿀템,4419,5,2026-08-28T07:28:02.666924+00:00,2026-09-04T23:10:02.346310+00:00,2026-09-11T05:10:02.666924+00:00,제품정체형,썰쇼핑,1880,2026-09-09 07:08:49
u4uXhDj7aYc,https://www.youtube.com/watch?v=u4uXhDj7aYc,uc8chcn19p3bctmydgd-fj4q,ㄹㅇㅋㅋ,다이소 압축봉으로 주방 수납 두배로 늘리는 법,4415,0,2026-09-11T22:58:03.000270+00:00,2026-09-14T23:10:03.036703+00:00,2026-09-16T05:10:03.000270+00:00,홈템,썰쇼핑,1070,2026-09-14 07:04:05
6GVfki1dcnI,https://www.youtube.com/watch?v=6GVfki1dcnI,uc2olkq_zdkl1aiftvhuhf8a,손끝상점,빵덕후들 눈물나게 한다는 주방 신무기,4412,0,2026-09-03T22:28:03.000270+00:00,2026-09-04T23:10:02.346310+00:00,2026-09-16T05:10:03.000270+00:00,홈템,썰쇼핑,27,2026-09-14 07:04:05
sMkNmemTue8,https://www.youtube.com/watch?v=sMkNmemTue8,uckkeqaxjmev8w7gd4h5kcaw,이상한철물점,단 10초 만에 야외 거실 완성,4396,3,2026-08-30T08:16:02.819135+00:00,2026-09-04T23:10:02.346310+00:00,2026-09-13T05:10:02.819135+00:00,기타,썰쇼핑,0,2026-08-19 05:56:25
re-bgJuYkAw,https://www.youtube.com/watch?v=re-bgJuYkAw,ucrbvn94qfocjbtkhepz7heg,전설의레전드,빵순이 몰래 알려준 비밀스런 작은 주머니,4373,0,2026-08-31T14:16:02.569334+00:00,2026-09-08T11:10:24.676804+00:00,2026-09-14T05:10:02.569334+00:00,제품정체형,썰쇼핑,10900,2026-09-09 07:08:49
eMRRH1WmQIs,https://www.youtube.com/watch?v=eMRRH1WmQIs,uci7bltdlfsal3bodxjkalqw,수미네집,이거 하나 달았을 뿐인데…,4358,0,2026-09-06T12:58:03.000270+00:00,2026-09-08T11:10:24.676804+00:00,2026-09-16T05:10:03.000270+00:00,기타,썰쇼핑,6030,2026-09-09 07:08:49
IlCuE8i9EkE,https://www.youtube.com/watch?v=IlCuE8i9EkE,ucjlxkqrjd0pecwp1xkuvoeq,꿀템첵첵,"코 막힘 때문에 겪는 고통, 이거 하나로 끝납니다.",4349,0,2026-08-27T02:58:01.358608+00:00,2026-09-04T23:10:02.346310+00:00,2026-09-09T23:10:01.358608+00:00,기타,썰쇼핑,27200,2026-09-09 07:08:49
2jTH3OD-Vco,https://www.youtube.com/watch?v=2jTH3OD-Vco,uc4iyryt1y1d5_cdjaocsk6q,설렘픽,복구비 100만 원 아꼈어요! 마루 찍힘 감쪽같이 없애는 법,4327,0,2026-08-31T03:58:02.300105+00:00,2026-09-04T23:10:02.346310+00:00,2026-09-13T23:10:02.300105+00:00,기타,썰쇼핑,2580,2026-09-09 07:08:49
fgvzP9KI4d0,https://www.youtube.com/watch?v=fgvzP9KI4d0,ucqrltjou9wttstlwiem2lma,왜 팔릴까,못질을 없애버린 천재발명품,4326,0,2026-09-13T02:04:03.000270+00:00,2026-09-13T05:10:02.819135+00:00,2026-09-16T05:10:03.000270+00:00,제품정체형,썰쇼핑,1720,2026-09-09 07:08:49
3lhbcPV6Fzw,https://www.youtube.com/watch?v=3lhbcPV6Fzw,ucxirsjqetzz4ml6lc-uu5tq,이런호기심,현미경으로 확대해 본 식물의 숨구멍 ㄷㄷ 입술 모양 실화? ??,4326,3,2026-09-08T13:58:03.000270+00:00,2026-09-14T23:10:03.036703+00:00,2026-09-16T05:10:03.000270+00:00,기타,썰쇼핑,14400,2026-09-14 07:04:05
nE0FwY0vdqQ,https://www.youtube.com/watch?v=nE0FwY0vdqQ,uco3sju4c8apyrhk_dbo8udq,냥냥쿨범,불면증을 잠재워버린 미국 천재의 발명품,4281,3,2026-09-07T11:16:03.000270+00:00,2026-09-08T11:10:24.676804+00:00,2026-09-16T05:10:03.000270+00:00,제품정체형,썰쇼핑,21500,2026-09-09 07:08:49
bpaNsiGQ0vs,https://www.youtube.com/watch?v=bpaNsiGQ0vs,ucnjzp1yaah_e7hun6_uiduq,세꿀상점,노트북까지 세우는 손잡이의 정체,4276,0,2026-09-10T23:46:03.000270+00:00,2026-09-14T23:10:03.036703+00:00,2026-09-16T05:10:03.000270+00:00,제품정체형,썰쇼핑,10,2026-09-14 07:04:05
L8z9w8brwRY,https://www.youtube.com/watch?v=L8z9w8brwRY,ucvq26myeojatrmce0pm0qsq,먹킷리스트,저조차도 마트 상술에 아직도 속고 있습니다. 장보기할 때 100번 유념해야 하는 꿀팁!,4271,1,2026-09-15T09:58:03.000270+00:00,2026-09-15T23:10:03.157352+00:00,2026-09-16T05:10:03.000270+00:00,기타,썰쇼핑,89600,2026-09-09 07:08:49
Mcy7utaUmcE,https://www.youtube.com/watch?v=Mcy7utaUmcE,ucvfde0jxxr9xgjru-wijthw,사길잘했다,딸꾹질 1초컷 미친 발명품,4265,0,2026-09-13T07:46:03.000270+00:00,2026-09-13T23:10:02.300105+00:00,2026-09-16T05:10:03.000270+00:00,제품정체형,썰쇼핑,1960,2026-09-09 07:08:49
8iB3FHWXI2w,https://www.youtube.com/watch?v=8iB3FHWXI2w,ucrbvn94qfocjbtkhepz7heg,전설의레전드,살림 고수 시어머니도 깜짝 놀란 주방 꿀템스~,4243,0,2026-09-12T03:10:03.000270+00:00,2026-09-12T05:10:02.660921+00:00,2026-09-16T05:10:03.000270+00:00,홈템,썰쇼핑,10900,2026-09-09 07:08:49
VgWPfDhWbow,https://www.youtube.com/watch?v=VgWPfDhWbow,ucnd6bgf50o87a92-ik1di8q,살림도사,다이소 가서 꼭 사오는 기발한 단추,4240,0,2026-09-04T22:58:03.000270+00:00,2026-09-04T23:10:02.346310+00:00,2026-09-16T05:10:03.000270+00:00,홈템,썰쇼핑,14500,2026-09-09 07:08:49
Zozpi-Hv0Kw,https://www.youtube.com/watch?v=Zozpi-Hv0Kw,uc5vyr2cff4364oi5l6cwrja,숏핑,피부과도 당황한 천재 주부 활용법,4224,1,2026-08-29T02:46:02.319689+00:00,2026-09-04T23:10:02.346310+00:00,2026-09-11T23:10:02.319689+00:00,오용형,썰쇼핑,39900,2026-09-09 07:08:49
USzc4KPWE2M,https://www.youtube.com/watch?v=USzc4KPWE2M,ucidv5xotd-tom-6lqw3slnq,집꾸,아기도 강아지도 못 이긴 말싸움 최강자,4216,0,2026-09-05T10:58:02.819135+00:00,2026-09-08T11:10:24.676804+00:00,2026-09-13T05:10:02.819135+00:00,홈템,썰쇼핑,30200,2026-09-09 07:08:49
eC5jtGAC2Q0,https://www.youtube.com/watch?v=eC5jtGAC2Q0,ucrbvn94qfocjbtkhepz7heg,전설의레전드,설겆이 하고 있는 줄 알았던 아내가 혼자 웃고 있는 이유,4211,0,2026-08-29T01:52:02.319689+00:00,2026-09-08T11:10:24.676804+00:00,2026-09-11T23:10:02.319689+00:00,기타,썰쇼핑,10900,2026-09-09 07:08:49
Ml1VL2obwd4,https://www.youtube.com/watch?v=Ml1VL2obwd4,uc-hke7blsfguxnhzrokglsa,와이거뭐냐,k-복수클라스 우리가 느낀 역대급 사이다 서사 #대한민국 #실화,4209,21,2026-08-27T04:40:01.358608+00:00,2026-09-04T23:10:02.346310+00:00,2026-09-09T23:10:01.358608+00:00,기타,썰쇼핑,1190,2026-09-09 07:08:49
2lpQ4tPwgmE,https://www.youtube.com/watch?v=2lpQ4tPwgmE,uctxuvpifjihgl8c8mfzqmoa,나를 위한 발견,일본 천재가 심을 없앤 이유,4204,2,2026-08-30T23:04:02.819135+00:00,2026-09-04T23:10:02.346310+00:00,2026-09-13T05:10:02.819135+00:00,제품정체형,썰쇼핑,32,2026-09-14 07:04:05
1ifHxZvljTk,https://www.youtube.com/watch?v=1ifHxZvljTk,ucajp81ra8nklmrkucjvaysq,앞북이,미국 학생들 최애 과자가 안주가 된 근황ㄷㄷ- 타키스,4200,5,2026-09-14T08:28:03.000270+00:00,2026-09-14T23:10:03.036703+00:00,2026-09-16T05:10:03.000270+00:00,기타,썰쇼핑,1100,2026-09-14 07:04:05
VkKEk57CBSc,https://www.youtube.com/watch?v=VkKEk57CBSc,uci7bltdlfsal3bodxjkalqw,수미네집,청소 봉사갈 때 이걸 뿌리는 이유,4195,1,2026-09-11T13:22:03.000270+00:00,2026-09-11T23:10:02.319689+00:00,2026-09-16T05:10:03.000270+00:00,기타,썰쇼핑,6030,2026-09-09 07:08:49
9mRZoDiSRP4,https://www.youtube.com/watch?v=9mRZoDiSRP4,ucvq26myeojatrmce0pm0qsq,먹킷리스트,마땅히 써야 할 숨은돈을 그동안 다 날리고 있었습니다. 올해 안으로 몰래 숨은 돈 찾기 꿀팁 3가지!,4181,0,2026-09-02T09:58:03.000270+00:00,2026-09-09T23:10:01.358608+00:00,2026-09-16T05:10:03.000270+00:00,기타,썰쇼핑,89600,2026-09-09 07:08:49
b9spJuGsFxY,https://www.youtube.com/watch?v=b9spJuGsFxY,ucajp81ra8nklmrkucjvaysq,앞북이,200년 만에 욕망을 더 키운 금욕 과자의 정체,4154,6,2026-09-08T09:46:03.000270+00:00,2026-09-14T23:10:03.036703+00:00,2026-09-16T05:10:03.000270+00:00,제품정체형,썰쇼핑,1100,2026-09-14 07:04:05
viSd_LWmmPc,https://www.youtube.com/watch?v=viSd_LWmmPc,ucknyotic61bk0usui1ixavg,으니픽,보법이 다른 건조기의 비밀 ㄷㄷ #생활용품,4148,1,2026-08-23T01:40:01.374377+00:00,2026-09-04T23:10:02.346310+00:00,2026-09-05T23:10:01.374377+00:00,제품정체형,썰쇼핑,1300,2026-09-09 07:08:49
1Dnguq0GbMw,https://www.youtube.com/watch?v=1Dnguq0GbMw,ucwgtmho0tsuedduon1fmgrw,순간의픽,이케아도 예상 못한 도마 활용법 #필수템 #이케아 #도마 #스톨테트 #활용법 #천재 #살림 #고수 #아이디어 #선반 #감성 #셀프인테리어 #인테리어,4137,1,2026-08-24T01:04:01.282766+00:00,2026-09-04T23:10:02.346310+00:00,2026-09-06T23:10:01.282766+00:00,오용형,썰쇼핑,580,2026-09-09 07:08:49
pvBKpqYXCOk,https://www.youtube.com/watch?v=pvBKpqYXCOk,ucmo2rfye0ljbv_m4e5mhz0w,꿀템탐구소,어머님들 감동시킨 효심 천재의 발명품,4129,0,2026-09-07T08:46:03.000270+00:00,2026-09-14T23:10:03.036703+00:00,2026-09-16T05:10:03.000270+00:00,제품정체형,썰쇼핑,4300,2026-09-14 07:04:05
4gacSjh-UKY,https://www.youtube.com/watch?v=4gacSjh-UKY,ucynpgh7_qesow4pbljhmi2q,유머굿템,영국 천재를 자수성가 하게 만든 제품의 정체,4128,5,2026-09-15T09:58:03.000270+00:00,2026-09-15T23:10:03.157352+00:00,2026-09-16T05:10:03.000270+00:00,제품정체형,썰쇼핑,17500,2026-09-09 07:08:49
4uv8WiXLB_g,https://www.youtube.com/watch?v=4uv8WiXLB_g,ucacjyzv8sszopdmi_punhyw,느좋스냅,자취생 눈물 닦아준 갓뚜기의 미친 플라스틱 #짧은영상 #웃긴영상,4126,2,2026-09-01T22:52:02.238212+00:00,2026-09-08T11:10:24.676804+00:00,2026-09-15T05:10:02.238212+00:00,기타,썰쇼핑,42300,2026-09-09 07:08:49
qHWp78GOsag,https://www.youtube.com/watch?v=qHWp78GOsag,uckpphyi5ul6uw-axomcfmia,뽀터언니,90년대생 울려버린 물건의 정체! 플로피디스크 모양 맥세이프 NVMe 외장 SSD 케이스 💾,4120,1,2026-08-25T09:58:02.851021+00:00,2026-09-04T23:10:02.346310+00:00,2026-09-07T23:10:02.851021+00:00,제품정체형,썰쇼핑,1350,2026-09-09 07:08:49
wZIqRFqrcTw,https://www.youtube.com/watch?v=wZIqRFqrcTw,ucuwwmz037mvmbhty9sjrbjg,선물마트,다이소 가서 이거 보면 무조건 집으세요.,4117,1,2026-09-13T12:10:03.000270+00:00,2026-09-13T23:10:02.300105+00:00,2026-09-16T05:10:03.000270+00:00,홈템,썰쇼핑,2700,2026-09-09 07:08:49
8vHshoKiUgM,https://www.youtube.com/watch?v=8vHshoKiUgM,ucbxq-jeantm-ihyrndfoqog,먹성비광인,한국족발 가격이 이상해진이유 #꿀템 #최애템,4116,1,2026-09-07T09:58:03.000270+00:00,2026-09-08T11:10:24.676804+00:00,2026-09-16T05:10:03.000270+00:00,홈템,썰쇼핑,19200,2026-09-09 07:08:49
Y25dhicMY6g,https://www.youtube.com/watch?v=Y25dhicMY6g,ucxteg2lrkvxn8b7umce7qoq,딸기라떼,35억년전 생명체를 음료에 타먹는 이유ㄷㄷ 35억 년 전 항산화 성분? 블루 스피루리나 피코시아닌 분말 💙#건강식품 #피코시아닌 #천연색소 #슈퍼푸드 #항산화분말,4110,3,2026-08-29T09:28:02.660921+00:00,2026-09-04T23:10:02.346310+00:00,2026-09-12T05:10:02.660921+00:00,기타,썰쇼핑,5130,2026-09-09 07:08:49
EXBumSLksLg,https://www.youtube.com/watch?v=EXBumSLksLg,ucyqinyt44mk8u06nlz5n2-g,갓성비스토리,코스트코의 미친실수,4109,1,2026-09-05T10:40:03.000270+00:00,2026-09-08T12:30:44.178691+00:00,2026-09-16T05:10:03.000270+00:00,제품정체형,썰쇼핑,10300,2026-09-09 07:08:49
hOxB4hBBeUk,https://www.youtube.com/watch?v=hOxB4hBBeUk,ucq2jfiz_likmrmv3dxckjhq,뭐야템,이거하나면 주방에 기름튈걱정 노노!!!,4109,0,2026-08-26T14:58:02.542305+00:00,2026-09-08T11:10:24.676804+00:00,2026-09-09T05:10:02.542305+00:00,홈템,썰쇼핑,12700,2026-09-09 07:08:49
VFxP9JHv-EY,https://www.youtube.com/watch?v=VFxP9JHv-EY,ucidv5xotd-tom-6lqw3slnq,집꾸,게임처럼 배우는 신기한 피아노 #피아노,4085,3,2026-08-28T10:58:02.666924+00:00,2026-09-08T11:10:24.676804+00:00,2026-09-11T05:10:02.666924+00:00,홈템,썰쇼핑,30200,2026-09-09 07:08:49
YlUcOKlvqEY,https://www.youtube.com/watch?v=YlUcOKlvqEY,ucsdfcfw-a0ks-7qsdxpbprw,쇼츠킹,과육 손실 0%? 기계보다 빠른 무림 고수의 미친 칼질 ㄷㄷ,4083,0,2026-09-15T13:40:03.000270+00:00,2026-09-15T23:10:03.157352+00:00,2026-09-16T05:10:03.000270+00:00,제품정체형,썰쇼핑,72400,2026-09-09 02:35:38
-mEQia3MYVI,https://www.youtube.com/watch?v=-mEQia3MYVI,ucsevfs9sqzl_tuzrqzsu1yq,쇼츠룸,경고 무시하다 단 한 방에 퇴장당한 앵무새 참교육 현장  #고양이 #앵무새 #냥펀치 #반려동물 #동물유머 #고양이일상 #사이다영상 #동물짤,4083,0,2026-09-15T09:58:03.000270+00:00,2026-09-15T23:10:03.157352+00:00,2026-09-16T05:10:03.000270+00:00,기타,썰쇼핑,1150,2026-09-14 07:04:05
YCmhHgwNVvM,https://www.youtube.com/watch?v=YCmhHgwNVvM,uckwvaedc6tk_ars0epjnsmg,모든지식,💨개발자도 몰랐던 휴대용 조리기구 활용법🥩 #미니후드 #무선후드 #탁상용후드 #자취꿀팁 #쇼츠,4082,0,2026-09-01T09:46:02.238212+00:00,2026-09-14T23:10:03.036703+00:00,2026-09-15T05:10:02.238212+00:00,오용형,썰쇼핑,8950,2026-09-14 07:06:10
4PgIGjlroRI,https://www.youtube.com/watch?v=4PgIGjlroRI,uckec0idwzpe-sam6su0ztcg,실링홈,이케아 털러 가기 전 필수 시청! BEST 4 #살림템 #인테리어 #쇼핑리스트,4081,1,2026-08-24T02:46:01.282766+00:00,2026-09-04T23:10:02.346310+00:00,2026-09-06T23:10:01.282766+00:00,홈템,썰쇼핑,0,2026-08-19 05:56:25
LtvwWL23czs,https://www.youtube.com/watch?v=LtvwWL23czs,ucnd6bgf50o87a92-ik1di8q,살림도사,한국인 대부분이 모르는 귀청소 방법,4050,1,2026-09-08T22:58:03.000270+00:00,2026-09-08T23:10:01.332600+00:00,2026-09-16T05:10:03.000270+00:00,홈템,썰쇼핑,14500,2026-09-09 07:08:49
H8KZ2eEXNDY,https://www.youtube.com/watch?v=H8KZ2eEXNDY,uckpphyi5ul6uw-axomcfmia,뽀터언니,고양이 집사 눈물나게 한 기계의 정체,4048,1,2026-08-30T09:58:02.819135+00:00,2026-09-04T23:10:02.346310+00:00,2026-09-13T05:10:02.819135+00:00,제품정체형,썰쇼핑,1350,2026-09-09 07:08:49
tyO6yvJDYXA,https://www.youtube.com/watch?v=tyO6yvJDYXA,ucs9rzo0w2sa-ik3w2j4mkzg,홈킥킥,브로콜리 절대 물에 씻지 마세요,4047,3,2026-09-12T08:16:03.000270+00:00,2026-09-12T23:10:03.131380+00:00,2026-09-16T05:10:03.000270+00:00,기타,썰쇼핑,15800,2026-09-09 07:08:49
DkK9GWWkbiA,https://www.youtube.com/watch?v=DkK9GWWkbiA,ucefyc4mx2p-4htfokzo3zug,토란토란,이 못생긴 헤드폰이 역사상 최고 가성비라 불리는 이유?,4040,4,2026-08-31T10:34:02.569334+00:00,2026-09-04T23:10:02.346310+00:00,2026-09-14T05:10:02.569334+00:00,기타,썰쇼핑,3530,2026-09-09 07:08:49
4Y04scy9hPY,https://www.youtube.com/watch?v=4Y04scy9hPY,ucxteg2lrkvxn8b7umce7qoq,딸기라떼,"일본 천재가 개발해 돈방석 앉은 제품ㄷㄷ 떼어내도 자국 없는 에이몬 실리콘 접착제, 무거운 물건도 거뜬! 💡#실리콘접착제 #접착제추천 #자국없는접착제 #자취꿀템",4038,1,2026-09-08T13:46:03.000270+00:00,2026-09-08T23:10:01.332600+00:00,2026-09-16T05:10:03.000270+00:00,제품정체형,썰쇼핑,5130,2026-09-09 07:08:49
SwVaqqa8X80,https://www.youtube.com/watch?v=SwVaqqa8X80,uczsqdvebdhbskc3vnvwwbkg,살림치트키,다른 용도로 써서 대박난 미국 천재의 발명품,4031,3,2026-08-27T22:10:02.680133+00:00,2026-09-04T23:10:02.346310+00:00,2026-09-10T08:10:02.680133+00:00,제품정체형,썰쇼핑,193,2026-09-14 07:04:05
zNDuewuuMss,https://www.youtube.com/watch?v=zNDuewuuMss,uc4iyryt1y1d5_cdjaocsk6q,설렘픽,다이소 스텐 걸이 집게 200% 활용법!,4028,1,2026-09-08T12:40:03.000270+00:00,2026-09-08T23:10:01.332600+00:00,2026-09-16T05:10:03.000270+00:00,제품정체형,썰쇼핑,2580,2026-09-09 07:08:49
ylDbJ_olCKk,https://www.youtube.com/watch?v=ylDbJ_olCKk,ucqrltjou9wttstlwiem2lma,왜 팔릴까,청소광들 난리난 괴물스펀지의 정체,4027,0,2026-09-12T14:34:03.000270+00:00,2026-09-12T23:10:03.131380+00:00,2026-09-16T05:10:03.000270+00:00,제품정체형,썰쇼핑,1720,2026-09-09 07:08:49
YqmB18B1ZZw,https://www.youtube.com/watch?v=YqmB18B1ZZw,ucwxox_v20iouentjtsfvlsa,와우템픽,사람 감정을 해킹한 로봇의 정체,4024,5,2026-09-12T03:58:03.000270+00:00,2026-09-14T23:10:03.036703+00:00,2026-09-16T05:10:03.000270+00:00,제품정체형,썰쇼핑,1080,2026-09-14 07:04:05
M-h9i65jAmk,https://www.youtube.com/watch?v=M-h9i65jAmk,ucxirsjqetzz4ml6lc-uu5tq,이런호기심,건드리면 0.05초 만에 꽃가루를 발사하는 난초의 신기한 정체 🌺,4007,0,2026-09-12T05:58:03.000270+00:00,2026-09-14T23:10:03.036703+00:00,2026-09-16T05:10:03.000270+00:00,제품정체형,썰쇼핑,14400,2026-09-14 07:04:05
C0HUs_-wJXM,https://www.youtube.com/watch?v=C0HUs_-wJXM,uczsqdvebdhbskc3vnvwwbkg,살림치트키,다이소도 예상 못한 한국 주부의 활용법,4005,1,2026-08-23T20:52:01.374377+00:00,2026-09-04T23:10:02.346310+00:00,2026-09-05T23:10:01.374377+00:00,오용형,썰쇼핑,193,2026-09-14 07:04:05
2qwxlYyf5x0,https://www.youtube.com/watch?v=2qwxlYyf5x0,ucgfkcrlj5kbiw01hdol2e6g,K파민,혈액형이 안 맞아도 친자일 수 있다고?,4004,0,2026-09-12T05:58:03.000270+00:00,2026-09-14T23:10:03.036703+00:00,2026-09-16T05:10:03.000270+00:00,기타,썰쇼핑,446,2026-09-14 07:04:05
Aol7bvMeu80,https://www.youtube.com/watch?v=Aol7bvMeu80,ucxeyhz8xitvlxhdduxy6zca,리뷰남 ,모니터 조명의 끝판왕이라는 제품의 정체,4004,1,2026-08-28T10:40:02.666924+00:00,2026-09-04T23:10:02.346310+00:00,2026-09-11T05:10:02.666924+00:00,제품정체형,썰쇼핑,16100,2026-09-09 07:08:49
apZPbmZF_ys,https://www.youtube.com/watch?v=apZPbmZF_ys,uc4iyryt1y1d5_cdjaocsk6q,설렘픽,다이소도 놀란 투명 아크릴 칸막이 활용법,4003,1,2026-09-12T10:40:03.000270+00:00,2026-09-12T23:10:03.131380+00:00,2026-09-16T05:10:03.000270+00:00,오용형,썰쇼핑,2580,2026-09-09 07:08:49
hSGtSkLpqUc,https://www.youtube.com/watch?v=hSGtSkLpqUc,ucxirsjqetzz4ml6lc-uu5tq,이런호기심,007 요원 빙의 가능! 평범한 반지에서 흉악한 칼날이 튀어나오는 이유 ㄷㄷ,4000,5,2026-09-13T21:58:03.000270+00:00,2026-09-14T23:10:03.036703+00:00,2026-09-16T05:10:03.000270+00:00,기타,썰쇼핑,14400,2026-09-14 07:04:05
-X98_T0rOX0,https://www.youtube.com/watch?v=-X98_T0rOX0,ucsevfs9sqzl_tuzrqzsu1yq,쇼츠룸,세탁소 옷걸이 비밀 활용법#생활꿀팁 #살림노하우 #옷걸이활용법 #자취꿀팁,3993,1,2026-08-31T10:58:02.569334+00:00,2026-09-04T23:10:02.346310+00:00,2026-09-14T05:10:02.569334+00:00,제품정체형,썰쇼핑,1150,2026-09-14 07:04:05
ZYE0-9pHRL4,https://www.youtube.com/watch?v=ZYE0-9pHRL4,uctmchwo4yehl0exsqp_apog,생활꿀템추천샵,다이소도 부러워하는 반찬통 뚜껑 정리 꿀템 주방정리,3984,1,2026-09-08T09:58:03.000270+00:00,2026-09-08T10:27:51.412064+00:00,2026-09-16T05:10:03.000270+00:00,홈템,썰쇼핑,6830,2026-09-09 07:08:49
-GvEXYp5edw,https://www.youtube.com/watch?v=-GvEXYp5edw,ucbx5cgjqdhqxdk4fn6ltj3g,찐리뷰 클라쓰,"좁은 주방 살리는, 슬라이딩 수납 선반 꿀템! 🧺",3976,6,2026-08-29T08:58:02.660921+00:00,2026-09-04T23:10:02.346310+00:00,2026-09-12T05:10:02.660921+00:00,홈템,썰쇼핑,23700,2026-09-09 07:08:49
QRGRiD01TcU,https://www.youtube.com/watch?v=QRGRiD01TcU,ucycg5luulo-ccdblcw7hdcq,지식배송,제조사도 감탄한 1초만에 마르는 볼펜,3966,2,2026-09-06T07:04:03.000270+00:00,2026-09-08T12:30:44.178691+00:00,2026-09-16T05:10:03.000270+00:00,제품정체형,썰쇼핑,1350,2026-09-09 07:08:49
j3Ns4ejnQCU,https://www.youtube.com/watch?v=j3Ns4ejnQCU,ucjlxkqrjd0pecwp1xkuvoeq,꿀템첵첵,등산 캠핑 필수! 위급 상황에 스마트폰보다 든든한 생존템,3963,1,2026-08-30T02:58:03.131380+00:00,2026-09-04T23:10:02.346310+00:00,2026-09-12T23:10:03.131380+00:00,기타,썰쇼핑,27200,2026-09-09 07:08:49
vI4QRPDpLrc,https://www.youtube.com/watch?v=vI4QRPDpLrc,ucxteg2lrkvxn8b7umce7qoq,딸기라떼,엄마 눈물나게 한 효자의 발명품ㄷㄷ 허리 안 숙이고 발 씻는 풋브러쉬 매트! SNS 대박 난 욕실 꿀템 🦶#발세척매트 #욕실꿀템 #발각질제거 #욕실용품 #꿀템추천,3961,5,2026-09-06T21:58:03.000270+00:00,2026-09-06T23:10:01.282766+00:00,2026-09-16T05:10:03.000270+00:00,홈템,썰쇼핑,5130,2026-09-09 07:08:49
LOIHrOdZ8NY,https://www.youtube.com/watch?v=LOIHrOdZ8NY,ucsbp41obff8fsjgcvxut6ga,또왔소,아들이 집에 들어오지 않는 이유 #현실공감 #쇼츠 #아빠와아들,3957,0,2026-09-01T10:34:02.238212+00:00,2026-09-04T23:10:02.346310+00:00,2026-09-15T05:10:02.238212+00:00,기타,썰쇼핑,10700,2026-09-09 07:08:49
CE1sTk5BEyI,https://www.youtube.com/watch?v=CE1sTk5BEyI,ucwx424nckxuyae44qqqltca,쇼핑하는 김반장,해외서 난리 난 분무기 정체 세차 청소 꿀템,3954,0,2026-09-08T11:10:03.000270+00:00,2026-09-14T23:10:03.036703+00:00,2026-09-16T05:10:03.000270+00:00,제품정체형,썰쇼핑,641,2026-09-14 07:04:05
WSIholf6t1U,https://www.youtube.com/watch?v=WSIholf6t1U,ucgttnudyop52of_zrxv--aw,리빙픽템,녹 제거 하나로 떼돈 번 천재의 발명품 #녹제거 #녹제거제 #베란다청소 #생활꿀템 #셀프인테리어,3949,1,2026-08-31T09:04:02.569334+00:00,2026-09-04T23:10:02.346310+00:00,2026-09-14T05:10:02.569334+00:00,차량템,썰쇼핑,6760,2026-09-09 07:08:49
PaEujrFoEpU,https://www.youtube.com/watch?v=PaEujrFoEpU,ucxirsjqetzz4ml6lc-uu5tq,이런호기심,전투기보다 거대하다고?! 심해의 지배자 향유고래 압도적 실물 크기 🐋,3946,1,2026-09-07T09:58:03.000270+00:00,2026-09-14T23:10:03.036703+00:00,2026-09-16T05:10:03.000270+00:00,기타,썰쇼핑,14400,2026-09-14 07:04:05
cydhWpfTFZs,https://www.youtube.com/watch?v=cydhWpfTFZs,uc9xfth7mqhbdlju9qzpxiha,쿨냥냥,실력이 아니라 이미지로 잘린다-아이돌 이미지리스크 해지의 정체,3919,1,2026-09-15T08:16:03.000270+00:00,2026-09-15T23:10:03.157352+00:00,2026-09-16T05:10:03.000270+00:00,기타,썰쇼핑,5630,2026-09-09 07:08:49
vXlqiEhq-ZU,https://www.youtube.com/watch?v=vXlqiEhq-ZU,ucwgtmho0tsuedduon1fmgrw,순간의픽,한번 사면 계속 쓰는 이케아 스툴 활용법 #필수템 #이케아 #쉬레 #스툴 #의자 #활용법 #공간활용 #가구 #아이디어 #감성 #셀프인테리어 #인테리어,3918,1,2026-09-05T03:28:03.000270+00:00,2026-09-05T04:42:28.257041+00:00,2026-09-16T05:10:03.000270+00:00,홈템,썰쇼핑,580,2026-09-09 07:08:49
thoFHOS3uoI,https://www.youtube.com/watch?v=thoFHOS3uoI,ucpgmvygxrkpjlujlzhth9tg,다람이 썰전,연구원에 실수로 만들어진 전설의 사탕,3913,0,2026-09-07T14:16:03.000270+00:00,2026-09-08T11:10:24.676804+00:00,2026-09-16T05:10:03.000270+00:00,기타,썰쇼핑,1080,2026-09-09 07:08:49
KaESkte3TV8,https://www.youtube.com/watch?v=KaESkte3TV8,ucsdfcfw-a0ks-7qsdxpbprw,쇼츠킹,장인의 완벽한 유리 공예? 마지막 1초에 드러난 치명적 흠집,3913,0,2026-09-08T08:58:03.000270+00:00,2026-09-08T10:27:51.412064+00:00,2026-09-16T05:10:03.000270+00:00,기타,썰쇼핑,72400,2026-09-09 02:35:38
ZRFid_qvTTE,https://www.youtube.com/watch?v=ZRFid_qvTTE,uc5ibeeh_ee8jv5lr9ikkbng,핑크수저,미국의 제조사도 놀란 천재적인 용도 활용법,3913,1,2026-08-28T01:58:02.680133+00:00,2026-09-08T12:30:44.178691+00:00,2026-09-10T08:10:02.680133+00:00,오용형,썰쇼핑,42,2026-09-09 07:08:49
jkLj3uXgFzc,https://www.youtube.com/watch?v=jkLj3uXgFzc,ucynpgh7_qesow4pbljhmi2q,유머굿템,한국 주부들이 활용하는 방법에 난리 난 다이소,3910,0,2026-09-07T09:58:03.000270+00:00,2026-09-08T11:10:24.676804+00:00,2026-09-16T05:10:03.000270+00:00,제품정체형,썰쇼핑,17500,2026-09-09 07:08:49
CCeVN5S04XA,https://www.youtube.com/watch?v=CCeVN5S04XA,ucmeifnqi1f99moxyzgcrp2q,발견상자,귀찮아서 아예 이걸 만들어버린 천재 #automobile #살림초보 #생활꿀팁 #웃긴영상 #안전매트 #주방꿀템 #웃긴짤 #꿀템 #주방아이템,3899,0,2026-09-11T07:34:03.000270+00:00,2026-09-11T23:10:02.319689+00:00,2026-09-16T05:10:03.000270+00:00,홈템,썰쇼핑,1080,2026-09-09 07:08:49
wcatZf1SUEE,https://www.youtube.com/watch?v=wcatZf1SUEE,uct85dcdehmz7m25epyn8rqa,팝콘킥,세월을 산산조각 내버린 천재의 발명품,3893,1,2026-09-01T11:22:02.238212+00:00,2026-09-04T23:10:02.346310+00:00,2026-09-15T05:10:02.238212+00:00,제품정체형,썰쇼핑,1070,2026-09-09 07:08:49
hCfpPtLRoak,https://www.youtube.com/watch?v=hCfpPtLRoak,uckav5c_xgwtehpyk3i-zcfg,오늘꿀템,이사업계를 뒤집은 다이소 천재의 발명품,3889,0,2026-09-14T08:28:03.000270+00:00,2026-09-14T23:10:03.036703+00:00,2026-09-16T05:10:03.000270+00:00,제품정체형,썰쇼핑,1380,2026-09-09 07:08:49
5VKtpqbmVQ8,https://www.youtube.com/watch?v=5VKtpqbmVQ8,uckqnors9o6zgzjcsge5bd9a,다있슈,미국 청소천재가 개발한 제품정체,3886,1,2026-09-11T10:58:03.000270+00:00,2026-09-11T23:10:02.319689+00:00,2026-09-16T05:10:03.000270+00:00,제품정체형,썰쇼핑,1770,2026-09-09 07:08:49
oIMgU-V3qN0,https://www.youtube.com/watch?v=oIMgU-V3qN0,ucpedjalkfwwr4d2xelfykoa,숏딜,아이 집중력 깨운 천재의 발명품,3885,0,2026-09-09T08:46:03.000270+00:00,2026-09-14T23:10:03.036703+00:00,2026-09-16T05:10:03.000270+00:00,제품정체형,썰쇼핑,15200,2026-09-14 07:04:05
CWxdkjqSI74,https://www.youtube.com/watch?v=CWxdkjqSI74,ucjdpxmriuriao_4wg9-lxfa,살림픽,호텔 세탁 관리사가 절대 말 안 해주는 수건 세탁법 🤫 (섬유유연제 썼다간 피부 다 뒤집어집니다),3877,1,2026-09-06T22:16:03.000270+00:00,2026-09-08T11:10:24.676804+00:00,2026-09-16T05:10:03.000270+00:00,홈템,썰쇼핑,971,2026-09-09 07:08:49
JOkAHZdF-Uk,https://www.youtube.com/watch?v=JOkAHZdF-Uk,uc7-zana-q91i52ma1ufhghg,달래샵,청소업체 사장님들만 몰래 쓴다는 크림,3873,1,2026-08-30T10:58:02.819135+00:00,2026-09-04T23:10:02.346310+00:00,2026-09-13T05:10:02.819135+00:00,제품정체형,썰쇼핑,6910,2026-09-09 07:08:49
-NAyFSEl2NU,https://www.youtube.com/watch?v=-NAyFSEl2NU,ucw5k_x62_is3ccatyi8_pkg,이거뭐야,투명방진 패드로 살림 종결한 법 #꿀템,3862,1,2026-09-06T13:28:03.000270+00:00,2026-09-08T11:10:24.676804+00:00,2026-09-16T05:10:03.000270+00:00,홈템,썰쇼핑,10700,2026-09-09 07:08:49
1IK0qIOb1-Q,https://www.youtube.com/watch?v=1IK0qIOb1-Q,ucapo3ngjjmjssseardb1bpw,샤샤홈,누텔라보다 더 맛있는 잼,3862,0,2026-08-26T08:58:02.542305+00:00,2026-09-08T12:30:44.178691+00:00,2026-09-09T05:10:02.542305+00:00,기타,썰쇼핑,961,2026-09-09 07:08:49
R_jXqx15BUg,https://www.youtube.com/watch?v=R_jXqx15BUg,uc_hbvja6hxd4v2y0duybvuq,참좋은 도구들,카리나가 인정한 천재디자이너 볼펜 #제브라블렌#카리나볼펜,3859,3,2026-08-23T08:28:01.374377+00:00,2026-09-04T23:10:02.346310+00:00,2026-09-05T23:10:01.374377+00:00,제품정체형,썰쇼핑,1830,2026-09-09 07:08:49
6V-ZJDSFjTw,https://www.youtube.com/watch?v=6V-ZJDSFjTw,uc4fczuxwwbj0rsvbtvay3bg,숏팡,경찰도 놀란 추적기 정체,3853,0,2026-08-28T08:58:02.666924+00:00,2026-09-08T12:30:44.178691+00:00,2026-09-11T05:10:02.666924+00:00,제품정체형,썰쇼핑,43100,2026-09-09 07:08:49
kc3Cx1lSAAc,https://www.youtube.com/watch?v=kc3Cx1lSAAc,uca1sbg9pja6ilneecrbsrlq,별걸다봄,치과의사도 당황한 막대기의 정체,3847,1,2026-08-27T09:04:02.680133+00:00,2026-09-04T23:10:02.346310+00:00,2026-09-10T08:10:02.680133+00:00,제품정체형,썰쇼핑,17700,2026-09-09 07:08:49
TBKQ4Vcv5e4,https://www.youtube.com/watch?v=TBKQ4Vcv5e4,ucigtymqr64yuejp8swuysog,일단담자,미국 천재가 만들어 돈방석에 앉은 캠핑용품 정체,3844,1,2026-09-11T07:58:03.000270+00:00,2026-09-14T23:10:03.036703+00:00,2026-09-16T05:10:03.000270+00:00,제품정체형,썰쇼핑,1240,2026-09-14 07:06:10
N4LnxjjUQ30,https://www.youtube.com/watch?v=N4LnxjjUQ30,ucnjzp1yaah_e7hun6_uiduq,세꿀상점,게임 못해도 손만 존 윅이 되는 마우스,3837,1,2026-09-13T03:46:03.000270+00:00,2026-09-14T23:10:03.036703+00:00,2026-09-16T05:10:03.000270+00:00,기타,썰쇼핑,10,2026-09-14 07:04:05
Tt04zi3AFJ4,https://www.youtube.com/watch?v=Tt04zi3AFJ4,ucqnbrrb-zbu_7o5ksr27l6g,리치쇼핑,집순이들 환장하게 만든 천재의 발명품,3821,1,2026-09-01T08:58:02.238212+00:00,2026-09-04T23:10:02.346310+00:00,2026-09-15T05:10:02.238212+00:00,제품정체형,썰쇼핑,3050,2026-09-14 07:04:05
50MLxc8CfdQ,https://www.youtube.com/watch?v=50MLxc8CfdQ,uclfbmumxshw-8ylwcgp-w3w,Gcar지카,99%가 CG라고 확신한 미친 시멘트 미장 기술 (소름 주의),3819,0,2026-08-27T08:28:02.680133+00:00,2026-09-04T23:10:02.346310+00:00,2026-09-10T08:10:02.680133+00:00,장비템,썰쇼핑,75100,2026-09-09 02:35:38
cHZtmzfeISM,https://www.youtube.com/watch?v=cHZtmzfeISM,uc59ltli8hmrkc1xbgfyutoa,대박살림,제조사도 예상 못한 천재 활용법,3815,0,2026-09-01T08:40:02.238212+00:00,2026-09-08T11:10:24.676804+00:00,2026-09-15T05:10:02.238212+00:00,오용형,썰쇼핑,20600,2026-09-09 07:08:49
_HJn0fRsqPw,https://www.youtube.com/watch?v=_HJn0fRsqPw,ucsbp41obff8fsjgcvxut6ga,또왔소,역대급 방송사고로 유명해진 한 남자,3813,0,2026-08-27T02:22:01.358608+00:00,2026-09-04T23:10:02.346310+00:00,2026-09-09T23:10:01.358608+00:00,기타,썰쇼핑,10700,2026-09-09 07:08:49
qzRyOY_ZtPI,https://www.youtube.com/watch?v=qzRyOY_ZtPI,ucrbvn94qfocjbtkhepz7heg,전설의레전드,남의 집 애기발 VS 우리집 애기발,3805,1,2026-09-11T12:04:03.000270+00:00,2026-09-11T23:10:02.319689+00:00,2026-09-16T05:10:03.000270+00:00,기타,썰쇼핑,10900,2026-09-09 07:08:49
FttEBaA6aCg,https://www.youtube.com/watch?v=FttEBaA6aCg,ucgeufnhdqws3ajiskctcjcq,포미픽,살림 고수 감탄한 반전 활용법,3798,0,2026-09-01T09:58:02.666924+00:00,2026-09-04T23:10:02.346310+00:00,2026-09-11T05:10:02.666924+00:00,오용형,썰쇼핑,3850,2026-09-09 07:08:49
CP6rAOzVqpA,https://www.youtube.com/watch?v=CP6rAOzVqpA,ucssx2crprqprm_uaedxg7ua,꿀팁꿀템,평생 쓰는 일본 제품! 10가지 기능 가위#일본 가정엔 무조건 있다는 이것#분리수거에 진심#언박싱 가위#테이프 찐드기 스트레스 제거,3781,3,,2026-09-04T23:10:02.346310+00:00,2026-09-05T04:42:28.257041+00:00,홈템,썰쇼핑,53800,2026-09-09 07:08:49
hLOSkwl72cU,https://www.youtube.com/watch?v=hLOSkwl72cU,ucqrltjou9wttstlwiem2lma,왜 팔릴까,집순이 눈물나게 하는 담요 정체,3778,2,2026-09-08T10:34:03.000270+00:00,2026-09-08T11:10:24.676804+00:00,2026-09-16T05:10:03.000270+00:00,제품정체형,썰쇼핑,1720,2026-09-09 07:08:49
M83NqP-e2U4,https://www.youtube.com/watch?v=M83NqP-e2U4,ucuenvpsh41lvt6_a6yjh8_g,신비아이템,절대 넣으면 안 되는 두 가지,3764,1,2026-09-09T11:46:03.000270+00:00,2026-09-09T23:10:01.358608+00:00,2026-09-16T05:10:03.000270+00:00,기타,썰쇼핑,5780,2026-09-09 07:08:49
lpmT5P14nZQ,https://www.youtube.com/watch?v=lpmT5P14nZQ,ucjdpxmriuriao_4wg9-lxfa,살림픽,다이소 보이면 무조건 집어오세요! 업자가 비밀이라고 알려준 역대급 줄눈 코팅제 싹 다 알려드립니다,3753,1,2026-08-31T22:16:02.569334+00:00,2026-09-08T11:10:24.676804+00:00,2026-09-14T05:10:02.569334+00:00,제품정체형,썰쇼핑,971,2026-09-09 07:08:49
jgbezek5jJQ,https://www.youtube.com/watch?v=jgbezek5jJQ,uctgtq10wqqxfeortrnn5vha,뭐길래? | 생활 꿀템 쇼츠,사이드 미러 빗물 스트레스! 이걸로 끝,3751,1,2026-08-28T09:28:02.666924+00:00,2026-09-08T11:10:24.676804+00:00,2026-09-11T05:10:02.666924+00:00,기타,썰쇼핑,1020,2026-09-09 07:08:49
ATNg4q7zfuA,https://www.youtube.com/watch?v=ATNg4q7zfuA,uckkeqaxjmev8w7gd4h5kcaw,이상한철물점,가성비 무선 전기톱,3747,1,2026-09-07T13:58:03.000270+00:00,2026-09-07T23:10:02.851021+00:00,2026-09-16T05:10:03.000270+00:00,장비템,썰쇼핑,0,2026-08-19 05:56:25
adfWmZzHOlQ,https://www.youtube.com/watch?v=adfWmZzHOlQ,ucmeifnqi1f99moxyzgcrp2q,발견상자,파리잡기 성공? 실패?,3745,0,2026-09-14T13:04:03.000270+00:00,2026-09-14T23:10:03.036703+00:00,2026-09-16T05:10:03.000270+00:00,기타,썰쇼핑,1080,2026-09-09 07:08:49
bB98NOB5tK4,https://www.youtube.com/watch?v=bB98NOB5tK4,uco2z7vorocd2wu8uxl8wgew,럭키박스,절대 부러지지 않는 연필의 정체,3742,0,2026-09-03T12:34:03.000270+00:00,2026-09-04T23:10:02.346310+00:00,2026-09-16T05:10:03.000270+00:00,제품정체형,썰쇼핑,2340,2026-09-09 07:08:49
ttu6mhDNLeM,https://www.youtube.com/watch?v=ttu6mhDNLeM,ucapo3ngjjmjssseardb1bpw,샤샤홈,면봉 쓰면 무조건 이걸 써야한다는데,3739,0,2026-09-01T00:28:03.036703+00:00,2026-09-08T12:30:44.178691+00:00,2026-09-14T23:10:03.036703+00:00,기타,썰쇼핑,961,2026-09-09 07:08:49
kSlnB_uEFoI,https://www.youtube.com/watch?v=kSlnB_uEFoI,ucwgtmho0tsuedduon1fmgrw,순간의픽,살림 고수들의 파일꽂이 활용법 #필수템 #다이소 #파일꽂이 #아이디어 #활용법 #수납 #살림 #정리 #꿀팁 #감성 #셀프인테리어 #인테리어,3733,1,2026-09-08T09:10:03.000270+00:00,2026-09-08T10:27:51.412064+00:00,2026-09-16T05:10:03.000270+00:00,홈템,썰쇼핑,580,2026-09-09 07:08:49
sZSFu5dWVgU,https://www.youtube.com/watch?v=sZSFu5dWVgU,uc4iyryt1y1d5_cdjaocsk6q,설렘픽,다이소가면 이거 무조건 사오세요! 기름 버리기 #꿀템,3724,1,,2026-09-04T23:10:02.346310+00:00,2026-09-05T04:42:28.257041+00:00,홈템,썰쇼핑,2580,2026-09-09 07:08:49
I7e8-9d7_dU,https://www.youtube.com/watch?v=I7e8-9d7_dU,uckav5c_xgwtehpyk3i-zcfg,오늘꿀템,다이소에도 없는 테이프의 미친 활용법,3721,0,2026-09-05T08:28:03.000270+00:00,2026-09-05T23:10:01.374377+00:00,2026-09-16T05:10:03.000270+00:00,오용형,썰쇼핑,1380,2026-09-09 07:08:49
ad_f-ZprT44,https://www.youtube.com/watch?v=ad_f-ZprT44,ucs9rzo0w2sa-ik3w2j4mkzg,홈킥킥,조개 해감할 때 소금 넣지마세요,3711,7,2026-09-10T07:58:03.000270+00:00,2026-09-10T08:10:02.680133+00:00,2026-09-16T05:10:03.000270+00:00,기타,썰쇼핑,15800,2026-09-09 07:08:49
AWZ1_d27yv0,https://www.youtube.com/watch?v=AWZ1_d27yv0,ucqccuxzpl3snkehlhbti2hg,갓성비추천템,황당한 기능넣어 아마존1위찍은 드라이기,3707,2,2026-09-01T14:40:02.238212+00:00,2026-09-08T11:10:24.676804+00:00,2026-09-15T05:10:02.238212+00:00,기타,썰쇼핑,29800,2026-09-09 07:08:49
tZb9N3pdlN4,https://www.youtube.com/watch?v=tZb9N3pdlN4,uc2olkq_zdkl1aiftvhuhf8a,손끝상점,다이소도 예상못하 천재 주부의 활용법,3704,2,2026-09-10T09:28:03.000270+00:00,2026-09-11T02:10:02.367900+00:00,2026-09-16T05:10:03.000270+00:00,제품정체형,썰쇼핑,27,2026-09-14 07:04:05
iwErSni07PQ,https://www.youtube.com/watch?v=iwErSni07PQ,ucjdpxmriuriao_4wg9-lxfa,살림픽,청담동 헤어샵 디자이너도 셀프 염색할 때 쓴다는 30만원 절약 다이소 꿀템 (탈색 없이 미용실 머릿결),3697,4,2026-09-02T22:16:03.000270+00:00,2026-09-08T11:10:24.676804+00:00,2026-09-16T05:10:03.000270+00:00,홈템,썰쇼핑,971,2026-09-09 07:08:49
uxomK-ruThw,https://www.youtube.com/watch?v=uxomK-ruThw,uczgoriozc_etvvg-o72xjcw,썰n픽,상위 1% 직장인만 쓴다는 제품의 정체,3691,4,2026-09-11T10:58:03.000270+00:00,2026-09-14T23:10:03.036703+00:00,2026-09-16T05:10:03.000270+00:00,제품정체형,썰쇼핑,1080,2026-09-14 07:04:05
kbwofUrbj6w,https://www.youtube.com/watch?v=kbwofUrbj6w,uct85dcdehmz7m25epyn8rqa,팝콘킥,구조하나로 떼돈 번 일본천재의 발명품,3691,3,2026-08-26T12:58:02.542305+00:00,2026-09-04T23:10:02.346310+00:00,2026-09-09T05:10:02.542305+00:00,제품정체형,썰쇼핑,1070,2026-09-09 07:08:49
IWO6NFOqMy4,https://www.youtube.com/watch?v=IWO6NFOqMy4,uc5vyr2cff4364oi5l6cwrja,숏핑,면봉 다 버리게 한 천재의 발명품,3684,0,2026-09-04T09:28:03.000270+00:00,2026-09-04T23:10:02.346310+00:00,2026-09-16T05:10:03.000270+00:00,제품정체형,썰쇼핑,39900,2026-09-09 07:08:49
SDLhWbTru_o,https://www.youtube.com/watch?v=SDLhWbTru_o,ucnjzp1yaah_e7hun6_uiduq,세꿀상점,애플 풀세트를 접어버린 충전기의 정체,3683,2,2026-09-11T10:04:03.000270+00:00,2026-09-14T23:10:03.036703+00:00,2026-09-16T05:10:03.000270+00:00,제품정체형,썰쇼핑,10,2026-09-14 07:04:05
zAb0anG8pAo,https://www.youtube.com/watch?v=zAb0anG8pAo,ucidv5xotd-tom-6lqw3slnq,집꾸,현실로 나온 추억의 지렁이 게임,3681,0,2026-09-03T10:58:02.819135+00:00,2026-09-08T11:10:24.676804+00:00,2026-09-13T05:10:02.819135+00:00,홈템,썰쇼핑,30200,2026-09-09 07:08:49
B2W10BlQQYg,https://www.youtube.com/watch?v=B2W10BlQQYg,ucwomfgpbfxbehvdxb9j7rsa,살림템바이,이케아 고수들이 카트 활용하는법 |집꾸미기|정리꿀템|공간활용,3632,0,2026-08-29T08:58:02.660921+00:00,2026-09-04T23:10:02.346310+00:00,2026-09-12T05:10:02.660921+00:00,홈템,썰쇼핑,1090,2026-09-09 07:08:49
NPgF0sJUKG4,https://www.youtube.com/watch?v=NPgF0sJUKG4,ucjcbuxcvr7fojmnvzw3haua,상자쿤,자동차 딜러도 당황한 일본 천재 아이디어ㄷㄷㄷ,3631,3,2026-09-06T09:46:03.000270+00:00,2026-09-08T11:10:24.676804+00:00,2026-09-16T05:10:03.000270+00:00,제품정체형,썰쇼핑,5860,2026-09-09 07:08:49
iODxzY-5UTU,https://www.youtube.com/watch?v=iODxzY-5UTU,uckpphyi5ul6uw-axomcfmia,뽀터언니,일식집 사장을 눈물나게 하는 마트생선,3623,1,2026-09-14T09:28:03.000270+00:00,2026-09-14T23:10:03.036703+00:00,2026-09-16T05:10:03.000270+00:00,기타,썰쇼핑,1350,2026-09-09 07:08:49
JhX3wgDndQs,https://www.youtube.com/watch?v=JhX3wgDndQs,ucsbp41obff8fsjgcvxut6ga,또왔소,이 농구선수를 못 막는 이유,3594,0,2026-09-14T05:58:03.000270+00:00,2026-09-14T23:10:03.036703+00:00,2026-09-16T05:10:03.000270+00:00,기타,썰쇼핑,10700,2026-09-09 07:08:49
MUyKUtV3WJM,https://www.youtube.com/watch?v=MUyKUtV3WJM,ucw5k_x62_is3ccatyi8_pkg,이거뭐야,물만 부으면 완성되는 구슬 얼음컵,3587,0,2026-09-10T14:28:03.000270+00:00,2026-09-11T02:10:02.367900+00:00,2026-09-16T05:10:03.000270+00:00,기타,썰쇼핑,10700,2026-09-09 07:08:49
j5VFVK0VZ7M,https://www.youtube.com/watch?v=j5VFVK0VZ7M,ucs9rzo0w2sa-ik3w2j4mkzg,홈킥킥,딸기 수돗물에 씻지 마세요,3576,1,2026-09-15T11:58:03.000270+00:00,2026-09-15T23:10:03.157352+00:00,2026-09-16T05:10:03.000270+00:00,기타,썰쇼핑,15800,2026-09-09 07:08:49
Juya9b7OUeg,https://www.youtube.com/watch?v=Juya9b7OUeg,ucwwuxe1dfkgyhf5euhsitzw,살림장착,1초만에 요리 천재 만드는 발명,3567,6,2026-08-31T14:28:02.569334+00:00,2026-09-04T23:10:02.346310+00:00,2026-09-14T05:10:02.569334+00:00,레시피,썰쇼핑,8850,2026-09-09 07:08:49
tMzpRqfrFa0,https://www.youtube.com/watch?v=tMzpRqfrFa0,ucwomfgpbfxbehvdxb9j7rsa,살림템바이,구멍냈더니 대박난 이케아 대나무 수납함 |정리꿀템|인테리어|이케아 추천템,3567,2,,2026-09-04T23:10:02.346310+00:00,2026-09-05T04:42:28.257041+00:00,홈템,썰쇼핑,1090,2026-09-09 07:08:49
dF4I25PumUA,https://www.youtube.com/watch?v=dF4I25PumUA,ucmeifnqi1f99moxyzgcrp2q,발견상자,터질것 같은데 넣으라는 물건,3561,2,2026-09-14T10:16:03.000270+00:00,2026-09-14T23:10:03.036703+00:00,2026-09-16T05:10:03.000270+00:00,기타,썰쇼핑,1080,2026-09-09 07:08:49
P6JhWXuPyyE,https://www.youtube.com/watch?v=P6JhWXuPyyE,ucwgtmho0tsuedduon1fmgrw,순간의픽,이케아 바구니를 세로로 세웠더니 #필수템 #이케아 #폴뤼케 #바구니 #살림 #천재 #아이디어 #수납 #선반 #활용법 #감성 #셀프인테리어 #인테리어,3558,1,2026-08-24T09:04:01.282766+00:00,2026-09-04T23:10:02.346310+00:00,2026-09-06T23:10:01.282766+00:00,홈템,썰쇼핑,580,2026-09-09 07:08:49
BX1CeioNCcQ,https://www.youtube.com/watch?v=BX1CeioNCcQ,ucgttnudyop52of_zrxv--aw,리빙픽템,요즘 횟집 사장님들 통곡하게 만든 이유 #새우손질 #생새우회 #새우손질도구 #주방꿀템 #살림템,3551,1,2026-09-11T09:04:03.000270+00:00,2026-09-11T23:10:02.319689+00:00,2026-09-16T05:10:03.000270+00:00,홈템,썰쇼핑,6760,2026-09-09 07:08:49
FXaFowWpIi0,https://www.youtube.com/watch?v=FXaFowWpIi0,ucsevfs9sqzl_tuzrqzsu1yq,쇼츠룸,이 고양이가 피아노 치는 진짜 이유#피아노치는고양이 #재즈냥 #반전주의,3544,0,2026-09-07T10:58:03.000270+00:00,2026-09-14T23:10:03.036703+00:00,2026-09-16T05:10:03.000270+00:00,제품정체형,썰쇼핑,1150,2026-09-14 07:04:05
LUggztKwEmI,https://www.youtube.com/watch?v=LUggztKwEmI,uco9-zofurha9d1wwatfgzkg,땡스템,공구개발자도 예상 못한 활용법 #링타공기 #생활꿀템 #살림꿀템 #펀칭기 #아일렛타공기,3524,1,2026-09-06T02:40:03.000270+00:00,2026-09-06T23:10:01.282766+00:00,2026-09-16T05:10:03.000270+00:00,오용형,썰쇼핑,4210,2026-09-09 07:08:49
7uPQxMqf9Og,https://www.youtube.com/watch?v=7uPQxMqf9Og,uc_vnciqax_yorgwxnkb2oua,꿀템박스,"삼성도 놀랐다는 한국 천재 발명품, 세탁조 클리너 #세탁조크리너#세탁시청소기",3519,3,2026-09-03T08:58:03.000270+00:00,2026-09-14T23:10:03.036703+00:00,2026-09-16T05:10:03.000270+00:00,제품정체형,썰쇼핑,148,2026-09-14 07:04:05
hcGk5xNQfDY,https://www.youtube.com/watch?v=hcGk5xNQfDY,ucsord3ilyzlndabbmiihcog,썰칩12,영업기밀 오픈한 맘스터치 감자튀김,3519,2,2026-09-01T04:10:03.036703+00:00,2026-09-04T23:10:02.346310+00:00,2026-09-14T23:10:03.036703+00:00,레시피,썰쇼핑,22700,2026-09-09 07:08:49
xeActijUPrY,https://www.youtube.com/watch?v=xeActijUPrY,ucjdpxmriuriao_4wg9-lxfa,살림픽,다이소 보이면 무조건 쓸어담으세요! 40년 된 아파트 찌든 때 싹 지워주는 미친 꿀템,3518,2,2026-09-03T22:16:03.000270+00:00,2026-09-08T11:10:24.676804+00:00,2026-09-16T05:10:03.000270+00:00,홈템,썰쇼핑,971,2026-09-09 07:08:49
pKVXtHeuiaM,https://www.youtube.com/watch?v=pKVXtHeuiaM,ucqrltjou9wttstlwiem2lma,왜 팔릴까,환풍기시장 싹다 씹어먹은 발명품,3515,2,2026-09-06T08:04:03.000270+00:00,2026-09-06T23:10:01.282766+00:00,2026-09-16T05:10:03.000270+00:00,제품정체형,썰쇼핑,1720,2026-09-09 07:08:49
sNj0aDJr_as,https://www.youtube.com/watch?v=sNj0aDJr_as,ucamzjidsn-e1fi_kpveqt_q,순삭킥,나이 속이고 지구인 코스프레하는 할아버지 #철봉 #캘리스테닉스 #운동고수 #소림사 #철봉운동,3513,0,2026-09-10T08:58:03.000270+00:00,2026-09-14T23:10:03.036703+00:00,2026-09-16T05:10:03.000270+00:00,기타,썰쇼핑,8870,2026-09-14 07:06:10
r0KJA8EbV9U,https://www.youtube.com/watch?v=r0KJA8EbV9U,uclfbmumxshw-8ylwcgp-w3w,Gcar지카,강철판을 종이처럼 접어버리는 괴물 기계 😱 (속 시원함 주의),3512,0,2026-09-02T14:10:03.000270+00:00,2026-09-04T23:10:02.346310+00:00,2026-09-16T05:10:03.000270+00:00,기타,썰쇼핑,75100,2026-09-09 02:35:38
Fbq3jD8_ieY,https://www.youtube.com/watch?v=Fbq3jD8_ieY,ucrbvn94qfocjbtkhepz7heg,전설의레전드,이거 끼고 잤더니 불면증 사라졌다는 아내,3504,0,2026-08-30T08:52:02.819135+00:00,2026-09-08T11:10:24.676804+00:00,2026-09-13T05:10:02.819135+00:00,기타,썰쇼핑,10900,2026-09-09 07:08:49
Q65q8z7gLU8,https://www.youtube.com/watch?v=Q65q8z7gLU8,uc8xd-qdceh3dtim7_ho4nsg,살림자매,맛도 성분도 추천하는 맛도리 베스트3  #컬리 #컬리간식 #쿠팡 #장바구니하울 #재구매템,3499,1,2026-09-03T14:16:03.000270+00:00,2026-09-04T23:10:02.346310+00:00,2026-09-16T05:10:03.000270+00:00,홈템,썰쇼핑,17500,2026-09-09 02:35:38
HEZpi8nyzV8,https://www.youtube.com/watch?v=HEZpi8nyzV8,ucee8ue8x00th6esoz0w08eq,살림보고,연기를 빨아먹는 발명품 #shorts,3496,0,2026-09-10T12:58:03.000270+00:00,2026-09-11T02:10:02.367900+00:00,2026-09-16T05:10:03.000270+00:00,제품정체형,썰쇼핑,10800,2026-09-09 07:08:49
4RL5qZ5wlps,https://www.youtube.com/watch?v=4RL5qZ5wlps,ucxqe5br7t3dym4kfsmw_xcw,반디몰,압축봉 활용 꿀팁 3가지 #다이소꿀템 #다이소압축봉 #압축봉활용법 #압축봉 #살림꿀팁 #수납정리 #신발장정리 #주방수납 #욕실청소,3494,0,2026-08-26T08:58:02.542305+00:00,2026-09-08T11:10:24.676804+00:00,2026-09-09T05:10:02.542305+00:00,홈템,썰쇼핑,1050,2026-09-09 07:08:49
o564ZBmhop0,https://www.youtube.com/watch?v=o564ZBmhop0,uc7rasihu7b9qtjd81ywoymq,아이템홈,비닐랩 없앤 천재의 발명품  #생활꿀템 #꿀템 #주방꿀템 #비닐랩 #비닐봉지,3490,0,2026-09-11T05:28:03.000270+00:00,2026-09-11T23:10:02.319689+00:00,2026-09-16T05:10:03.000270+00:00,제품정체형,썰쇼핑,23800,2026-09-09 07:08:49
QzEdeG_dxUI,https://www.youtube.com/watch?v=QzEdeG_dxUI,uctmchwo4yehl0exsqp_apog,생활꿀템추천샵,다이소 가면 꼭 집어오세요! 맘카페 난리 난 가스레인지 찌든 때 제거 꿀템 (청소용 퓨미스 스톤),3489,1,2026-08-26T09:58:02.542305+00:00,2026-09-08T10:27:51.412064+00:00,2026-09-09T05:10:02.542305+00:00,제품정체형,썰쇼핑,6830,2026-09-09 07:08:49
2eWBOwZlQv8,https://www.youtube.com/watch?v=2eWBOwZlQv8,ucjlxkqrjd0pecwp1xkuvoeq,꿀템첵첵,"무지외반증 참지 마세요, 만원이면 해결!",3485,1,2026-09-04T22:10:03.000270+00:00,2026-09-04T23:10:02.346310+00:00,2026-09-16T05:10:03.000270+00:00,기타,썰쇼핑,27200,2026-09-09 07:08:49
yRNawsvsAgI,https://www.youtube.com/watch?v=yRNawsvsAgI,ucmbeuonh4nls9qryeeue_gg,쓸모있어,이 새의 정체ㄷㄷ                 #꿀템 #꿀팁 #병따개,3476,1,2026-08-30T10:58:02.819135+00:00,2026-09-08T11:10:24.676804+00:00,2026-09-13T05:10:02.819135+00:00,제품정체형,썰쇼핑,1240,2026-09-09 07:08:49
W6PcXk7a-0U,https://www.youtube.com/watch?v=W6PcXk7a-0U,ucs9rzo0w2sa-ik3w2j4mkzg,홈킥킥,기름때 물때 한번에 해결,3473,1,2026-08-31T07:58:02.569334+00:00,2026-09-08T11:10:24.676804+00:00,2026-09-14T05:10:02.569334+00:00,기타,썰쇼핑,15800,2026-09-09 07:08:49
EmIkfwXXbw0,https://www.youtube.com/watch?v=EmIkfwXXbw0,uc7-zana-q91i52ma1ufhghg,달래샵,기계치 엄마도 1초면 연결하는 미친템,3470,2,2026-09-04T10:58:03.000270+00:00,2026-09-04T23:10:02.346310+00:00,2026-09-16T05:10:03.000270+00:00,기타,썰쇼핑,6910,2026-09-09 07:08:49
aWO6LjN9-ms,https://www.youtube.com/watch?v=aWO6LjN9-ms,ucl12scb2y7j-kx0_ghaf-xq,썰풀다,"냄비받침 주제에 감성 미쳤다고 난리 난 3,900원짜리 받침대#냄비받침 #살림꿀팁 #인테리어소품",3469,2,2026-09-09T07:10:03.000270+00:00,2026-09-09T23:10:01.358608+00:00,2026-09-16T05:10:03.000270+00:00,홈템,썰쇼핑,0,2026-08-19 05:56:25
Qkr0bc6B1UM,https://www.youtube.com/watch?v=Qkr0bc6B1UM,ucyu2fsk_auhf4v14mqvv0la,천만템노트 ,산책할때마다 견주들이 눈물 흘린다는 물통의 정체,3469,1,2026-09-07T15:34:03.000270+00:00,2026-09-14T23:10:03.036703+00:00,2026-09-16T05:10:03.000270+00:00,제품정체형,썰쇼핑,1070,2026-09-14 07:04:05
_9Ni-lb3zhw,https://www.youtube.com/watch?v=_9Ni-lb3zhw,uc59ltli8hmrkc1xbgfyutoa,대박살림,미국 제조사도 충격받은 한국 천재 활용법,3462,0,2026-09-05T05:28:03.000270+00:00,2026-09-08T11:10:24.676804+00:00,2026-09-16T05:10:03.000270+00:00,제품정체형,썰쇼핑,20600,2026-09-09 07:08:49
NQEojXZltM0,https://www.youtube.com/watch?v=NQEojXZltM0,uc0do9ivmcduowrrnlcg94hw,꿀템줍줍,"🔥 다이소에서 난리난 말랑이 후크, 이렇게까지 된다고?(0314번)",3458,4,2026-09-13T12:58:03.000270+00:00,2026-09-13T23:10:02.300105+00:00,2026-09-16T05:10:03.000270+00:00,제품정체형,썰쇼핑,44400,2026-09-09 02:35:38
tk1F5it58OM,https://www.youtube.com/watch?v=tk1F5it58OM,uckav5c_xgwtehpyk3i-zcfg,오늘꿀템,다이소 직원도 탐내는 제품 활용법,3452,1,2026-08-24T08:28:01.282766+00:00,2026-09-04T23:10:02.346310+00:00,2026-09-06T23:10:01.282766+00:00,제품정체형,썰쇼핑,1380,2026-09-09 07:08:49
8Sf9mbycT24,https://www.youtube.com/watch?v=8Sf9mbycT24,ucf_di4heihyo_ghbpg-0yxa,공가미,일본 천재가 만들어버린 키작은 사람을 위한 발명품ㅋㅋ,3446,2,2026-08-28T10:46:02.666924+00:00,2026-09-04T23:10:02.346310+00:00,2026-09-11T05:10:02.666924+00:00,제품정체형,썰쇼핑,8070,2026-09-09 07:08:49
-tZzJlKyxxE,https://www.youtube.com/watch?v=-tZzJlKyxxE,ucxirsjqetzz4ml6lc-uu5tq,이런호기심,하루 종일 입 벌리고 수영하는 3억 년 전 고대 괴물 ㄷㄷ 🦈,3442,1,2026-09-08T09:58:03.000270+00:00,2026-09-14T23:10:03.036703+00:00,2026-09-16T05:10:03.000270+00:00,기타,썰쇼핑,14400,2026-09-14 07:04:05
MUXE3Ej3L0Q,https://www.youtube.com/watch?v=MUXE3Ej3L0Q,ucf7bncknwzsbcmt_zvxdwkw,ヤッホー,無礼にこそ親切を,3437,0,2026-09-12T23:58:03.000270+00:00,2026-09-13T05:10:02.819135+00:00,2026-09-16T05:10:03.000270+00:00,기타,썰쇼핑,35500,2026-09-09 07:08:49
BGE02JrdF8E,https://www.youtube.com/watch?v=BGE02JrdF8E,ucyu2fsk_auhf4v14mqvv0la,천만템노트 ,모르고 쓰면 대참사 난다는 빨대의 정체,3424,1,2026-09-08T15:58:03.000270+00:00,2026-09-14T23:10:03.036703+00:00,2026-09-16T05:10:03.000270+00:00,제품정체형,썰쇼핑,1070,2026-09-14 07:04:05
_J5WGO1ODe4,https://www.youtube.com/watch?v=_J5WGO1ODe4,uctgtq10wqqxfeortrnn5vha,뭐길래? | 생활 꿀템 쇼츠,식감에 몰빵한 집착맨의 파스타면,3418,0,2026-08-26T09:10:02.542305+00:00,2026-09-08T11:10:24.676804+00:00,2026-09-09T05:10:02.542305+00:00,기타,썰쇼핑,1020,2026-09-09 07:08:49
Adai9sm1q-0,https://www.youtube.com/watch?v=Adai9sm1q-0,uc9cpf1vjxwkndwy1jvvdzvw,쇼핑남자,요리 똥손 반하게한 이케아 종이레시피,3417,1,2026-09-15T03:58:03.000270+00:00,2026-09-15T05:10:02.238212+00:00,2026-09-16T05:10:03.000270+00:00,레시피,썰쇼핑,6370,2026-09-09 07:08:49
QJILOn9ntB0,https://www.youtube.com/watch?v=QJILOn9ntB0,ucsdfcfw-a0ks-7qsdxpbprw,쇼츠킹,변압기가 폭발하면 생기는 일 (마지막 불기둥 소름 주의),3416,1,2026-09-12T07:46:03.000270+00:00,2026-09-12T23:10:03.131380+00:00,2026-09-16T05:10:03.000270+00:00,기타,썰쇼핑,72400,2026-09-09 02:35:38
81GeeVvXB3A,https://www.youtube.com/watch?v=81GeeVvXB3A,ucwgtmho0tsuedduon1fmgrw,순간의픽,"단돈 4,000원 이케아 시계 활용법 #필수템 #이케아 #트롬마 #시계 #꾸미기 #가성비 #DIY #활용법 #아이 #소품 #감성 #셀프인테리어 #인테리어",3415,1,2026-08-25T00:46:02.851021+00:00,2026-09-04T23:10:02.346310+00:00,2026-09-07T23:10:02.851021+00:00,홈템,썰쇼핑,580,2026-09-09 07:08:49
jjx1STixNao,https://www.youtube.com/watch?v=jjx1STixNao,uc_axlecdgpvawgimuyuvluq,더 홈 에디토리,레고 디자이너도 예상 못한 미친 활용법#레고,3392,0,2026-09-08T03:34:03.000270+00:00,2026-09-14T23:10:03.036703+00:00,2026-09-16T05:10:03.000270+00:00,오용형,썰쇼핑,11000,2026-09-14 07:04:05
fMJxWvkdPeY,https://www.youtube.com/watch?v=fMJxWvkdPeY,ucwgtmho0tsuedduon1fmgrw,순간의픽,이케아 침대를 뒤집었더니 ㄷㄷ #꿀템 #필수템 #이케아 #쿠라 #양면 #침대 #활용법 #공간활용 #아이디어 #감성 #셀프인테리어 #인테리어,3392,3,2026-08-28T09:16:02.666924+00:00,2026-09-04T23:10:02.346310+00:00,2026-09-11T05:10:02.666924+00:00,홈템,썰쇼핑,580,2026-09-09 07:08:49
jdwPPJpzlLM,https://www.youtube.com/watch?v=jdwPPJpzlLM,ucdzguqgjnb3fd6jgxvn-obq,오리핫템,이게 요즘 논란! 옷걸이 100% 활용 꿀팁 대방출,3391,0,2026-08-27T01:58:01.358608+00:00,2026-09-08T11:10:24.676804+00:00,2026-09-09T23:10:01.358608+00:00,기타,썰쇼핑,19900,2026-09-09 07:08:49
CKZ-LegXbxo,https://www.youtube.com/watch?v=CKZ-LegXbxo,ucmbeuonh4nls9qryeeue_gg,쓸모있어,한국천재가 개발해 떼돈 번 아이템     #냄새제거 #미니후드 #캠핑,3384,3,2026-08-31T02:58:02.300105+00:00,2026-09-08T11:10:24.676804+00:00,2026-09-13T23:10:02.300105+00:00,제품정체형,썰쇼핑,1240,2026-09-09 07:08:49
S9UyxRf4DYE,https://www.youtube.com/watch?v=S9UyxRf4DYE,ucsevfs9sqzl_tuzrqzsu1yq,쇼츠룸,낙서인 줄 알았는데.. 소름#드로잉 #금손 #마이클잭슨 #반전 #예술,3382,2,2026-09-07T04:58:03.000270+00:00,2026-09-14T23:10:03.036703+00:00,2026-09-16T05:10:03.000270+00:00,제품정체형,썰쇼핑,1150,2026-09-14 07:04:05
z-tTz9NaS90,https://www.youtube.com/watch?v=z-tTz9NaS90,ucxeyhz8xitvlxhdduxy6zca,리뷰남 ,다이소 상품팀도 벤치마킹한 일본 천재의 발명품,3372,1,2026-09-14T02:04:03.000270+00:00,2026-09-14T05:10:02.569334+00:00,2026-09-16T05:10:03.000270+00:00,제품정체형,썰쇼핑,16100,2026-09-09 07:08:49
HH2ckaFpNe8,https://www.youtube.com/watch?v=HH2ckaFpNe8,ucqrltjou9wttstlwiem2lma,왜 팔릴까,캠핑에 미친 한국천재가 만든 제품,3364,2,2026-09-07T10:40:03.000270+00:00,2026-09-07T23:10:02.851021+00:00,2026-09-16T05:10:03.000270+00:00,제품정체형,썰쇼핑,1720,2026-09-09 07:08:49
mnh-efOrzj8,https://www.youtube.com/watch?v=mnh-efOrzj8,ucxirsjqetzz4ml6lc-uu5tq,이런호기심,물고기가 침대를 쓴다고? 베타가 나뭇잎에 누워 자는 진짜 이유 🐟🛏️,3360,1,2026-09-08T05:58:03.000270+00:00,2026-09-14T23:10:03.036703+00:00,2026-09-16T05:10:03.000270+00:00,기타,썰쇼핑,14400,2026-09-14 07:04:05
vxSEdHeloEY,https://www.youtube.com/watch?v=vxSEdHeloEY,uc4iyryt1y1d5_cdjaocsk6q,설렘픽,얼마나 누르고 싶은지 감도 안 옴ㅋㅋ #키보드 #키캡 ｜Pig Keycap ASMR,3359,0,2026-09-03T13:28:03.000270+00:00,2026-09-04T23:10:02.346310+00:00,2026-09-16T05:10:03.000270+00:00,기타,썰쇼핑,2580,2026-09-09 07:08:49
0ZnNnJQR4yU,https://www.youtube.com/watch?v=0ZnNnJQR4yU,uclfbmumxshw-8ylwcgp-w3w,Gcar지카,천장 뚫을 때 먼지 폭탄 피하는 천재적인 방법 😲 (속 시원함 주의),3349,0,2026-09-04T14:22:03.000270+00:00,2026-09-04T23:10:02.346310+00:00,2026-09-16T05:10:03.000270+00:00,제품정체형,썰쇼핑,75100,2026-09-09 02:35:38
8My8exhJ4es,https://www.youtube.com/watch?v=8My8exhJ4es,ucof1tzdolqz-odj4r33039g,소소한 리뷰,다이소엔 없는 주방 청소템! 설거지 뒷처리가 너무 편해져요,3345,0,2026-09-13T00:58:03.000270+00:00,2026-09-13T05:10:02.819135+00:00,2026-09-16T05:10:03.000270+00:00,홈템,썰쇼핑,11300,2026-09-09 02:35:38
pVXC5F5cBG8,https://www.youtube.com/watch?v=pVXC5F5cBG8,ucapo3ngjjmjssseardb1bpw,샤샤홈,외국인들이 더 좋아하는 한국칫솔,3331,2,2026-08-28T23:28:02.319689+00:00,2026-09-08T12:30:44.178691+00:00,2026-09-11T23:10:02.319689+00:00,기타,썰쇼핑,961,2026-09-09 07:08:49
T6lrJEzHQDo,https://www.youtube.com/watch?v=T6lrJEzHQDo,uco9-zofurha9d1wwatfgzkg,땡스템,가구 디자이너도 전혀 예상 못한 미친 꼼수 #홈인테리어 #가구인테리어 #테이블추천 #거실인테리어 #자취꿀템,3325,1,2026-09-15T09:58:03.000270+00:00,2026-09-15T23:10:03.157352+00:00,2026-09-16T05:10:03.000270+00:00,제품정체형,썰쇼핑,4210,2026-09-09 07:08:49
yhrYIfZ_1XE,https://www.youtube.com/watch?v=yhrYIfZ_1XE,uc2olkq_zdkl1aiftvhuhf8a,손끝상점,미국 천재가 만들어 떼돈번 제품 정체,3322,0,2026-09-11T08:58:03.000270+00:00,2026-09-11T23:10:02.319689+00:00,2026-09-16T05:10:03.000270+00:00,제품정체형,썰쇼핑,27,2026-09-14 07:04:05
4dGIbDPJupI,https://www.youtube.com/watch?v=4dGIbDPJupI,ucuenvpsh41lvt6_a6yjh8_g,신비아이템,조롱받던 신발이 아이콘 된 이유,3310,0,2026-08-26T09:46:02.542305+00:00,2026-09-08T12:30:44.178691+00:00,2026-09-09T05:10:02.542305+00:00,기타,썰쇼핑,5780,2026-09-09 07:08:49
gefsoAZ3wMg,https://www.youtube.com/watch?v=gefsoAZ3wMg,ucejfwa2iezjwpd6ry2kq0xa,집좋아,일주일 뒤 기겁한 미친 지퍼백의 정체,3305,1,2026-09-11T10:46:03.000270+00:00,2026-09-11T23:10:02.319689+00:00,2026-09-16T05:10:03.000270+00:00,제품정체형,썰쇼핑,8360,2026-09-09 07:08:49
Yn7Nw8idA1w,https://www.youtube.com/watch?v=Yn7Nw8idA1w,uc-qj4zhvdxc0f-m8quxl-fw,귤템,권태기 박살낸 일본 천재 발명품,3302,3,2026-09-08T09:10:03.000270+00:00,2026-09-08T11:10:24.676804+00:00,2026-09-16T05:10:03.000270+00:00,제품정체형,썰쇼핑,4880,2026-09-09 07:08:49
CxFHmdGOdAg,https://www.youtube.com/watch?v=CxFHmdGOdAg,ucl12scb2y7j-kx0_ghaf-xq,썰풀다,현장 아저씨가 우주선 투구를 쓰고 출근한 충격적인 이유#방진마스크 #전동마스크 #현장템,3297,1,2026-09-04T10:40:03.000270+00:00,2026-09-04T23:10:02.346310+00:00,2026-09-16T05:10:03.000270+00:00,기타,썰쇼핑,0,2026-08-19 05:56:25
5JkP60NZmsg,https://www.youtube.com/watch?v=5JkP60NZmsg,ucapo3ngjjmjssseardb1bpw,샤샤홈,천재가 게으르면 생기는 일,3294,2,2026-08-27T10:28:02.680133+00:00,2026-09-08T12:30:44.178691+00:00,2026-09-10T08:10:02.680133+00:00,제품정체형,썰쇼핑,961,2026-09-09 07:08:49
6CotzFZx2kA,https://www.youtube.com/watch?v=6CotzFZx2kA,ucjiyb-pm9ltdsk4a4yw7oia,마미마루,이거 때문에 책을 읽는다고? #유아책장,3288,1,2026-09-10T04:52:03.000270+00:00,2026-09-10T08:10:02.680133+00:00,2026-09-16T05:10:03.000270+00:00,기타,썰쇼핑,507,2026-09-09 07:08:49
XO1TjA5bOu0,https://www.youtube.com/watch?v=XO1TjA5bOu0,ucee8ue8x00th6esoz0w08eq,살림보고,다이소에서 종이호일 꿀템 꼭 사오세요 #shorts,3281,2,2026-08-25T23:28:01.332600+00:00,2026-09-04T23:10:02.346310+00:00,2026-09-08T23:10:01.332600+00:00,홈템,썰쇼핑,10800,2026-09-09 07:08:49
JktEp3htVzM,https://www.youtube.com/watch?v=JktEp3htVzM,ucubpeqak9dgcj93bilzcs-q,마케터의 시선,이케아도 놀란 서랍장 활용법 유튜브,3277,0,2026-09-03T11:52:03.000270+00:00,2026-09-08T11:10:24.676804+00:00,2026-09-16T05:10:03.000270+00:00,오용형,썰쇼핑,69,2026-09-09 07:08:49
ASqA8VfsRCw,https://www.youtube.com/watch?v=ASqA8VfsRCw,uc9xfth7mqhbdlju9qzpxiha,쿨냥냥,"유소년은 우리가 위라던 일본 해설, 한국 선수 맞냐고 물었다",3276,0,2026-09-06T02:04:03.000270+00:00,2026-09-08T12:30:44.178691+00:00,2026-09-16T05:10:03.000270+00:00,기타,썰쇼핑,5630,2026-09-09 07:08:49
EwZJrDIXGRk,https://www.youtube.com/watch?v=EwZJrDIXGRk,uctvonxoqv3-ntqka3lhafnq,담아,50만원 굳게 만든 다이소 마법의 가루,3271,3,2026-08-26T22:58:02.542305+00:00,2026-09-04T23:10:02.346310+00:00,2026-09-09T05:10:02.542305+00:00,홈템,썰쇼핑,187,2026-09-09 07:08:49
sgAutUh5AcM,https://www.youtube.com/watch?v=sgAutUh5AcM,ucidv5xotd-tom-6lqw3slnq,집꾸,아이보다 아빠가 더 진심인 장난감,3267,0,2026-09-04T10:58:02.819135+00:00,2026-09-08T11:10:24.676804+00:00,2026-09-13T05:10:02.819135+00:00,홈템,썰쇼핑,30200,2026-09-09 07:08:49
rjOTz-G7tbA,https://www.youtube.com/watch?v=rjOTz-G7tbA,ucacjyzv8sszopdmi_punhyw,느좋스냅,영국 천재 공학자가 방구석 헬창주려고 만든 미친 호흡아령 #웃긴영상 #러닝다이어트,3259,6,2026-08-27T14:22:02.680133+00:00,2026-09-08T11:10:24.676804+00:00,2026-09-10T08:10:02.680133+00:00,제품정체형,썰쇼핑,42300,2026-09-09 07:08:49
4S_yTWfuZkw,https://www.youtube.com/watch?v=4S_yTWfuZkw,ucwgtmho0tsuedduon1fmgrw,순간의픽,이케아 조명을 뒤집었더니 #필수템 #이케아 #조명 #DIY #열기구 #라탄 #아이 #활용법 #아이디어 #감성 #셀프인테리어 #인테리어,3251,3,2026-08-26T09:34:02.542305+00:00,2026-09-04T23:10:02.346310+00:00,2026-09-09T05:10:02.542305+00:00,홈템,썰쇼핑,580,2026-09-09 07:08:49
HWDUqXze9sw,https://www.youtube.com/watch?v=HWDUqXze9sw,ucrocrwdkppy1we0hubv9drw,홈꾸미,게이머들의 감성을 울려버린 제품,3244,2,2026-09-08T10:04:03.000270+00:00,2026-09-08T10:27:51.412064+00:00,2026-09-16T05:10:03.000270+00:00,기타,썰쇼핑,15600,2026-09-09 07:08:49
MszQbsnbDME,https://www.youtube.com/watch?v=MszQbsnbDME,uc9cpf1vjxwkndwy1jvvdzvw,쇼핑남자,척추를 교정해버린 천재의 발명품,3244,3,2026-09-10T10:58:02.819135+00:00,2026-09-11T02:10:02.367900+00:00,2026-09-13T05:10:02.819135+00:00,제품정체형,썰쇼핑,6370,2026-09-09 07:08:49
leFETDvaJ_Q,https://www.youtube.com/watch?v=leFETDvaJ_Q,uctx_l77r2yqat1rszs8fwea,살림체크,이케아도 놀란 한국 천재 아이템,3243,0,2026-09-05T13:28:03.000270+00:00,2026-09-14T23:10:03.036703+00:00,2026-09-16T05:10:03.000270+00:00,제품정체형,썰쇼핑,10600,2026-09-14 07:04:05
X9HVJ8bjb88,https://www.youtube.com/watch?v=X9HVJ8bjb88,ucee8ue8x00th6esoz0w08eq,살림보고,모서리 공간 살리는 법 #shorts,3241,1,2026-08-29T21:58:02.660921+00:00,2026-09-04T23:10:02.346310+00:00,2026-09-12T05:10:02.660921+00:00,홈템,썰쇼핑,10800,2026-09-09 07:08:49
40eV5pwCEz8,https://www.youtube.com/watch?v=40eV5pwCEz8,uc2olkq_zdkl1aiftvhuhf8a,손끝상점,미국 천재가 만들어 떼돈번 제품 정체,3238,1,2026-08-24T13:10:01.282766+00:00,2026-09-04T23:10:02.346310+00:00,2026-09-06T23:10:01.282766+00:00,제품정체형,썰쇼핑,27,2026-09-14 07:04:05
Znt0CFIcy9s,https://www.youtube.com/watch?v=Znt0CFIcy9s,ucbpaopjknymyrihzwt5c_mg,리빙플립,직장인 도시락 고민 끝! 초간편 식빵 샌드위치 만들기,3232,0,2026-09-03T10:46:03.000270+00:00,2026-09-04T23:10:02.346310+00:00,2026-09-16T05:10:03.000270+00:00,홈템,썰쇼핑,13100,2026-09-09 07:08:49
p9BmA45vtas,https://www.youtube.com/watch?v=p9BmA45vtas,ucynpgh7_qesow4pbljhmi2q,유머굿템,다이소 생활용품에서 이거 보이면 무조건 사오세요!,3226,0,2026-09-01T21:58:02.238212+00:00,2026-09-08T11:10:24.676804+00:00,2026-09-15T05:10:02.238212+00:00,홈템,썰쇼핑,17500,2026-09-09 07:08:49
sU_-h8zERRo,https://www.youtube.com/watch?v=sU_-h8zERRo,ucxr-td74un9tpuvlbq3ebxw,상상세계,버터와플의 진화,3221,1,2026-09-04T10:28:03.000270+00:00,2026-09-08T12:30:44.178691+00:00,2026-09-16T05:10:03.000270+00:00,기타,썰쇼핑,1410,2026-09-09 07:08:49
DeqiYw2HOf0,https://www.youtube.com/watch?v=DeqiYw2HOf0,uc4iyryt1y1d5_cdjaocsk6q,설렘픽,다이소 가면 이건 꼭 사세요! 청소가 쉬워지는 비밀템!,3216,1,2026-08-30T04:58:03.131380+00:00,2026-09-04T23:10:02.346310+00:00,2026-09-12T23:10:03.131380+00:00,제품정체형,썰쇼핑,2580,2026-09-09 07:08:49
pSl1eHXBW2g,https://www.youtube.com/watch?v=pSl1eHXBW2g,uctd1t12z1qtvalhdd728tsg,우디홈템,이 싱크볼이 10만 원대라고? 😳,3211,1,2026-09-04T01:04:03.000270+00:00,2026-09-04T23:10:02.346310+00:00,2026-09-16T05:10:03.000270+00:00,기타,썰쇼핑,3700,2026-09-09 07:08:49
OOlzlDXAzUM,https://www.youtube.com/watch?v=OOlzlDXAzUM,ucgttnudyop52of_zrxv--aw,리빙픽템,99%가 모르는 비밀공간 남편은 아직 모름  #비밀금고 #히든서랍 #비상금 #수납아이디어 #생활꿀템,3196,3,2026-09-06T09:04:03.000270+00:00,2026-09-06T23:10:01.282766+00:00,2026-09-16T05:10:03.000270+00:00,홈템,썰쇼핑,6760,2026-09-09 07:08:49
llX3G0Anxlc,https://www.youtube.com/watch?v=llX3G0Anxlc,ucavc4gijcbwk1vj2acjvjvw,도잇도잇,차 덕후들 잠 못들게 만든 주차장,3182,2,2026-09-05T03:58:03.000270+00:00,2026-09-14T23:10:03.036703+00:00,2026-09-16T05:10:03.000270+00:00,기타,썰쇼핑,1250,2026-09-14 07:04:05
o8vkRbJX0Z8,https://www.youtube.com/watch?v=o8vkRbJX0Z8,ucjdpxmriuriao_4wg9-lxfa,살림픽,다이소에서 이거 보이면 무조건 쟁여오세요! 강남 미용실에서 알아온 30만원 클리닉 레시피 🤫,3179,1,2026-09-01T22:16:02.238212+00:00,2026-09-08T11:10:24.676804+00:00,2026-09-15T05:10:02.238212+00:00,홈템,썰쇼핑,971,2026-09-09 07:08:49
AK-LxsxjrB0,https://www.youtube.com/watch?v=AK-LxsxjrB0,ucwgtmho0tsuedduon1fmgrw,순간의픽,집꾸미기 고수들의 이케아 스툴 사용법 #필수템 #이케아 #DIY #스탁홀멘 #스툴 #활용법 #아이디어 #선반 #라탄 #감성 #셀프인테리어 #인테리어,3177,1,2026-09-03T00:52:03.000270+00:00,2026-09-04T23:10:02.346310+00:00,2026-09-16T05:10:03.000270+00:00,홈템,썰쇼핑,580,2026-09-09 07:08:49
Vod6sj1m_Js,https://www.youtube.com/watch?v=Vod6sj1m_Js,ucwxox_v20iouentjtsfvlsa,와우템픽,이거 한번 만지기 시작하면 시간 순삭 주의 #피젯토이 #자석큐브 #shorts,3175,3,2026-09-04T09:46:03.000270+00:00,2026-09-14T23:10:03.036703+00:00,2026-09-16T05:10:03.000270+00:00,기타,썰쇼핑,1080,2026-09-14 07:04:05
8Uq3MeMU2zk,https://www.youtube.com/watch?v=8Uq3MeMU2zk,ucssx2crprqprm_uaedxg7ua,꿀팁꿀템,해외에서 먼저 터진 화제의 미친 발명품#산책 가자#너무 귀여워#빼꼼 산책 가방,3170,1,2026-08-27T14:46:02.680133+00:00,2026-09-04T23:10:02.346310+00:00,2026-09-10T08:10:02.680133+00:00,제품정체형,썰쇼핑,53800,2026-09-09 07:08:49
UHBZK7UIExU,https://www.youtube.com/watch?v=UHBZK7UIExU,uc-hke7blsfguxnhzrokglsa,와이거뭐냐,독도를 지킨 건 군인이 아닌 33명의 민간인이었다는 충격적인 사실￼ #독도 #역사 #대한민국 #독도대첩,3169,0,2026-09-11T10:58:03.000270+00:00,2026-09-11T23:10:02.319689+00:00,2026-09-16T05:10:03.000270+00:00,기타,썰쇼핑,1190,2026-09-09 07:08:49
UcNkL45iswE,https://www.youtube.com/watch?v=UcNkL45iswE,uckav5c_xgwtehpyk3i-zcfg,오늘꿀템,다이소 기획자도 예상 못한 북스텐드 활용법,3169,0,2026-08-30T08:28:02.819135+00:00,2026-09-04T23:10:02.346310+00:00,2026-09-13T05:10:02.819135+00:00,오용형,썰쇼핑,1380,2026-09-09 07:08:49
eR4YxttzQrA,https://www.youtube.com/watch?v=eR4YxttzQrA,ucu-hzvlc1tvab1lrp0cejtg,Retro log,RG34XX SP 이상하게 즐기는 방법,3139,4,2026-08-24T15:22:01.374377+00:00,2026-09-04T23:10:02.346310+00:00,2026-09-05T23:10:01.374377+00:00,기타,썰쇼핑,0,2026-08-19 05:56:25
-q7C7nJu-yc,https://www.youtube.com/watch?v=-q7C7nJu-yc,ucsbp41obff8fsjgcvxut6ga,또왔소,0.1초 만에 오픈카 되는 마법,3138,1,2026-09-05T08:04:03.000270+00:00,2026-09-05T23:10:01.374377+00:00,2026-09-16T05:10:03.000270+00:00,기타,썰쇼핑,10700,2026-09-09 07:08:49
4CHb0y6GUC4,https://www.youtube.com/watch?v=4CHb0y6GUC4,ucwomfgpbfxbehvdxb9j7rsa,살림템바이,한번사면 10년쓴다는 이케아 감성벤치 |집꾸미기|셀프 인테리어| 가성비템,3137,0,2026-09-08T08:58:03.000270+00:00,2026-09-08T10:27:51.412064+00:00,2026-09-16T05:10:03.000270+00:00,홈템,썰쇼핑,1090,2026-09-09 07:08:49
aguNVI3bj0o,https://www.youtube.com/watch?v=aguNVI3bj0o,ucacjyzv8sszopdmi_punhyw,느좋스냅,전세계 휩쓸고 한국서 폭망한 일본음료 #웃긴영상,3135,9,2026-08-28T23:58:02.319689+00:00,2026-09-08T11:10:24.676804+00:00,2026-09-11T23:10:02.319689+00:00,기타,썰쇼핑,42300,2026-09-09 07:08:49
xCUyJAUeGuc,https://www.youtube.com/watch?v=xCUyJAUeGuc,uc6cd2qevvm23b0xojjho50q,썰쇼템,뷰티 덕후들도 극찬한 괴물 퍼프의 정체,3133,1,2026-09-07T02:58:03.000270+00:00,2026-09-07T23:10:02.851021+00:00,2026-09-16T05:10:03.000270+00:00,제품정체형,썰쇼핑,13700,2026-09-09 07:08:49
IQTt8Xc6EnA,https://www.youtube.com/watch?v=IQTt8Xc6EnA,ucuenvpsh41lvt6_a6yjh8_g,신비아이템,물을 거꾸로 올려버려 떡상한 제품,3129,0,2026-09-13T12:16:03.000270+00:00,2026-09-13T23:10:02.300105+00:00,2026-09-16T05:10:03.000270+00:00,기타,썰쇼핑,5780,2026-09-09 07:08:49
F-Xwj_K3reM,https://www.youtube.com/watch?v=F-Xwj_K3reM,ucuenvpsh41lvt6_a6yjh8_g,신비아이템,산 사람도 몰랏던 구성품의 정체,3128,0,2026-09-02T11:16:03.000270+00:00,2026-09-08T12:30:44.178691+00:00,2026-09-16T05:10:03.000270+00:00,제품정체형,썰쇼핑,5780,2026-09-09 07:08:49
dBi_Z9qE6kQ,https://www.youtube.com/watch?v=dBi_Z9qE6kQ,uczsqdvebdhbskc3vnvwwbkg,살림치트키,육아기 부모들을 구원한 미국 천재의 발명품,3127,1,2026-09-13T21:40:03.000270+00:00,2026-09-13T23:10:02.300105+00:00,2026-09-16T05:10:03.000270+00:00,제품정체형,썰쇼핑,193,2026-09-14 07:04:05
xddXx1tEUtY,https://www.youtube.com/watch?v=xddXx1tEUtY,ucgeufnhdqws3ajiskctcjcq,포미픽,다이소도 당황한 천재주부의 활용법 ㄷㄷ,3109,1,2026-08-25T09:16:02.851021+00:00,2026-09-04T23:10:02.346310+00:00,2026-09-07T23:10:02.851021+00:00,오용형,썰쇼핑,3850,2026-09-09 07:08:49
pgAYSUKv1F0,https://www.youtube.com/watch?v=pgAYSUKv1F0,uco9-zofurha9d1wwatfgzkg,땡스템,택배 도둑 잡아버린 손톱만 한 물건 #살림꿀템 #생활꿀템 #홈캠추천 #초소형카메라 #보안캠추천,3099,1,2026-08-26T09:58:02.542305+00:00,2026-09-04T23:10:02.346310+00:00,2026-09-09T05:10:02.542305+00:00,홈템,썰쇼핑,4210,2026-09-09 07:08:49
FYeUqY6NBAA,https://www.youtube.com/watch?v=FYeUqY6NBAA,ucavc4gijcbwk1vj2acjvjvw,도잇도잇,독일 이기려고 만든 일본 천재의 발명품,3093,0,2026-09-03T09:58:03.000270+00:00,2026-09-14T23:10:03.036703+00:00,2026-09-16T05:10:03.000270+00:00,제품정체형,썰쇼핑,1250,2026-09-14 07:04:05
92FVEp0MoH8,https://www.youtube.com/watch?v=92FVEp0MoH8,uco3sju4c8apyrhk_dbo8udq,냥냥쿨범,살림천재가 만들어 대박난 제품의 정체,3089,2,2026-08-26T11:16:02.542305+00:00,2026-09-08T11:10:24.676804+00:00,2026-09-09T05:10:02.542305+00:00,제품정체형,썰쇼핑,21500,2026-09-09 07:08:49
ST4FfSnwV5k,https://www.youtube.com/watch?v=ST4FfSnwV5k,ucxteg2lrkvxn8b7umce7qoq,딸기라떼,전세계가 놀란 천재적인 제품의 정체ㄷㄷ설거지 끝! 한 장씩 뜯어쓰는 필플레이트 종이접시🍽️#필플레이트 #종이접시 #일회용접시 #캠핑용품 #주방꿀템,3084,2,2026-08-30T08:58:02.819135+00:00,2026-09-04T23:10:02.346310+00:00,2026-09-13T05:10:02.819135+00:00,제품정체형,썰쇼핑,5130,2026-09-09 07:08:49
jxrDVxv99Eo,https://www.youtube.com/watch?v=jxrDVxv99Eo,ucftoksv4zeitypvhoilopjg,우리살림,친환경 밀랍랩  비닐랩 대체 재사용 식재료 보관법,3081,1,2026-09-11T09:28:03.000270+00:00,2026-09-11T23:10:02.319689+00:00,2026-09-16T05:10:03.000270+00:00,홈템,썰쇼핑,0,2026-08-19 05:56:25
pAhl2C-V1Ag,https://www.youtube.com/watch?v=pAhl2C-V1Ag,ucqrltjou9wttstlwiem2lma,왜 팔릴까,캠핑고수도 놀란 천재발명품,3081,1,2026-09-14T12:04:03.000270+00:00,2026-09-14T23:10:03.036703+00:00,2026-09-16T05:10:03.000270+00:00,제품정체형,썰쇼핑,1720,2026-09-09 07:08:49
j0-W7_2pt3w,https://www.youtube.com/watch?v=j0-W7_2pt3w,uckpphyi5ul6uw-axomcfmia,뽀터언니,제조사도 당황한 라면팬들의 반란? 농심 신라면 솔직 리뷰 🍜,3080,6,2026-08-24T10:28:01.282766+00:00,2026-09-04T23:10:02.346310+00:00,2026-09-06T23:10:01.282766+00:00,제품정체형,썰쇼핑,1350,2026-09-09 07:08:49
sTWvk9PHth0,https://www.youtube.com/watch?v=sTWvk9PHth0,ucpedjalkfwwr4d2xelfykoa,숏딜,골프 감각을 훔쳐버린 천재 발명품,3079,0,2026-09-08T08:40:03.000270+00:00,2026-09-14T23:10:03.036703+00:00,2026-09-16T05:10:03.000270+00:00,제품정체형,썰쇼핑,15200,2026-09-14 07:04:05
l-ADoJnm3hg,https://www.youtube.com/watch?v=l-ADoJnm3hg,ucjcbuxcvr7fojmnvzw3haua,상자쿤,카드 게임 시작 전에 직원부터 고용했습니다,3077,0,2026-09-13T09:46:03.000270+00:00,2026-09-13T23:10:02.300105+00:00,2026-09-16T05:10:03.000270+00:00,기타,썰쇼핑,5860,2026-09-09 07:08:49
SlcdY9RxUIQ,https://www.youtube.com/watch?v=SlcdY9RxUIQ,ucknyotic61bk0usui1ixavg,으니픽,포도송이도 깜짝 놀랜 제품의 정체 #주방용품 #욕실 #비누,3076,1,2026-09-05T01:22:03.000270+00:00,2026-09-05T04:42:28.257041+00:00,2026-09-16T05:10:03.000270+00:00,제품정체형,썰쇼핑,1300,2026-09-09 07:08:49
oDiuzWxsBP4,https://www.youtube.com/watch?v=oDiuzWxsBP4,uckav5c_xgwtehpyk3i-zcfg,오늘꿀템,다이소 천재가 살림 끝장낸 제품 정체,3076,0,2026-09-06T08:28:03.000270+00:00,2026-09-06T23:10:01.282766+00:00,2026-09-16T05:10:03.000270+00:00,제품정체형,썰쇼핑,1380,2026-09-09 07:08:49
gqA-RH3vOXk,https://www.youtube.com/watch?v=gqA-RH3vOXk,ucuwwmz037mvmbhty9sjrbjg,선물마트,미국에서 난리 난 만능세정제 바키퍼스프렌드 사용법,3075,1,2026-09-06T10:40:03.000270+00:00,2026-09-06T23:10:01.282766+00:00,2026-09-16T05:10:03.000270+00:00,기타,썰쇼핑,2700,2026-09-09 07:08:49
2uO3z99ugXg,https://www.youtube.com/watch?v=2uO3z99ugXg,uczgoriozc_etvvg-o72xjcw,썰n픽,한국 자취생 사이 대박 난 제품의 정체,3069,2,2026-09-05T01:58:03.000270+00:00,2026-09-14T23:10:03.036703+00:00,2026-09-16T05:10:03.000270+00:00,제품정체형,썰쇼핑,1080,2026-09-14 07:04:05
3GlfwxCchuU,https://www.youtube.com/watch?v=3GlfwxCchuU,ucftoksv4zeitypvhoilopjg,우리살림,30년 묵은각질 1분컷,3057,1,2026-09-01T09:58:02.238212+00:00,2026-09-04T23:10:02.346310+00:00,2026-09-15T05:10:02.238212+00:00,홈템,썰쇼핑,0,2026-08-19 05:56:25
fRbrl-685Fc,https://www.youtube.com/watch?v=fRbrl-685Fc,ucwx424nckxuyae44qqqltca,쇼핑하는 김반장,해외서 난리 난 일본 공부 필수 꿀템 수험생 노트 치트키,3055,4,2026-09-10T10:58:03.000270+00:00,2026-09-14T23:10:03.036703+00:00,2026-09-16T05:10:03.000270+00:00,홈템,썰쇼핑,641,2026-09-14 07:04:05
6X19l_f5-5o,https://www.youtube.com/watch?v=6X19l_f5-5o,uckav5c_xgwtehpyk3i-zcfg,오늘꿀템,다이소 매니아도 놀란 미친 제품 활용법,3050,0,2026-09-07T08:28:03.000270+00:00,2026-09-07T23:10:02.851021+00:00,2026-09-16T05:10:03.000270+00:00,오용형,썰쇼핑,1380,2026-09-09 07:08:49
8DTu_YCyeMA,https://www.youtube.com/watch?v=8DTu_YCyeMA,uch6fp7bvc_9bnnfulqfmasw,이거다시바,이케아도 당황한 벽선반 활용법 #꿀템 #필수템 #이케아 #라크 #벽선반 #활용법 #아이디어 #수납 #테이블 #가구 #감성 #셀프인테리어 #인테리어,3048,2,2026-09-10T00:22:03.000270+00:00,2026-09-10T08:10:02.680133+00:00,2026-09-16T05:10:03.000270+00:00,오용형,썰쇼핑,0,2026-08-19 05:56:25
Iw2_hHMmtD0,https://www.youtube.com/watch?v=Iw2_hHMmtD0,ucz-slgdofm414lil2nz0qea,장바구니 털기,노트북 회사도 당황한 미친 발명품,3047,1,2026-09-02T07:58:03.000270+00:00,2026-09-14T23:10:03.036703+00:00,2026-09-16T05:10:03.000270+00:00,제품정체형,썰쇼핑,1020,2026-09-14 07:04:05
lfd__xDw8u8,https://www.youtube.com/watch?v=lfd__xDw8u8,ucbpaopjknymyrihzwt5c_mg,리빙플립,단돈 3만 원? 스팀 청소 끝판왕 등장,3040,2,2026-09-09T10:46:03.000270+00:00,2026-09-09T23:10:01.358608+00:00,2026-09-16T05:10:03.000270+00:00,홈템,썰쇼핑,13100,2026-09-09 07:08:49
5WSXkOInlQc,https://www.youtube.com/watch?v=5WSXkOInlQc,ucynpgh7_qesow4pbljhmi2q,유머굿템,"와이프의 요거트 매직, 기다림에 지쳐 먹으니 더 맛있던 그릭 요거트",3040,0,2026-09-01T09:58:02.238212+00:00,2026-09-08T11:10:24.676804+00:00,2026-09-15T05:10:02.238212+00:00,기타,썰쇼핑,17500,2026-09-09 07:08:49
OHApOdrG7cE,https://www.youtube.com/watch?v=OHApOdrG7cE,ucxirsjqetzz4ml6lc-uu5tq,이런호기심,똥손도 완벽한 폰트 출력 쌉가능! 컴퓨터 없던 시절의 글씨 쓰는 법,3036,1,2026-09-06T13:58:03.000270+00:00,2026-09-14T23:10:03.036703+00:00,2026-09-16T05:10:03.000270+00:00,기타,썰쇼핑,14400,2026-09-14 07:04:05
VsrNbJXiXO0,https://www.youtube.com/watch?v=VsrNbJXiXO0,ucipqot8sknih3msbu2b7ahw,트렌드헌터,추석 열차표 예매 전쟁을 끝내버린 천재의 발명,3036,1,2026-09-06T08:58:03.000270+00:00,2026-09-14T23:10:03.036703+00:00,2026-09-16T05:10:03.000270+00:00,기타,썰쇼핑,1350,2026-09-14 07:04:05
5kwGzWLSSmw,https://www.youtube.com/watch?v=5kwGzWLSSmw,uc9cpf1vjxwkndwy1jvvdzvw,쇼핑남자,한 번 써보면 중독된다는 천재의 발명품,3034,1,2026-09-02T09:58:01.374377+00:00,2026-09-04T23:10:02.346310+00:00,2026-09-05T23:10:01.374377+00:00,제품정체형,썰쇼핑,6370,2026-09-09 07:08:49
S5w49IxsKzg,https://www.youtube.com/watch?v=S5w49IxsKzg,uch6fp7bvc_9bnnfulqfmasw,이거다시바,이케아 디자이너도 감탄한 아이디어 #꿀템 #필수템 #이케아 #DIY #스탁홀멘 #스툴 #활용법 #아이디어 #선반 #라탄 #감성 #셀프인테리어 #인테리어,3032,1,2026-09-03T00:22:03.000270+00:00,2026-09-04T23:10:02.346310+00:00,2026-09-16T05:10:03.000270+00:00,오용형,썰쇼핑,0,2026-08-19 05:56:25
g7TN6FUqed4,https://www.youtube.com/watch?v=g7TN6FUqed4,ucgttnudyop52of_zrxv--aw,리빙픽템,세차장 사장이 제일 싫어하는 칙칙이 #셀프세차 #자동차용품 #세차용품 #차량관리 #차코팅스프레이,3032,1,,2026-09-04T23:10:02.346310+00:00,2026-09-05T04:42:28.257041+00:00,제품정체형,썰쇼핑,6760,2026-09-09 07:08:49
uhjTyE9Qo8k,https://www.youtube.com/watch?v=uhjTyE9Qo8k,uczsqdvebdhbskc3vnvwwbkg,살림치트키,상식을 깨부숴 떼돈번 미국 천재의 발명품,3021,3,2026-09-05T19:58:03.000270+00:00,2026-09-05T23:10:01.374377+00:00,2026-09-16T05:10:03.000270+00:00,제품정체형,썰쇼핑,193,2026-09-14 07:04:05
M6pBQGRrYnw,https://www.youtube.com/watch?v=M6pBQGRrYnw,ucxeyhz8xitvlxhdduxy6zca,리뷰남 ,현장 기사님들도 기립박수친 천재적인 작업대의 정체,3020,1,2026-08-26T04:28:01.332600+00:00,2026-09-04T23:10:02.346310+00:00,2026-09-08T23:10:01.332600+00:00,제품정체형,썰쇼핑,16100,2026-09-09 07:08:49
XsPtQAKLXeE,https://www.youtube.com/watch?v=XsPtQAKLXeE,uckec0idwzpe-sam6su0ztcg,실링홈,살림 고수들은 절대 안 알려주는 비밀템 #살림 #주부꿀팁  #주부꿀템 #인테리어 #살림초보 #살림초보 #살림템 #꿀템 #셀프인테리어,3017,1,2026-08-31T03:04:02.300105+00:00,2026-09-04T23:10:02.346310+00:00,2026-09-13T23:10:02.300105+00:00,홈템,썰쇼핑,0,2026-08-19 05:56:25
bFSJEcf7exc,https://www.youtube.com/watch?v=bFSJEcf7exc,uco3sju4c8apyrhk_dbo8udq,냥냥쿨범,수선업계 씹어먹은 천재주부의 활용법,3008,1,2026-08-25T11:16:24.676804+00:00,2026-09-08T11:10:24.676804+00:00,2026-09-08T11:10:24.676804+00:00,제품정체형,썰쇼핑,21500,2026-09-09 07:08:49
1DnAEwt6ISs,https://www.youtube.com/watch?v=1DnAEwt6ISs,ucl12scb2y7j-kx0_ghaf-xq,썰풀다,우리가 매일 쓰던 빨대의 충격적인 위생 상태#트라이탄빨대 #위생논란 #플라스틱빨대,3003,1,2026-09-08T09:04:03.000270+00:00,2026-09-08T10:27:51.412064+00:00,2026-09-16T05:10:03.000270+00:00,기타,썰쇼핑,0,2026-08-19 05:56:25
DPep3M-cAsI,https://www.youtube.com/watch?v=DPep3M-cAsI,ucsdfcfw-a0ks-7qsdxpbprw,쇼츠킹,수리기사들만 몰래 쓰는 소름 돋는 청소 비법 (고장 난 줄 알았죠?),3000,0,2026-09-08T10:58:03.000270+00:00,2026-09-08T11:10:24.676804+00:00,2026-09-16T05:10:03.000270+00:00,기타,썰쇼핑,72400,2026-09-09 02:35:38
HR45Ehy-G7s,https://www.youtube.com/watch?v=HR45Ehy-G7s,uc9xfth7mqhbdlju9qzpxiha,쿨냥냥,정부까지 밀어준 AI아이돌 서리아 아직 아무도 안 보는 이유,2994,3,2026-09-14T09:40:03.000270+00:00,2026-09-14T23:10:03.036703+00:00,2026-09-16T05:10:03.000270+00:00,기타,썰쇼핑,5630,2026-09-09 07:08:49
2bI1DEH2C5c,https://www.youtube.com/watch?v=2bI1DEH2C5c,ucssx2crprqprm_uaedxg7ua,꿀팁꿀템,벨기에 클럽 죽돌이가 만들어 떼돈 번 제품의 정체#듣기 싫은 소음만 차단#불면증 해소#ADHD 집중력 강화#수험생 이어폰,2991,1,2026-09-15T14:46:03.000270+00:00,2026-09-15T23:10:03.157352+00:00,2026-09-16T05:10:03.000270+00:00,제품정체형,썰쇼핑,53800,2026-09-09 07:08:49
YXlVp5UVx8g,https://www.youtube.com/watch?v=YXlVp5UVx8g,ucjcbuxcvr7fojmnvzw3haua,상자쿤,침대 회사도 당황한 충격적인 소파의 정체ㄷㄷ,2987,0,2026-09-08T09:46:03.000270+00:00,2026-09-08T11:10:24.676804+00:00,2026-09-16T05:10:03.000270+00:00,제품정체형,썰쇼핑,5860,2026-09-09 07:08:49
zb7joVTY0N8,https://www.youtube.com/watch?v=zb7joVTY0N8,uckpphyi5ul6uw-axomcfmia,뽀터언니,제조사도 당황한 한국인의 반응,2986,2,2026-08-31T10:28:02.569334+00:00,2026-09-04T23:10:02.346310+00:00,2026-09-14T05:10:02.569334+00:00,제품정체형,썰쇼핑,1350,2026-09-09 07:08:49
oC1BXI0xM4g,https://www.youtube.com/watch?v=oC1BXI0xM4g,uc2olkq_zdkl1aiftvhuhf8a,손끝상점,전자레인지 파스타 쿠커,2976,0,2026-09-02T22:28:03.000270+00:00,2026-09-04T23:10:02.346310+00:00,2026-09-16T05:10:03.000270+00:00,홈템,썰쇼핑,27,2026-09-14 07:04:05
c3gvFUSrYPg,https://www.youtube.com/watch?v=c3gvFUSrYPg,uc_vnciqax_yorgwxnkb2oua,꿀템박스,임산부살린 미국천재의 발명품. 나이키 접히는 신발! 나이키 고 프라이즈 임산부. 부모님  편한신발 #임산부신발#나이키신발#부모님신발#편한신발,2976,6,2026-09-04T09:28:03.000270+00:00,2026-09-14T23:10:03.036703+00:00,2026-09-16T05:10:03.000270+00:00,제품정체형,썰쇼핑,148,2026-09-14 07:04:05
JmX2gf9GUzk,https://www.youtube.com/watch?v=JmX2gf9GUzk,ucee8ue8x00th6esoz0w08eq,살림보고,캠핑 업계를 뒤집은 미친 아이템 #shorts,2974,3,2026-09-08T08:58:03.000270+00:00,2026-09-08T10:27:51.412064+00:00,2026-09-16T05:10:03.000270+00:00,홈템,썰쇼핑,10800,2026-09-09 07:08:49
irAPGoUh3h4,https://www.youtube.com/watch?v=irAPGoUh3h4,ucee8ue8x00th6esoz0w08eq,살림보고,다이소 도입이 시급합니다 #shorts,2970,3,2026-08-31T08:58:02.569334+00:00,2026-09-04T23:10:02.346310+00:00,2026-09-14T05:10:02.569334+00:00,홈템,썰쇼핑,10800,2026-09-09 07:08:49
pwlxryoLS34,https://www.youtube.com/watch?v=pwlxryoLS34,ucidv5xotd-tom-6lqw3slnq,집꾸,장모님도 인정한 세면대 #세면대,2970,0,2026-08-27T10:58:02.680133+00:00,2026-09-08T11:10:24.676804+00:00,2026-09-10T08:10:02.680133+00:00,홈템,썰쇼핑,30200,2026-09-09 07:08:49
9M8uRx63Mkw,https://www.youtube.com/watch?v=9M8uRx63Mkw,ucmbeuonh4nls9qryeeue_gg,쓸모있어,다이소 BEST 활용법 😀😀,2960,1,2026-09-08T01:58:03.000270+00:00,2026-09-08T11:10:24.676804+00:00,2026-09-16T05:10:03.000270+00:00,제품정체형,썰쇼핑,1240,2026-09-09 07:08:49
aF-Cw1E7cCg,https://www.youtube.com/watch?v=aF-Cw1E7cCg,uc_vnciqax_yorgwxnkb2oua,꿀템박스,설거지 안하려다 돈방석앉은 접시 후라이팬.파르셀 플라이팬 인덕션 세라믹 코팅 멀티핸들 프라이팬.#접시후라이팬#인덕션후라이팬#푸라이퍈#전자레인지용후라이팬,2955,3,2026-09-06T01:58:03.000270+00:00,2026-09-14T23:10:03.036703+00:00,2026-09-16T05:10:03.000270+00:00,제품정체형,썰쇼핑,148,2026-09-14 07:04:05
RsgD12TUZhE,https://www.youtube.com/watch?v=RsgD12TUZhE,ucpedjalkfwwr4d2xelfykoa,숏딜,전세계가 감탄한 한국 천재 발명품,2955,0,2026-09-01T08:58:02.238212+00:00,2026-09-14T23:10:03.036703+00:00,2026-09-15T05:10:02.238212+00:00,제품정체형,썰쇼핑,15200,2026-09-14 07:04:05
uWPo69GYph8,https://www.youtube.com/watch?v=uWPo69GYph8,ucwx424nckxuyae44qqqltca,쇼핑하는 김반장,자취러들 사이에서 난리 난 요리 천재 발명품,2952,0,2026-09-06T08:58:03.000270+00:00,2026-09-14T23:10:03.036703+00:00,2026-09-16T05:10:03.000270+00:00,제품정체형,썰쇼핑,641,2026-09-14 07:04:05
_Q5B3MDHWIg,https://www.youtube.com/watch?v=_Q5B3MDHWIg,ucwwuxe1dfkgyhf5euhsitzw,살림장착,아픈 엄마 간병하던 딸 오열하게 만든 발명품,2943,9,2026-09-13T10:22:03.000270+00:00,2026-09-13T23:10:02.300105+00:00,2026-09-16T05:10:03.000270+00:00,제품정체형,썰쇼핑,8850,2026-09-09 07:08:49
OnzURGb2Uj0,https://www.youtube.com/watch?v=OnzURGb2Uj0,uc_zfdnlzdtdvq8o_7bvtucq,사아말아,천재 마케터가 기획한 명절 선물,2938,0,2026-09-13T01:28:03.000270+00:00,2026-09-14T23:10:03.036703+00:00,2026-09-16T05:10:03.000270+00:00,기타,썰쇼핑,1070,2026-09-14 07:04:05
6X-Mr5cshcg,https://www.youtube.com/watch?v=6X-Mr5cshcg,ucigtymqr64yuejp8swuysog,일단담자,자꾸 잃어버려 만든 제품의 의외의 활용법,2938,3,2026-09-01T10:28:02.238212+00:00,2026-09-14T23:10:03.036703+00:00,2026-09-15T05:10:02.238212+00:00,제품정체형,썰쇼핑,1240,2026-09-14 07:06:10
jAZyVmeLta4,https://www.youtube.com/watch?v=jAZyVmeLta4,ucigtymqr64yuejp8swuysog,일단담자,일본 피부과 의사가 개발해 대박난 발명품,2933,0,2026-09-15T07:58:03.000270+00:00,2026-09-15T23:10:03.157352+00:00,2026-09-16T05:10:03.000270+00:00,기타,썰쇼핑,1240,2026-09-14 07:06:10
SJrHt3ii6WY,https://www.youtube.com/watch?v=SJrHt3ii6WY,uctmchwo4yehl0exsqp_apog,생활꿀템추천샵,다이소 보이면 무조건 담으세요..0.1초 만에 떼어 쓰는 주방 꿀템 #실리콘냄비손잡이 #다이소꿀템,2931,1,2026-08-27T02:52:01.358608+00:00,2026-09-08T10:27:51.412064+00:00,2026-09-09T23:10:01.358608+00:00,홈템,썰쇼핑,6830,2026-09-09 07:08:49
AvB17Szoi-M,https://www.youtube.com/watch?v=AvB17Szoi-M,ucxqe5br7t3dym4kfsmw_xcw,반디몰,핸드미싱기 바지단 줄일땐 응급템으로 딱!!,2905,1,2026-09-01T08:58:02.238212+00:00,2026-09-08T11:10:24.676804+00:00,2026-09-15T05:10:02.238212+00:00,기타,썰쇼핑,1050,2026-09-09 07:08:49
5ysp3kf_HB0,https://www.youtube.com/watch?v=5ysp3kf_HB0,uch6fp7bvc_9bnnfulqfmasw,이거다시바,이케아 국민 수납장 베스토 활용법 #꿀템 #필수템 #이케아 #베스토 #수납장 #활용법 #수납 #살림 #아이디어 #공간활용 #감성 #셀프인테리어 #인테리어,2902,1,2026-08-27T00:10:01.358608+00:00,2026-09-04T23:10:02.346310+00:00,2026-09-09T23:10:01.358608+00:00,홈템,썰쇼핑,0,2026-08-19 05:56:25
6_x3nmDzgHo,https://www.youtube.com/watch?v=6_x3nmDzgHo,ucxteg2lrkvxn8b7umce7qoq,딸기라떼,주부들이 남편 몰래 공구함에서 훔쳐 쓰는 이유?ㄷㄷ 삐걱거리는 문에만 쓰던 WD-40의 미친 청소 활용법! 🛠️#기름때제거 #만능청소제 #화장실청소 #살림꿀팁 #꿀템추천,2898,3,2026-08-24T10:28:01.282766+00:00,2026-09-04T23:10:02.346310+00:00,2026-09-06T23:10:01.282766+00:00,오용형,썰쇼핑,5130,2026-09-09 07:08:49
lFGVfcPTH3c,https://www.youtube.com/watch?v=lFGVfcPTH3c,uc6cd2qevvm23b0xojjho50q,썰쇼템,일본 수험생들이 극찬한 업계 1황 문구용품,2895,2,2026-09-03T02:58:03.000270+00:00,2026-09-04T23:10:02.346310+00:00,2026-09-16T05:10:03.000270+00:00,기타,썰쇼핑,13700,2026-09-09 07:08:49
-JE1EINUb-I,https://www.youtube.com/watch?v=-JE1EINUb-I,uctmchwo4yehl0exsqp_apog,생활꿀템추천샵,손가락 터치 한 번에 상부장 정리 끝! 장모님한테 한소리 들었습니다,2889,6,2026-08-30T03:04:03.131380+00:00,2026-09-08T10:27:51.412064+00:00,2026-09-12T23:10:03.131380+00:00,홈템,썰쇼핑,6830,2026-09-09 07:08:49
KFZbefnBMhk,https://www.youtube.com/watch?v=KFZbefnBMhk,ucof1tzdolqz-odj4r33039g,소소한 리뷰,다이소에서 절대 못 사는 청소템 2가지,2884,0,2026-09-12T00:58:03.000270+00:00,2026-09-12T05:10:02.660921+00:00,2026-09-16T05:10:03.000270+00:00,홈템,썰쇼핑,11300,2026-09-09 02:35:38
hkYvNiLVjCw,https://www.youtube.com/watch?v=hkYvNiLVjCw,ucftoksv4zeitypvhoilopjg,우리살림,해외에서 난리난 코골이 차단템,2882,1,2026-08-28T09:34:02.666924+00:00,2026-09-04T23:10:02.346310+00:00,2026-09-11T05:10:02.666924+00:00,홈템,썰쇼핑,0,2026-08-19 05:56:25
kxIeQC522oc,https://www.youtube.com/watch?v=kxIeQC522oc,ucyu2fsk_auhf4v14mqvv0la,천만템노트 ,직장인들이 절대 안버리는 과자상자의 정체,2878,3,2026-09-02T15:46:03.000270+00:00,2026-09-14T23:10:03.036703+00:00,2026-09-16T05:10:03.000270+00:00,제품정체형,썰쇼핑,1070,2026-09-14 07:04:05
mhUf87OKCcc,https://www.youtube.com/watch?v=mhUf87OKCcc,uctmchwo4yehl0exsqp_apog,생활꿀템추천샵,다이소엔 절대 없고 쿠팡에만 있는 텀블러 미니 믹서기 #무선다지기 #미니믹서기 #주방꿀템,2868,1,2026-09-02T22:58:03.000270+00:00,2026-09-08T10:27:51.412064+00:00,2026-09-16T05:10:03.000270+00:00,홈템,썰쇼핑,6830,2026-09-09 07:08:49
WIYXTQG5WnY,https://www.youtube.com/watch?v=WIYXTQG5WnY,ucqnbrrb-zbu_7o5ksr27l6g,리치쇼핑,욕실정리를 끝내버린 제품의 정체,2868,2,2026-09-05T21:58:03.000270+00:00,2026-09-05T23:10:01.374377+00:00,2026-09-16T05:10:03.000270+00:00,제품정체형,썰쇼핑,3050,2026-09-14 07:04:05
_Iwk8s4__-A,https://www.youtube.com/watch?v=_Iwk8s4__-A,ucuenvpsh41lvt6_a6yjh8_g,신비아이템,캠핑템인 줄 알았던 엄마들 필수템,2855,1,2026-08-30T12:28:02.819135+00:00,2026-09-08T12:30:44.178691+00:00,2026-09-13T05:10:02.819135+00:00,기타,썰쇼핑,5780,2026-09-09 07:08:49
3K00ynHZ9hc,https://www.youtube.com/watch?v=3K00ynHZ9hc,uchf6vudwbonfotjr4oox3qw,생활용품 연구소,무인양품 가면 꼭 사야 되는 필수템,2853,1,2026-09-02T08:58:03.000270+00:00,2026-09-04T23:10:02.346310+00:00,2026-09-16T05:10:03.000270+00:00,홈템,썰쇼핑,20700,2026-08-19 05:56:25
Aj2L6FeEOSU,https://www.youtube.com/watch?v=Aj2L6FeEOSU,ucwx424nckxuyae44qqqltca,쇼핑하는 김반장,해외서 난리 난 목공용 연필이 클래식 작곡과 필수템,2841,2,2026-09-14T10:58:03.000270+00:00,2026-09-14T23:10:03.036703+00:00,2026-09-16T05:10:03.000270+00:00,기타,썰쇼핑,641,2026-09-14 07:04:05
puIlPJ4mVGI,https://www.youtube.com/watch?v=puIlPJ4mVGI,ucxirsjqetzz4ml6lc-uu5tq,이런호기심,우주에서 바라본 아마존의 일출 ㄷㄷ 꿈틀대는 황금빛 용의 자태 🐉☀️,2840,2,2026-09-08T21:58:03.000270+00:00,2026-09-14T23:10:03.036703+00:00,2026-09-16T05:10:03.000270+00:00,기타,썰쇼핑,14400,2026-09-14 07:04:05
q9wjcbPBMrs,https://www.youtube.com/watch?v=q9wjcbPBMrs,uc7fjlnge2czyi2lppje9hxw,써니네,"벨트가 아예 안보인다고, 패션 고수의 미친 활용법 #살림꿀팁 #꿀팁 #꿀템",2838,0,2026-09-04T21:58:03.000270+00:00,2026-09-04T23:10:02.346310+00:00,2026-09-16T05:10:03.000270+00:00,제품정체형,썰쇼핑,0,2026-08-19 05:56:25
WTn7OqcvQG0,https://www.youtube.com/watch?v=WTn7OqcvQG0,ucycg5luulo-ccdblcw7hdcq,지식배송,혁신상 받아버린 HP의 미친아이디어,2828,6,2026-09-03T11:04:03.000270+00:00,2026-09-08T12:30:44.178691+00:00,2026-09-16T05:10:03.000270+00:00,기타,썰쇼핑,1350,2026-09-09 07:08:49
hdn0U5SxOWU,https://www.youtube.com/watch?v=hdn0U5SxOWU,ucxeyhz8xitvlxhdduxy6zca,리뷰남 ,세균을 100% 박멸시켜버린 천재적인 아이디어,2826,1,2026-08-27T10:10:02.680133+00:00,2026-09-04T23:10:02.346310+00:00,2026-09-10T08:10:02.680133+00:00,제품정체형,썰쇼핑,16100,2026-09-09 07:08:49
2sFP4bshnpk,https://www.youtube.com/watch?v=2sFP4bshnpk,uci7bltdlfsal3bodxjkalqw,수미네집,여름 끝! 에어컨 정리전에 이거부터 사세요,2813,1,2026-09-10T12:22:03.000270+00:00,2026-09-11T02:10:02.367900+00:00,2026-09-16T05:10:03.000270+00:00,홈템,썰쇼핑,6030,2026-09-09 07:08:49
62xmb7xVdPU,https://www.youtube.com/watch?v=62xmb7xVdPU,ucwomfgpbfxbehvdxb9j7rsa,살림템바이,한번 사면 뽕뽑는 이케아 의자|집꾸미기|셀프인테리어,2799,0,2026-08-26T08:58:02.542305+00:00,2026-09-04T23:10:02.346310+00:00,2026-09-09T05:10:02.542305+00:00,홈템,썰쇼핑,1090,2026-09-09 07:08:49
7AmkHqxA3FA,https://www.youtube.com/watch?v=7AmkHqxA3FA,ucwxox_v20iouentjtsfvlsa,와우템픽,체스판 위에 나타난 진짜 AI 로봇 팔 🤖 #IT테크 #로봇 #체스,2797,2,2026-09-03T09:46:03.000270+00:00,2026-09-14T23:10:03.036703+00:00,2026-09-16T05:10:03.000270+00:00,기타,썰쇼핑,1080,2026-09-14 07:04:05
ofLeFMWd7KA,https://www.youtube.com/watch?v=ofLeFMWd7KA,uctvonxoqv3-ntqka3lhafnq,담아,다이소도 탐낼 신박한 조미료통,2793,5,2026-09-04T22:58:03.000270+00:00,2026-09-04T23:10:02.346310+00:00,2026-09-16T05:10:03.000270+00:00,홈템,썰쇼핑,187,2026-09-09 07:08:49
8NFzjhZii6s,https://www.youtube.com/watch?v=8NFzjhZii6s,uch6fp7bvc_9bnnfulqfmasw,이거다시바,이케아 양면 침대를 평생 써먹는 방법 #꿀템 #필수템 #이케아 #쿠라 #양면 #침대 #활용법 #공간활용 #아이디어 #감성 #셀프인테리어 #인테리어,2793,1,2026-08-28T09:04:02.666924+00:00,2026-09-04T23:10:02.346310+00:00,2026-09-11T05:10:02.666924+00:00,홈템,썰쇼핑,0,2026-08-19 05:56:25
fdKdxgCz3Sk,https://www.youtube.com/watch?v=fdKdxgCz3Sk,ucl12scb2y7j-kx0_ghaf-xq,썰풀다,새우 손질 아직 손으로 했다면 이거 보세요#새우손질 #생활꿀팁 #주방꿀팁 #요리꿀팁 #살림꿀팁,2791,1,2026-09-16T02:34:03.000270+00:00,2026-09-16T05:10:03.000270+00:00,2026-09-16T05:10:03.000270+00:00,홈템,썰쇼핑,0,2026-08-19 05:56:25
ydyE6yvM8bA,https://www.youtube.com/watch?v=ydyE6yvM8bA,uc4fczuxwwbj0rsvbtvay3bg,숏팡,잠자는 동안 얼굴 바꾼 일본 천재 발명품,2788,0,2026-09-03T09:46:03.000270+00:00,2026-09-08T12:30:44.178691+00:00,2026-09-16T05:10:03.000270+00:00,제품정체형,썰쇼핑,43100,2026-09-09 07:08:49
jE7kYxzek0I,https://www.youtube.com/watch?v=jE7kYxzek0I,uc6cd2qevvm23b0xojjho50q,썰쇼템,제조사도 예상 못한 사용처에서 떡상한 제품,2786,2,2026-08-26T02:58:01.332600+00:00,2026-09-04T23:10:02.346310+00:00,2026-09-08T23:10:01.332600+00:00,오용형,썰쇼핑,13700,2026-09-09 07:08:49
3obVVNtfcSw,https://www.youtube.com/watch?v=3obVVNtfcSw,ucxqe5br7t3dym4kfsmw_xcw,반디몰,아직도 만두 어렵게 만드시나요? 5초컷하세요 #스텐만두틀 #만두틀 #만두만들기 #만두국 #군만두 #주방꿀템 #살림꿀템 #자취요리 #주방용품추천,2784,1,2026-09-09T08:58:03.000270+00:00,2026-09-09T23:10:01.358608+00:00,2026-09-16T05:10:03.000270+00:00,홈템,썰쇼핑,1050,2026-09-09 07:08:49
gSGqCetD_JM,https://www.youtube.com/watch?v=gSGqCetD_JM,uc8chcn19p3bctmydgd-fj4q,ㄹㅇㅋㅋ,여친 생기게 해준다는 3d 프린터 출력물,2783,3,2026-09-14T07:16:03.000270+00:00,2026-09-14T23:10:03.036703+00:00,2026-09-16T05:10:03.000270+00:00,기타,썰쇼핑,1070,2026-09-14 07:04:05
bFtbDhkddk8,https://www.youtube.com/watch?v=bFtbDhkddk8,uc4fczuxwwbj0rsvbtvay3bg,숏팡,이케아도 예상못한 천재의 활용법,2781,0,2026-09-14T08:58:03.000270+00:00,2026-09-14T23:10:03.036703+00:00,2026-09-16T05:10:03.000270+00:00,오용형,썰쇼핑,43100,2026-09-09 07:08:49
OeUcazOjHLE,https://www.youtube.com/watch?v=OeUcazOjHLE,ucvfde0jxxr9xgjru-wijthw,사길잘했다,댕댕이집사들이 절대 포기 못 하는 천재발명품,2781,0,2026-08-30T02:28:03.131380+00:00,2026-09-08T11:10:24.676804+00:00,2026-09-12T23:10:03.131380+00:00,제품정체형,썰쇼핑,1960,2026-09-09 07:08:49
zedZ_PvoKUM,https://www.youtube.com/watch?v=zedZ_PvoKUM,ucwgtmho0tsuedduon1fmgrw,순간의픽,이케아 디자이너도 감탄한 벽선반 아이디어 #필수템 #이케아 #라크 #벽선반 #활용법 #아이디어 #수납 #테이블 #가구 #감성 #셀프인테리어 #인테리어,2775,1,2026-09-10T01:04:03.000270+00:00,2026-09-10T08:10:02.680133+00:00,2026-09-16T05:10:03.000270+00:00,오용형,썰쇼핑,580,2026-09-09 07:08:49
B88yZIMzWi4,https://www.youtube.com/watch?v=B88yZIMzWi4,uci7bltdlfsal3bodxjkalqw,수미네집,다이소에서 찾은 100원짜리 꿀템,2774,1,2026-09-08T14:10:03.000270+00:00,2026-09-09T04:37:54.503187+00:00,2026-09-16T05:10:03.000270+00:00,홈템,썰쇼핑,6030,2026-09-09 07:08:49
6QkWqBUbJM4,https://www.youtube.com/watch?v=6QkWqBUbJM4,ucwomfgpbfxbehvdxb9j7rsa,살림템바이,이케아도 생각못한 벽선반 활용법 | 집꾸미기|인테리어|가구|이케아추천템,2771,0,2026-09-07T08:58:03.000270+00:00,2026-09-07T23:10:02.851021+00:00,2026-09-16T05:10:03.000270+00:00,오용형,썰쇼핑,1090,2026-09-09 07:08:49
Ajfkn9INg7o,https://www.youtube.com/watch?v=Ajfkn9INg7o,ucvfde0jxxr9xgjru-wijthw,사길잘했다,다이소 개발자도 감탄한 미친 신상,2767,0,2026-09-08T09:28:03.000270+00:00,2026-09-08T11:10:24.676804+00:00,2026-09-16T05:10:03.000270+00:00,제품정체형,썰쇼핑,1960,2026-09-09 07:08:49
3t4GacvrOug,https://www.youtube.com/watch?v=3t4GacvrOug,ucmbeuonh4nls9qryeeue_gg,쓸모있어,역대급 떼돈 번 제품의 정체.   #다이소 #주방용품 #주방꿀템 #야채탈수기,2756,3,2026-08-27T10:58:02.680133+00:00,2026-09-08T11:10:24.676804+00:00,2026-09-10T08:10:02.680133+00:00,홈템,썰쇼핑,1240,2026-09-09 07:08:49
pSOj1i689XQ,https://www.youtube.com/watch?v=pSOj1i689XQ,ucvaa_y8pn-ahgsjoqet6h9a,랜더쇼츠,혀마우스라는데 #지식 #발명,2753,3,2026-09-08T05:28:03.000270+00:00,2026-09-14T23:10:03.036703+00:00,2026-09-16T05:10:03.000270+00:00,기타,썰쇼핑,1490,2026-09-14 07:04:05
FVNnEkOUDk4,https://www.youtube.com/watch?v=FVNnEkOUDk4,ucsiilkcktabwbsotgdjddoa,이왜템,쓱쓱 그리면 보석빛이 촤르르✨️ #pencil #색칠하기 #꿀템,2748,11,2026-08-25T09:10:02.851021+00:00,2026-09-04T23:10:02.346310+00:00,2026-09-07T23:10:02.851021+00:00,홈템,썰쇼핑,1080,2026-09-09 07:08:49
elPHTxO1RUw,https://www.youtube.com/watch?v=elPHTxO1RUw,ucf_di4heihyo_ghbpg-0yxa,공가미,발상 전환으로 떼돈번 천재의 발명품,2741,0,2026-09-08T10:46:03.000270+00:00,2026-09-08T11:10:24.676804+00:00,2026-09-16T05:10:03.000270+00:00,제품정체형,썰쇼핑,8070,2026-09-09 07:08:49
ToNkQGSgroI,https://www.youtube.com/watch?v=ToNkQGSgroI,ucee8ue8x00th6esoz0w08eq,살림보고,다이소 덕후의 구부러지는 스틱 #shorts,2736,2,2026-09-03T11:22:03.000270+00:00,2026-09-04T23:10:02.346310+00:00,2026-09-16T05:10:03.000270+00:00,홈템,썰쇼핑,10800,2026-09-09 07:08:49
tC39c9iL3YQ,https://www.youtube.com/watch?v=tC39c9iL3YQ,ucof1tzdolqz-odj4r33039g,소소한 리뷰,청소업체 직원들이 몰래 쓰는 욕실 바닥 곰팡이 제거법,2733,0,2026-09-06T13:46:03.000270+00:00,2026-09-06T23:10:01.282766+00:00,2026-09-16T05:10:03.000270+00:00,제품정체형,썰쇼핑,11300,2026-09-09 02:35:38
spIYxU3lmuw,https://www.youtube.com/watch?v=spIYxU3lmuw,ucmo2rfye0ljbv_m4e5mhz0w,꿀템탐구소,캠퍼들 홀린 독일 천재의 발명품,2732,0,2026-09-01T22:16:02.238212+00:00,2026-09-14T23:10:03.036703+00:00,2026-09-15T05:10:02.238212+00:00,제품정체형,썰쇼핑,4300,2026-09-14 07:04:05
ApZ7-YgyS0M,https://www.youtube.com/watch?v=ApZ7-YgyS0M,ucgttnudyop52of_zrxv--aw,리빙픽템,바닥 습기에 빡친 천재의 발명품 #야전침대텐트 #캠핑용품 #캠핑템 #캠핑장비 #솔로캠핑,2730,3,2026-08-30T09:04:02.819135+00:00,2026-09-04T23:10:02.346310+00:00,2026-09-13T05:10:02.819135+00:00,제품정체형,썰쇼핑,6760,2026-09-09 07:08:49
pSi4bwqIB8k,https://www.youtube.com/watch?v=pSi4bwqIB8k,ucxirsjqetzz4ml6lc-uu5tq,이런호기심,100년 전 사람들의 지혜 ㄷㄷ 바닥 긁힘 없는 자동 문풍지 🚪,2719,0,2026-09-04T01:58:02.238212+00:00,2026-09-14T23:10:03.036703+00:00,2026-09-15T05:10:02.238212+00:00,기타,썰쇼핑,14400,2026-09-14 07:04:05
W6oNTGV_k_A,https://www.youtube.com/watch?v=W6oNTGV_k_A,uc59ltli8hmrkc1xbgfyutoa,대박살림,인테리어 업계 매출 박살낸 한국 천재 발명품,2718,0,2026-08-31T08:28:02.569334+00:00,2026-09-08T11:10:24.676804+00:00,2026-09-14T05:10:02.569334+00:00,제품정체형,썰쇼핑,20600,2026-09-09 07:08:49
sSkduOAnYZc,https://www.youtube.com/watch?v=sSkduOAnYZc,ucvfde0jxxr9xgjru-wijthw,사길잘했다,예쁜 거 절대 포기 못 하는 천재발명품,2717,0,2026-09-01T09:28:02.238212+00:00,2026-09-08T11:10:24.676804+00:00,2026-09-15T05:10:02.238212+00:00,제품정체형,썰쇼핑,1960,2026-09-09 07:08:49
IaSLN71g6bs,https://www.youtube.com/watch?v=IaSLN71g6bs,uckpphyi5ul6uw-axomcfmia,뽀터언니,코스트코도 예상못한 한국인의 활용법? 코스트코 알리오올리오 🧄,2713,1,2026-08-25T10:27:51.412064+00:00,2026-09-04T23:10:02.346310+00:00,2026-09-08T10:27:51.412064+00:00,제품정체형,썰쇼핑,1350,2026-09-09 07:08:49
1fx8wlJBp-U,https://www.youtube.com/watch?v=1fx8wlJBp-U,ucwd-1tqabhd8nvczbjhdiwg,유용하데이,토스트 중독자의 천재적인 아이디어,2709,1,2026-09-04T08:28:03.000270+00:00,2026-09-04T23:10:02.346310+00:00,2026-09-16T05:10:03.000270+00:00,제품정체형,썰쇼핑,56,2026-09-09 07:08:49
bF0Juzy7xiE,https://www.youtube.com/watch?v=bF0Juzy7xiE,ucqccuxzpl3snkehlhbti2hg,갓성비추천템,뜻밖의 활용으로 구매대란난 제품,2707,1,2026-09-08T11:34:02.542305+00:00,2026-09-08T12:30:44.178691+00:00,2026-09-09T05:10:02.542305+00:00,기타,썰쇼핑,29800,2026-09-09 07:08:49
cY0khhmZCfE,https://www.youtube.com/watch?v=cY0khhmZCfE,ucmeifnqi1f99moxyzgcrp2q,발견상자,세상에서 가장 웃긴 강아지 웃음 ㅋㅋㅋ #강아지 #funnydog #웃긴짤,2702,0,2026-09-02T02:58:03.157352+00:00,2026-09-08T12:30:44.178691+00:00,2026-09-15T23:10:03.157352+00:00,기타,썰쇼핑,1080,2026-09-09 07:08:49
6tpkZYrMuHs,https://www.youtube.com/watch?v=6tpkZYrMuHs,uc4fczuxwwbj0rsvbtvay3bg,숏팡,천재가 왜 게으른지 알수 있는 제품,2701,0,2026-09-07T08:46:03.000270+00:00,2026-09-08T12:30:44.178691+00:00,2026-09-16T05:10:03.000270+00:00,제품정체형,썰쇼핑,43100,2026-09-09 07:08:49
SItgRxL5GJU,https://www.youtube.com/watch?v=SItgRxL5GJU,uckec0idwzpe-sam6su0ztcg,실링홈,여름철 머리 열 내리는 초간단 방법 #살림꿀팁 #여름생활꿀팁 #꿀템추천 #등산 #등산초보 #등산꿀템 #등산꿀팁,2696,1,2026-08-27T00:04:01.358608+00:00,2026-09-04T23:10:02.346310+00:00,2026-09-09T23:10:01.358608+00:00,홈템,썰쇼핑,0,2026-08-19 05:56:25
weTZ1xNLP5A,https://www.youtube.com/watch?v=weTZ1xNLP5A,uctvonxoqv3-ntqka3lhafnq,담아,반지인 줄 알았는데 시계였습니다,2692,3,2026-09-02T22:58:03.000270+00:00,2026-09-04T23:10:02.346310+00:00,2026-09-16T05:10:03.000270+00:00,기타,썰쇼핑,187,2026-09-09 07:08:49
ukzZpGA_6ok,https://www.youtube.com/watch?v=ukzZpGA_6ok,uclmlddtl8vprxs4fmpfa8bw,@쿠템헌터3,일식 셰프도 놀라게한 미니 살림 꿀템,2692,0,2026-08-28T10:58:02.666924+00:00,2026-09-04T23:10:02.346310+00:00,2026-09-11T05:10:02.666924+00:00,홈템,썰쇼핑,164000,2026-09-09 07:08:49
rLxbK0p-MiU,https://www.youtube.com/watch?v=rLxbK0p-MiU,ucknyotic61bk0usui1ixavg,으니픽,미국천재가 만들어 돈방석 앉은 제품 #세정제 #제거제 #생활용품,2686,1,2026-08-30T11:22:02.819135+00:00,2026-09-04T23:10:02.346310+00:00,2026-09-13T05:10:02.819135+00:00,제품정체형,썰쇼핑,1300,2026-09-09 07:08:49
H94byo6npmU,https://www.youtube.com/watch?v=H94byo6npmU,uciyteuko_p950a7je7jpixa,루구나,일식당 셰프도 놀란  뜻밖의 만능 양념템,2685,1,2026-08-28T22:58:02.666924+00:00,2026-09-04T23:10:02.346310+00:00,2026-09-11T05:10:02.666924+00:00,레시피,썰쇼핑,19600,2026-09-09 07:08:49
GqbtKEMuv6I,https://www.youtube.com/watch?v=GqbtKEMuv6I,ucjlxkqrjd0pecwp1xkuvoeq,꿀템첵첵,테이핑이 이게 끝?,2679,1,,2026-09-04T23:10:02.346310+00:00,2026-09-04T23:10:02.346310+00:00,기타,썰쇼핑,27200,2026-09-09 07:08:49
DvY89AgjGJY,https://www.youtube.com/watch?v=DvY89AgjGJY,ucjiyb-pm9ltdsk4a4yw7oia,마미마루,이 책상이 6만원대라구요? #가성비책상,2678,3,2026-09-03T00:58:03.000270+00:00,2026-09-08T11:10:24.676804+00:00,2026-09-16T05:10:03.000270+00:00,기타,썰쇼핑,507,2026-09-09 07:08:49
IBr2YFL5h6E,https://www.youtube.com/watch?v=IBr2YFL5h6E,ucsevfs9sqzl_tuzrqzsu1yq,쇼츠룸,속 터지는 남편 vs 급발진 아내#공감 #부부일상 #성격차이 #유머 #급발진,2669,0,2026-09-04T04:58:03.000270+00:00,2026-09-14T23:10:03.036703+00:00,2026-09-16T05:10:03.000270+00:00,기타,썰쇼핑,1150,2026-09-14 07:04:05
GUhxXEmlp68,https://www.youtube.com/watch?v=GUhxXEmlp68,ucw-vssbyj4pqqcvfzyqxp5q,쇼컷리뷰,안 쓰는 방 창고로 두는 사람만 손해 보는 이유,2665,1,2026-09-10T04:58:03.000270+00:00,2026-09-14T23:10:03.036703+00:00,2026-09-16T05:10:03.000270+00:00,기타,썰쇼핑,605,2026-09-14 07:06:10
Z50VkfEfQu0,https://www.youtube.com/watch?v=Z50VkfEfQu0,uc-jocgjnh8ewwrhzgtxaq8g,별난상점,개발자도 당황한 역대급 활용법 ㄷㄷ,2662,0,2026-08-29T04:16:02.319689+00:00,2026-09-08T11:10:24.676804+00:00,2026-09-11T23:10:02.319689+00:00,오용형,썰쇼핑,1360,2026-09-09 07:08:49
hThRJLPh7Kg,https://www.youtube.com/watch?v=hThRJLPh7Kg,ucxqe5br7t3dym4kfsmw_xcw,반디몰,"""밤 껍질 쉽게 까세요!"" 밤 껍질 까는 법 #밤칼집가위 #밤까개 #밤손질 #밤껍질까기 #주방꿀템 #살림꿀템 #살림팁 #꿀템추천 #주방용품추천 #생밤까기 #군밤만들기 #살림노하우",2661,4,2026-09-10T08:58:03.000270+00:00,2026-09-11T02:10:02.367900+00:00,2026-09-16T05:10:03.000270+00:00,홈템,썰쇼핑,1050,2026-09-09 07:08:49
7HhfwcdygEQ,https://www.youtube.com/watch?v=7HhfwcdygEQ,ucsevfs9sqzl_tuzrqzsu1yq,쇼츠룸,지옥까지 쫓아간 현실 부부싸움#부부싸움 #현실부부 #반전 #부부유머 #코미디,2661,1,2026-09-01T22:58:02.238212+00:00,2026-09-14T23:10:03.036703+00:00,2026-09-15T05:10:02.238212+00:00,제품정체형,썰쇼핑,1150,2026-09-14 07:04:05
Zc6azntTf-8,https://www.youtube.com/watch?v=Zc6azntTf-8,uclshojkcjypr5ok5kaifc3q,고고살림,살림 천재의 활용법 철제 매쉬,2653,0,2026-09-13T00:28:03.000270+00:00,2026-09-13T05:10:02.819135+00:00,2026-09-16T05:10:03.000270+00:00,홈템,썰쇼핑,1,2026-09-09 07:08:49
mrNMhlwEpEg,https://www.youtube.com/watch?v=mrNMhlwEpEg,ucftoksv4zeitypvhoilopjg,우리살림,다이소꿀템 먼지 제거기,2650,1,2026-09-09T11:34:03.000270+00:00,2026-09-09T23:10:01.358608+00:00,2026-09-16T05:10:03.000270+00:00,홈템,썰쇼핑,0,2026-08-19 05:56:25
N-wdNQJPIHw,https://www.youtube.com/watch?v=N-wdNQJPIHw,ucmy_dsulpkwmomilddbp_8q,그럴줄알았지 : 세상 사는 이야기,이케아 본사 직원도 놀란 미친 활용법,2648,2,2026-08-27T08:58:02.680133+00:00,2026-09-08T11:10:24.676804+00:00,2026-09-10T08:10:02.680133+00:00,오용형,썰쇼핑,6960,2026-09-09 07:08:49
Cm4BXqdGmK8,https://www.youtube.com/watch?v=Cm4BXqdGmK8,ucapo3ngjjmjssseardb1bpw,샤샤홈,아이패드 결제 직전에 알게 된 꿀템,2638,2,2026-08-29T22:58:02.660921+00:00,2026-09-08T12:30:44.178691+00:00,2026-09-12T05:10:02.660921+00:00,홈템,썰쇼핑,961,2026-09-09 07:08:49
jTo17WYZfqM,https://www.youtube.com/watch?v=jTo17WYZfqM,uckkeqaxjmev8w7gd4h5kcaw,홈스터,전동 계단 리프트,2638,3,2026-08-24T11:40:01.282766+00:00,2026-09-04T23:10:02.346310+00:00,2026-09-06T23:10:01.282766+00:00,기타,썰쇼핑,0,2026-08-19 05:56:25
004azf8-fA8,https://www.youtube.com/watch?v=004azf8-fA8,ucxteg2lrkvxn8b7umce7qoq,딸기라떼,돈방석 앉은 천재의 신박한 아이디어 제품ㄷㄷ 버튼만 누르면 완성! 필독어 자동충전 에어매트리스 ✨#자동충전매트리스 #에어매트리스 #캠핑매트 #차박매트 #캠핑용품,2636,1,2026-09-10T09:28:03.000270+00:00,2026-09-11T02:10:02.367900+00:00,2026-09-16T05:10:03.000270+00:00,제품정체형,썰쇼핑,5130,2026-09-09 07:08:49
KZVp2Q_W_CA,https://www.youtube.com/watch?v=KZVp2Q_W_CA,ucxqe5br7t3dym4kfsmw_xcw,반디몰,영구적으로 쓰는 만능 실리콘 덮개로 바꿔보세요! #실리콘랩 #실리콘덮개 #만능실리콘뚜껑 #주방꿀템 #살림꿀템 #자취꿀템 #살림팁 #주방용품추천 #일회용품줄이기 #음식보관꿀팁,2625,1,2026-09-10T08:58:03.000270+00:00,2026-09-11T02:10:02.367900+00:00,2026-09-16T05:10:03.000270+00:00,홈템,썰쇼핑,1050,2026-09-09 07:08:49
ztuTsatjG0s,https://www.youtube.com/watch?v=ztuTsatjG0s,uc9cpf1vjxwkndwy1jvvdzvw,쇼핑남자,텀블러에 미쳐버린 천재의 발명품,2620,2,2026-09-11T13:22:02.819135+00:00,2026-09-11T23:10:02.319689+00:00,2026-09-13T05:10:02.819135+00:00,제품정체형,썰쇼핑,6370,2026-09-09 07:08:49
3Sv5iSYRJR4,https://www.youtube.com/watch?v=3Sv5iSYRJR4,uct_k9uncg3axxb8ujj9f2_g,속닥마켓,"코스트코 본사도 뒷목 잡은 1,000원짜리 소스팩 대참사",2619,1,2026-09-06T17:58:03.000270+00:00,2026-09-08T11:10:24.676804+00:00,2026-09-16T05:10:03.000270+00:00,레시피,썰쇼핑,82,2026-09-09 07:08:49
Ulyke_vm6Ss,https://www.youtube.com/watch?v=Ulyke_vm6Ss,ucwx424nckxuyae44qqqltca,쇼핑하는 김반장,요리 준비 시간 반으로 줄여주는 다이소급 충격 주방템,2611,2,2026-09-03T09:58:03.000270+00:00,2026-09-14T23:10:03.036703+00:00,2026-09-16T05:10:03.000270+00:00,제품정체형,썰쇼핑,641,2026-09-14 07:04:05
zw0939KyZ84,https://www.youtube.com/watch?v=zw0939KyZ84,ucigtymqr64yuejp8swuysog,일단담자,귀찮음을 참다 못해 이렇게까지 했다고,2610,0,2026-09-03T07:58:03.000270+00:00,2026-09-14T23:10:03.036703+00:00,2026-09-16T05:10:03.000270+00:00,기타,썰쇼핑,1240,2026-09-14 07:06:10
Om0hksdVQGI,https://www.youtube.com/watch?v=Om0hksdVQGI,ucmeifnqi1f99moxyzgcrp2q,발견상자,"홍어애, 홍어연골 처음먹는 사람 반응",2609,1,2026-09-09T05:40:03.000270+00:00,2026-09-09T23:10:01.358608+00:00,2026-09-16T05:10:03.000270+00:00,기타,썰쇼핑,1080,2026-09-09 07:08:49
WKhQf8GFaj8,https://www.youtube.com/watch?v=WKhQf8GFaj8,ucynpgh7_qesow4pbljhmi2q,유머굿템,주방에서 친구한테 이거 때문에 잔소리 들은 이유,2606,0,2026-08-26T09:58:02.542305+00:00,2026-09-08T11:10:24.676804+00:00,2026-09-09T05:10:02.542305+00:00,홈템,썰쇼핑,17500,2026-09-09 07:08:49
_g47rkEMBkQ,https://www.youtube.com/watch?v=_g47rkEMBkQ,ucgttnudyop52of_zrxv--aw,리빙픽템,99%가 모르는 집 바꾸는 법 #셀프인테리어 #홈카페인테리어 #텍스처롤러 #벽꾸미기 #인테리어소품,2604,1,2026-09-02T09:04:03.000270+00:00,2026-09-04T23:10:02.346310+00:00,2026-09-16T05:10:03.000270+00:00,홈템,썰쇼핑,6760,2026-09-09 07:08:49
QZudseMv9F8,https://www.youtube.com/watch?v=QZudseMv9F8,uct_k9uncg3axxb8ujj9f2_g,속닥마켓,일진 삥 뜯다가 빵집 지하실 끌려가서 제빵사 된 사연,2600,0,2026-08-26T14:34:02.542305+00:00,2026-09-08T11:10:24.676804+00:00,2026-09-09T05:10:02.542305+00:00,기타,썰쇼핑,82,2026-09-09 07:08:49
n0VNeaC1sUQ,https://www.youtube.com/watch?v=n0VNeaC1sUQ,uczgoriozc_etvvg-o72xjcw,썰n픽,🌷미술관에 있던 꽃이 원룸까지 내려온 이유,2598,1,2026-09-02T10:58:03.000270+00:00,2026-09-14T23:10:03.036703+00:00,2026-09-16T05:10:03.000270+00:00,기타,썰쇼핑,1080,2026-09-14 07:04:05
jJBQN7eMNgk,https://www.youtube.com/watch?v=jJBQN7eMNgk,uciyteuko_p950a7je7jpixa,루구나,꽃집사장님도 쓰는 뜻밖의 최고 천연힐링템,2597,0,2026-09-01T22:58:02.238212+00:00,2026-09-04T23:10:02.346310+00:00,2026-09-15T05:10:02.238212+00:00,기타,썰쇼핑,19600,2026-09-09 07:08:49
v-ndCEb67FM,https://www.youtube.com/watch?v=v-ndCEb67FM,ucuenvpsh41lvt6_a6yjh8_g,신비아이템,실험하자 무너진 탈출 국룰,2595,1,2026-09-11T11:16:03.000270+00:00,2026-09-11T23:10:02.319689+00:00,2026-09-16T05:10:03.000270+00:00,기타,썰쇼핑,5780,2026-09-09 07:08:49
gHs73LJNuI8,https://www.youtube.com/watch?v=gHs73LJNuI8,ucee8ue8x00th6esoz0w08eq,살림보고,개발자도 놀란 아일렛 펀칭기 #shorts,2593,3,2026-09-05T10:58:03.000270+00:00,2026-09-05T23:10:01.374377+00:00,2026-09-16T05:10:03.000270+00:00,제품정체형,썰쇼핑,10800,2026-09-09 07:08:49
664lLzM7wYY,https://www.youtube.com/watch?v=664lLzM7wYY,uci7bltdlfsal3bodxjkalqw,수미네집,이것만 끼우면 주방 청소 끝,2589,0,2026-08-27T08:28:02.680133+00:00,2026-09-08T11:10:24.676804+00:00,2026-09-10T08:10:02.680133+00:00,홈템,썰쇼핑,6030,2026-09-09 07:08:49
RNGGqS-saUI,https://www.youtube.com/watch?v=RNGGqS-saUI,ucu-hzvlc1tvab1lrp0cejtg,속으로만,지독한 짠순이가 샴푸 아끼려다 떼돈 번 제품,2583,1,2026-09-02T11:22:03.000270+00:00,2026-09-13T05:10:02.819135+00:00,2026-09-16T05:10:03.000270+00:00,제품정체형,썰쇼핑,0,2026-08-19 05:56:25
vNv7OP5DS-E,https://www.youtube.com/watch?v=vNv7OP5DS-E,ucftoksv4zeitypvhoilopjg,우리살림,좁은 화장실 '문 뒤' 3cm 공간을 그냥 버리고 계셨나요?,2580,1,2026-09-13T07:28:03.000270+00:00,2026-09-13T23:10:02.300105+00:00,2026-09-16T05:10:03.000270+00:00,홈템,썰쇼핑,0,2026-08-19 05:56:25
FiAv982rg7c,https://www.youtube.com/watch?v=FiAv982rg7c,uckqnors9o6zgzjcsge5bd9a,다있슈,미친기능 하나로 대박나버린 제품,2577,1,2026-08-28T09:58:02.666924+00:00,2026-09-04T23:10:02.346310+00:00,2026-09-11T05:10:02.666924+00:00,기타,썰쇼핑,1770,2026-09-09 07:08:49
YS3B4oAvsQE,https://www.youtube.com/watch?v=YS3B4oAvsQE,uclshojkcjypr5ok5kaifc3q,고고살림,다이소도 생각못한 천재적인 비닐 활용법,2571,1,2026-09-07T09:40:03.000270+00:00,2026-09-08T11:10:24.676804+00:00,2026-09-16T05:10:03.000270+00:00,오용형,썰쇼핑,1,2026-09-09 07:08:49
Lr5O3QNtRFE,https://www.youtube.com/watch?v=Lr5O3QNtRFE,ucr7qe2otqgcsffjujlnnjma,다마다마,독일 기술로 만들어 떼돈번 제품의 정체,2569,0,2026-09-01T03:58:03.036703+00:00,2026-09-14T23:10:03.036703+00:00,2026-09-14T23:10:03.036703+00:00,제품정체형,썰쇼핑,815,2026-09-14 07:04:05
bkweKwRID4Y,https://www.youtube.com/watch?v=bkweKwRID4Y,ucipqot8sknih3msbu2b7ahw,트렌드헌터,삼성 개발자도 기립박수 친 세계 최초 접는 이어폰,2568,1,2026-09-07T07:52:03.000270+00:00,2026-09-14T23:10:03.036703+00:00,2026-09-16T05:10:03.000270+00:00,기타,썰쇼핑,1350,2026-09-14 07:04:05
tiiTZFfaxHo,https://www.youtube.com/watch?v=tiiTZFfaxHo,uch6fp7bvc_9bnnfulqfmasw,이거다시바,다이소 고수들만 쓴다는 숨은 꿀템 #꿀템 #필수템 #다이소 #파일꽂이 #아이디어 #활용법 #수납 #살림 #정리 #꿀팁 #감성 #셀프인테리어 #인테리어,2564,2,2026-09-08T09:04:03.000270+00:00,2026-09-08T10:27:51.412064+00:00,2026-09-16T05:10:03.000270+00:00,홈템,썰쇼핑,0,2026-08-19 05:56:25
pnJkHaMSI7Y,https://www.youtube.com/watch?v=pnJkHaMSI7Y,ucmyc8jr2jkq5fxuskohc_pq,소장각템,미국 천재가 만들어 설거지 멸종 시킨 아이템 #살림꿀팁,2562,0,2026-09-08T21:28:03.000270+00:00,2026-09-14T23:10:03.036703+00:00,2026-09-16T05:10:03.000270+00:00,제품정체형,썰쇼핑,8,2026-09-14 07:04:05
WGHrecnBw_4,https://www.youtube.com/watch?v=WGHrecnBw_4,ucs9rzo0w2sa-ik3w2j4mkzg,홈킥킥,유리 물때 제거,2562,2,2026-09-01T07:58:02.238212+00:00,2026-09-08T11:10:24.676804+00:00,2026-09-15T05:10:02.238212+00:00,기타,썰쇼핑,15800,2026-09-09 07:08:49
rQnKyITig7w,https://www.youtube.com/watch?v=rQnKyITig7w,ucjlxkqrjd0pecwp1xkuvoeq,꿀템첵첵,젖은 수영복 비닐봉지에 넣는 시대는 이제 끝났습니다!,2561,1,2026-09-04T10:10:03.000270+00:00,2026-09-04T23:10:02.346310+00:00,2026-09-16T05:10:03.000270+00:00,기타,썰쇼핑,27200,2026-09-09 07:08:49
4VnSNGfPYUE,https://www.youtube.com/watch?v=4VnSNGfPYUE,uco3sju4c8apyrhk_dbo8udq,냥냥쿨범,제조사도 예상못한 천재 주부의 활용법,2561,3,2026-09-02T11:16:03.000270+00:00,2026-09-08T11:10:24.676804+00:00,2026-09-16T05:10:03.000270+00:00,오용형,썰쇼핑,21500,2026-09-09 07:08:49
6kBs5q6fo3U,https://www.youtube.com/watch?v=6kBs5q6fo3U,uc6cd2qevvm23b0xojjho50q,썰쇼템,주부들도 극찬한 신박한 주방템,2554,1,2026-09-02T02:58:03.157352+00:00,2026-09-04T23:10:02.346310+00:00,2026-09-15T23:10:03.157352+00:00,오용형,썰쇼핑,13700,2026-09-09 07:08:49
ofIdh2jlmqM,https://www.youtube.com/watch?v=ofIdh2jlmqM,ucpedjalkfwwr4d2xelfykoa,숏딜,다이소도 예상못한 천재주부 활용법,2553,0,2026-09-05T04:10:03.000270+00:00,2026-09-14T23:10:03.036703+00:00,2026-09-16T05:10:03.000270+00:00,오용형,썰쇼핑,15200,2026-09-14 07:04:05
DaDEtrSXV0o,https://www.youtube.com/watch?v=DaDEtrSXV0o,uciyteuko_p950a7je7jpixa,루구나,전문 청소업체가  몰래쓰는 만능클리너,2553,1,2026-08-27T22:58:02.680133+00:00,2026-09-04T23:10:02.346310+00:00,2026-09-10T08:10:02.680133+00:00,제품정체형,썰쇼핑,19600,2026-09-09 07:08:49
3Q4tm7rMRW0,https://www.youtube.com/watch?v=3Q4tm7rMRW0,uct_k9uncg3axxb8ujj9f2_g,속닥마켓,동대문 옷가게 사장님들이 집에서 몰래 쓴다는 장비 정체 ㄷㄷ,2542,1,2026-09-04T22:58:03.000270+00:00,2026-09-08T11:10:24.676804+00:00,2026-09-16T05:10:03.000270+00:00,제품정체형,썰쇼핑,82,2026-09-09 07:08:49
CTyLt-903j4,https://www.youtube.com/watch?v=CTyLt-903j4,uckav5c_xgwtehpyk3i-zcfg,오늘꿀템,개발자도 감탄한 미친 에어프라이어 활용법,2532,1,2026-08-31T08:28:02.569334+00:00,2026-09-04T23:10:02.346310+00:00,2026-09-14T05:10:02.569334+00:00,오용형,썰쇼핑,1380,2026-09-09 07:08:49
wJVXrID3KTk,https://www.youtube.com/watch?v=wJVXrID3KTk,ucf_di4heihyo_ghbpg-0yxa,공가미,고대 이집트에서 시작된 커피 그라인더의 정체ㄷㄷㄷ,2527,3,2026-08-31T10:46:02.569334+00:00,2026-09-04T23:10:02.346310+00:00,2026-09-14T05:10:02.569334+00:00,제품정체형,썰쇼핑,8070,2026-09-09 07:08:49
CtZOPjTEpKg,https://www.youtube.com/watch?v=CtZOPjTEpKg,uclshojkcjypr5ok5kaifc3q,고고살림,이케아 제작자도 생각못한 깜짝 활용법,2526,1,2026-09-13T23:52:03.000270+00:00,2026-09-14T05:10:02.569334+00:00,2026-09-16T05:10:03.000270+00:00,오용형,썰쇼핑,1,2026-09-09 07:08:49
tezGDvUw0Nk,https://www.youtube.com/watch?v=tezGDvUw0Nk,uczsqdvebdhbskc3vnvwwbkg,살림치트키,덕후들의 영혼을 울린 미국 천재의 발명품,2524,1,2026-09-07T20:22:03.000270+00:00,2026-09-07T23:10:02.851021+00:00,2026-09-16T05:10:03.000270+00:00,제품정체형,썰쇼핑,193,2026-09-14 07:04:05
R_v47OfvqQQ,https://www.youtube.com/watch?v=R_v47OfvqQQ,uclfbmumxshw-8ylwcgp-w3w,Gcar지카,99%가 떡인 줄 알았다는 시뻘건 쇳덩이의 반전 ㄷㄷ (속 시원함 주의),2518,0,2026-09-08T03:22:03.000270+00:00,2026-09-08T10:27:51.412064+00:00,2026-09-16T05:10:03.000270+00:00,제품정체형,썰쇼핑,75100,2026-09-09 02:35:38
MaVUNpkJafU,https://www.youtube.com/watch?v=MaVUNpkJafU,ucw5k_x62_is3ccatyi8_pkg,이거뭐야,반으로 활짝 열리는 실리콘 빨대 #꿀템,2515,0,2026-08-31T09:58:02.569334+00:00,2026-09-08T11:10:24.676804+00:00,2026-09-14T05:10:02.569334+00:00,홈템,썰쇼핑,10700,2026-09-09 07:08:49
RdtMbsO6xJE,https://www.youtube.com/watch?v=RdtMbsO6xJE,ucidv5xotd-tom-6lqw3slnq,집꾸,아들 핑계로 사고 싶은 공,2515,0,2026-09-09T10:58:02.819135+00:00,2026-09-09T23:10:01.358608+00:00,2026-09-13T05:10:02.819135+00:00,홈템,썰쇼핑,30200,2026-09-09 07:08:49
tIW870hvQAM,https://www.youtube.com/watch?v=tIW870hvQAM,uclmlddtl8vprxs4fmpfa8bw,@쿠템헌터3,다이소도 예상못한 한국주부들의 활용법,2513,0,2026-08-30T10:58:02.819135+00:00,2026-09-04T23:10:02.346310+00:00,2026-09-13T05:10:02.819135+00:00,오용형,썰쇼핑,164000,2026-09-09 07:08:49
C3vEQvCk0GA,https://www.youtube.com/watch?v=C3vEQvCk0GA,uct_k9uncg3axxb8ujj9f2_g,속닥마켓,저커버그 책장에 꽂힌 정체불명의 갈색 소스 정체 ㄷㄷ,2498,1,2026-09-10T13:40:03.000270+00:00,2026-09-11T02:10:02.367900+00:00,2026-09-16T05:10:03.000270+00:00,제품정체형,썰쇼핑,82,2026-09-09 07:08:49
MItaNTHFUiE,https://www.youtube.com/watch?v=MItaNTHFUiE,ucu-hzvlc1tvab1lrp0cejtg,속으로만,비누때문에 빡쳐서 만든 한 천재의 발명품,2488,0,2026-09-01T13:46:02.238212+00:00,2026-09-13T05:10:02.819135+00:00,2026-09-15T05:10:02.238212+00:00,제품정체형,썰쇼핑,0,2026-08-19 05:56:25
hS-lwdVkJ_g,https://www.youtube.com/watch?v=hS-lwdVkJ_g,ucury26mdc8dmmsffuwlhzda,1분쇼핑,"매번 컵 깨져서 유리 조각 줍던 사람들, 이걸 왜 이제 알았냐고요",2485,3,2026-09-03T07:16:03.000270+00:00,2026-09-14T23:10:03.036703+00:00,2026-09-16T05:10:03.000270+00:00,기타,썰쇼핑,32,2026-09-14 07:04:05
GJVe7NKJm-8,https://www.youtube.com/watch?v=GJVe7NKJm-8,ucxqe5br7t3dym4kfsmw_xcw,반디몰,새우 러버라면 10초만 집중해 주세요,2485,1,2026-08-31T08:58:02.569334+00:00,2026-09-08T11:10:24.676804+00:00,2026-09-14T05:10:02.569334+00:00,기타,썰쇼핑,1050,2026-09-09 07:08:49
tfyMemVOnog,https://www.youtube.com/watch?v=tfyMemVOnog,ucemc0lajcxtnwftcao3awhq,꿀템,한국인들이 공식을 박살냈다는 화장품,2479,2,2026-09-02T09:40:03.000270+00:00,2026-09-14T23:10:03.036703+00:00,2026-09-16T05:10:03.000270+00:00,뷰티,썰쇼핑,1070,2026-09-14 07:04:05
cpZhQnY-BQk,https://www.youtube.com/watch?v=cpZhQnY-BQk,uc6alxcfrxxxbrc3lzbx1gxg,꿀딜,귀찮음에서 시작된 미국 천재의 발명품ㄷㄷ,2475,1,2026-09-02T08:34:03.000270+00:00,2026-09-14T23:10:03.036703+00:00,2026-09-16T05:10:03.000270+00:00,제품정체형,썰쇼핑,235,2026-09-14 07:20:43
U3lOarvzfII,https://www.youtube.com/watch?v=U3lOarvzfII,ucz-slgdofm414lil2nz0qea,장바구니 털기,자취방 친구가 삼성 폴드7을 못 버린 이유,2474,1,2026-09-06T09:58:03.000270+00:00,2026-09-14T23:10:03.036703+00:00,2026-09-16T05:10:03.000270+00:00,기타,썰쇼핑,1020,2026-09-14 07:04:05
EoDfyIykc_A,https://www.youtube.com/watch?v=EoDfyIykc_A,ucsbp41obff8fsjgcvxut6ga,또왔소,판사를 놀라게 한 딸의 충격적 대답,2472,1,2026-08-25T23:52:01.332600+00:00,2026-09-04T23:10:02.346310+00:00,2026-09-08T23:10:01.332600+00:00,기타,썰쇼핑,10700,2026-09-09 07:08:49
SStgTnP8NEk,https://www.youtube.com/watch?v=SStgTnP8NEk,ucwxox_v20iouentjtsfvlsa,와우템픽,이거 하나면 스마트폰 게임 끊기 가능? 핀볼 머신 조립기 🛠️ #DIY #우드퍼즐 #오락실게임,2468,2,2026-09-05T09:28:03.000270+00:00,2026-09-14T23:10:03.036703+00:00,2026-09-16T05:10:03.000270+00:00,홈템,썰쇼핑,1080,2026-09-14 07:04:05
j-GzwNNhnYM,https://www.youtube.com/watch?v=j-GzwNNhnYM,ucwomfgpbfxbehvdxb9j7rsa,살림템바이,디자이너도 인정한 이케아 수납장 활용법| 이케아 추천템|집꾸미기,2467,1,2026-09-12T13:28:03.000270+00:00,2026-09-12T23:10:03.131380+00:00,2026-09-16T05:10:03.000270+00:00,오용형,썰쇼핑,1090,2026-09-09 07:08:49
Wi6s82z8dk8,https://www.youtube.com/watch?v=Wi6s82z8dk8,ucefyc4mx2p-4htfokzo3zug,토란토란,"방송가 거물 집안 떠나, 한국 일반인 택한 대만 여배우?!",2467,1,2026-09-05T03:10:01.282766+00:00,2026-09-05T04:42:28.257041+00:00,2026-09-06T23:10:01.282766+00:00,기타,썰쇼핑,3530,2026-09-09 07:08:49
WgoWF47yOC8,https://www.youtube.com/watch?v=WgoWF47yOC8,uct_k9uncg3axxb8ujj9f2_g,속닥마켓,젤리에 진짜 과일을 때려 부었더니 대기업한테 손절당한 사나이의 최후,2465,2,2026-08-26T09:52:02.542305+00:00,2026-09-08T11:10:24.676804+00:00,2026-09-09T05:10:02.542305+00:00,기타,썰쇼핑,82,2026-09-09 07:08:49
wbDDfHszjOA,https://www.youtube.com/watch?v=wbDDfHszjOA,ucuenvpsh41lvt6_a6yjh8_g,신비아이템,컵 누르면 물이 솟구치는 물건,2464,0,2026-09-06T11:34:03.000270+00:00,2026-09-08T12:30:44.178691+00:00,2026-09-16T05:10:03.000270+00:00,기타,썰쇼핑,5780,2026-09-09 07:08:49
dh_lJYzevtA,https://www.youtube.com/watch?v=dh_lJYzevtA,ucjiyb-pm9ltdsk4a4yw7oia,마미마루,침대 밑에서 책상이? 🛏️,2464,0,2026-08-29T13:22:02.660921+00:00,2026-09-08T11:10:24.676804+00:00,2026-09-12T05:10:02.660921+00:00,기타,썰쇼핑,507,2026-09-09 07:08:49
K07qCOqOLIY,https://www.youtube.com/watch?v=K07qCOqOLIY,uco3sju4c8apyrhk_dbo8udq,냥냥쿨범,요거트시장 뒤집어버린 미친제품의 정체,2461,2,2026-09-04T11:16:03.000270+00:00,2026-09-08T11:10:24.676804+00:00,2026-09-16T05:10:03.000270+00:00,제품정체형,썰쇼핑,21500,2026-09-09 07:08:49
2UTaq2nMgVY,https://www.youtube.com/watch?v=2UTaq2nMgVY,ucsord3ilyzlndabbmiihcog,썰칩12,결국 배신했다는 찹쌀떡 근황,2450,1,2026-09-11T13:34:03.000270+00:00,2026-09-11T23:10:02.319689+00:00,2026-09-16T05:10:03.000270+00:00,기타,썰쇼핑,22700,2026-09-09 07:08:49
bfUIZWp_b4Y,https://www.youtube.com/watch?v=bfUIZWp_b4Y,ucdzguqgjnb3fd6jgxvn-obq,오리핫템,다이소 꿀템 '봉걸이 후크' 인생템 등극? 상상초월 활용법!,2450,0,2026-09-08T05:04:03.000270+00:00,2026-09-08T11:10:24.676804+00:00,2026-09-16T05:10:03.000270+00:00,홈템,썰쇼핑,19900,2026-09-09 07:08:49
QhfCg4lJHNc,https://www.youtube.com/watch?v=QhfCg4lJHNc,uca1enqmgexzsqabzqhsa-gw,먹자골목,등산하던 여자가 빡치면 생기는 일,2448,0,2026-08-28T05:46:02.666924+00:00,2026-09-04T23:10:02.346310+00:00,2026-09-11T05:10:02.666924+00:00,기타,썰쇼핑,0,2026-08-19 05:56:25
KXwRIvwL9go,https://www.youtube.com/watch?v=KXwRIvwL9go,uclmlddtl8vprxs4fmpfa8bw,@쿠템헌터3,조미료가 자꾸 굳는다면 당장 이거 부터 바꾸세요,2444,1,2026-09-05T10:58:03.000270+00:00,2026-09-05T23:10:01.374377+00:00,2026-09-16T05:10:03.000270+00:00,기타,썰쇼핑,164000,2026-09-09 07:08:49
6KD4Nqkgljs,https://www.youtube.com/watch?v=6KD4Nqkgljs,ucnd6bgf50o87a92-ik1di8q,살림도사,가방 절대 바닥에 놓지 말고 여기에 걸어두세요 #가방걸이,2443,0,2026-09-07T22:58:03.000270+00:00,2026-09-07T23:10:02.851021+00:00,2026-09-16T05:10:03.000270+00:00,홈템,썰쇼핑,14500,2026-09-09 07:08:49
oIRi7369gd4,https://www.youtube.com/watch?v=oIRi7369gd4,uc5ibeeh_ee8jv5lr9ikkbng,핑크수저,다이소가면 크기별로 사야하는 제품의 정체,2442,1,2026-09-10T01:58:03.000270+00:00,2026-09-10T08:10:02.680133+00:00,2026-09-16T05:10:03.000270+00:00,제품정체형,썰쇼핑,42,2026-09-09 07:08:49
9AYoegyyqTU,https://www.youtube.com/watch?v=9AYoegyyqTU,uctmchwo4yehl0exsqp_apog,생활꿀템추천샵,다이소엔 절대 없고 쿠팡에만 있는 반찬 덮개,2439,2,2026-09-03T10:52:03.000270+00:00,2026-09-08T10:27:51.412064+00:00,2026-09-16T05:10:03.000270+00:00,홈템,썰쇼핑,6830,2026-09-09 07:08:49
8RszrZPe2IE,https://www.youtube.com/watch?v=8RszrZPe2IE,ucmssyyqvltkjobcgqdrzmuw,내일 쇼핑,다이소 기획자도 멘붕 온 미친 활용법?#다이소 #다이소추천템 #꿀팁,2436,6,2026-08-31T06:28:02.569334+00:00,2026-09-04T23:10:02.346310+00:00,2026-09-14T05:10:02.569334+00:00,오용형,썰쇼핑,1880,2026-09-09 07:08:49
ybWCvEito_k,https://www.youtube.com/watch?v=ybWCvEito_k,uckpphyi5ul6uw-axomcfmia,뽀터언니,귀찮음에서 시작된 미국 천재의 발명품,2434,1,2026-09-03T10:28:03.000270+00:00,2026-09-04T23:10:02.346310+00:00,2026-09-16T05:10:03.000270+00:00,제품정체형,썰쇼핑,1350,2026-09-09 07:08:49
SDLURF2ZRCw,https://www.youtube.com/watch?v=SDLURF2ZRCw,ucz-slgdofm414lil2nz0qea,장바구니 털기,요즘 MZ들이 환장한다는 레트로 감성의 정체,2417,2,2026-09-07T09:58:03.000270+00:00,2026-09-14T23:10:03.036703+00:00,2026-09-16T05:10:03.000270+00:00,제품정체형,썰쇼핑,1020,2026-09-14 07:04:05
Wu-NtIkfu3o,https://www.youtube.com/watch?v=Wu-NtIkfu3o,ucsbp41obff8fsjgcvxut6ga,또왔소,연마제 회사 망하게 해버린 파우더 정체,2412,4,,2026-09-04T23:10:02.346310+00:00,2026-09-05T04:42:28.257041+00:00,제품정체형,썰쇼핑,10700,2026-09-09 07:08:49
iYPgvtXw6zk,https://www.youtube.com/watch?v=iYPgvtXw6zk,ucftoksv4zeitypvhoilopjg,우리살림,홈라떼의 비밀재료,2409,1,2026-09-13T05:22:03.000270+00:00,2026-09-13T23:10:02.300105+00:00,2026-09-16T05:10:03.000270+00:00,제품정체형,썰쇼핑,0,2026-08-19 05:56:25
UcALbU9byxk,https://www.youtube.com/watch?v=UcALbU9byxk,ucgttnudyop52of_zrxv--aw,리빙픽템,아빠들 낫 버리게 만든 가위 #추석벌초 #벌초준비 #전동전지가위 #부모님선물 #생활꿀템,2406,1,2026-09-09T09:04:03.000270+00:00,2026-09-09T23:10:01.358608+00:00,2026-09-16T05:10:03.000270+00:00,제품정체형,썰쇼핑,6760,2026-09-09 07:08:49
WLvcWi-XKDk,https://www.youtube.com/watch?v=WLvcWi-XKDk,ucsotpmxx1xe3kwezomrwkxa,리뷰꿀템,서인영 46kg 됐다?  살 빠진 비결 공개,2405,0,2026-08-31T02:46:02.300105+00:00,2026-09-08T12:30:44.178691+00:00,2026-09-13T23:10:02.300105+00:00,기타,썰쇼핑,353,2026-09-09 07:08:49
UtiWpaBo0d0,https://www.youtube.com/watch?v=UtiWpaBo0d0,ucycg5luulo-ccdblcw7hdcq,지식배송,미국천재가 만들어 돈방석 앉은 제품,2401,1,2026-08-29T11:34:02.660921+00:00,2026-09-08T12:30:44.178691+00:00,2026-09-12T05:10:02.660921+00:00,제품정체형,썰쇼핑,1350,2026-09-09 07:08:49
U-3Y55r6nl8,https://www.youtube.com/watch?v=U-3Y55r6nl8,uc9cpf1vjxwkndwy1jvvdzvw,쇼핑남자,마사지에 미친 천재의 발명품,2400,0,2026-09-08T08:58:02.819135+00:00,2026-09-08T10:27:51.412064+00:00,2026-09-13T05:10:02.819135+00:00,제품정체형,썰쇼핑,6370,2026-09-09 07:08:49
zjZtnIo46_0,https://www.youtube.com/watch?v=zjZtnIo46_0,ucgeufnhdqws3ajiskctcjcq,ヌマヌマ,最初はゆったり？CORTIS「FaSHioN」の振付がハードになった理由,2396,0,2026-09-12T22:58:03.000270+00:00,2026-09-12T23:10:03.131380+00:00,2026-09-16T05:10:03.000270+00:00,기타,썰쇼핑,3850,2026-09-09 07:08:49
6z8Fg_NjBhE,https://www.youtube.com/watch?v=6z8Fg_NjBhE,ucjdpxmriuriao_4wg9-lxfa,살림픽,"""50만원 아꼈습니다"" 30년 차 청소업체 삼촌이 비밀리에 쓰는 구축 빌라 문신 때 제거템 (락스도 안 통할 때 보세요)",2396,2,2026-08-28T22:16:02.666924+00:00,2026-09-08T11:10:24.676804+00:00,2026-09-11T05:10:02.666924+00:00,제품정체형,썰쇼핑,971,2026-09-09 07:08:49
7e-e5wIt0NI,https://www.youtube.com/watch?v=7e-e5wIt0NI,ucycg5luulo-ccdblcw7hdcq,지식배송,간병보호자 눈물나게 하는 의자정체,2395,1,2026-09-07T10:40:03.000270+00:00,2026-09-08T12:30:44.178691+00:00,2026-09-16T05:10:03.000270+00:00,제품정체형,썰쇼핑,1350,2026-09-09 07:08:49
QaDvaDh8EVU,https://www.youtube.com/watch?v=QaDvaDh8EVU,ucvaa_y8pn-ahgsjoqet6h9a,랜더쇼츠,이게 게임이 아니라 비트코인 호가창임 #지식,2394,0,2026-09-01T06:16:02.238212+00:00,2026-09-14T23:10:03.036703+00:00,2026-09-15T05:10:02.238212+00:00,기타,썰쇼핑,1490,2026-09-14 07:04:05
n0CTuWOIIeY,https://www.youtube.com/watch?v=n0CTuWOIIeY,ucidv5xotd-tom-6lqw3slnq,집꾸,장난감인데 왜 쫄리냐,2392,0,2026-09-08T10:58:02.819135+00:00,2026-09-08T11:10:24.676804+00:00,2026-09-13T05:10:02.819135+00:00,홈템,썰쇼핑,30200,2026-09-09 07:08:49
j18rpRaem6Y,https://www.youtube.com/watch?v=j18rpRaem6Y,ucvfde0jxxr9xgjru-wijthw,사길잘했다,요즘 다시 뜨는 90년대 미친 꿀템,2388,0,2026-09-15T09:34:03.000270+00:00,2026-09-15T23:10:03.157352+00:00,2026-09-16T05:10:03.000270+00:00,홈템,썰쇼핑,1960,2026-09-09 07:08:49
lSYR_BJpqzA,https://www.youtube.com/watch?v=lSYR_BJpqzA,ucw-vssbyj4pqqcvfzyqxp5q,쇼컷리뷰,마당 개 목줄 아직도 채워두는 사람만 손해 보는 이유 [784번],2387,0,2026-09-12T21:58:03.000270+00:00,2026-09-14T23:10:03.036703+00:00,2026-09-16T05:10:03.000270+00:00,기타,썰쇼핑,605,2026-09-14 07:06:10
Y1QRYEGXYMs,https://www.youtube.com/watch?v=Y1QRYEGXYMs,uch6fp7bvc_9bnnfulqfmasw,이거다시바,살림 고수들의 이케아 바구니 활용법 #꿀템 #필수템 #이케아 #폴뤼케 #바구니 #살림 #천재 #아이디어 #수납 #활용법 #감성 #셀프인테리어 #인테리어,2384,1,2026-08-24T08:52:01.282766+00:00,2026-09-04T23:10:02.346310+00:00,2026-09-06T23:10:01.282766+00:00,홈템,썰쇼핑,0,2026-08-19 05:56:25
-OSr4rCjOj8,https://www.youtube.com/watch?v=-OSr4rCjOj8,uc3afdr5jbqxyqrnxarzywsg,elumiaa,보더콜리가 천재견이라 불리는 이유 #강아지 #반려견 #보더콜리 #shorts,2379,1,2026-09-11T11:04:03.000270+00:00,2026-09-11T23:10:02.319689+00:00,2026-09-16T05:10:03.000270+00:00,기타,썰쇼핑,158,2026-09-09 07:08:49
HG6NEID1PJ8,https://www.youtube.com/watch?v=HG6NEID1PJ8,uckkeqaxjmev8w7gd4h5kcaw,이상한철물점,나만의 수상 캠핑하우스,2377,3,2026-09-12T17:16:03.000270+00:00,2026-09-12T23:10:03.131380+00:00,2026-09-16T05:10:03.000270+00:00,기타,썰쇼핑,0,2026-08-19 05:56:25
CACVFC5rkXY,https://www.youtube.com/watch?v=CACVFC5rkXY,ucs9rzo0w2sa-ik3w2j4mkzg,홈킥킥,어릴 적 엄마가 싸주던 김밥,2371,5,2026-09-01T22:22:02.238212+00:00,2026-09-08T11:10:24.676804+00:00,2026-09-15T05:10:02.238212+00:00,기타,썰쇼핑,15800,2026-09-09 07:08:49
TXaw2HiJRbY,https://www.youtube.com/watch?v=TXaw2HiJRbY,ucsord3ilyzlndabbmiihcog,썰칩12,10원으로 100억번 빵의 정체,2368,0,2026-09-02T05:52:03.000270+00:00,2026-09-04T23:10:02.346310+00:00,2026-09-16T05:10:03.000270+00:00,제품정체형,썰쇼핑,22700,2026-09-09 07:08:49
eBE5pPdzadY,https://www.youtube.com/watch?v=eBE5pPdzadY,ucacjyzv8sszopdmi_punhyw,느좋스냅,명품백 활용 이렇게도 ?  #짧은영상 #각종유머 #추석,2363,2,2026-09-08T14:22:03.000270+00:00,2026-09-09T04:37:54.503187+00:00,2026-09-16T05:10:03.000270+00:00,기타,썰쇼핑,42300,2026-09-09 07:08:49
0OgLOCUsuRk,https://www.youtube.com/watch?v=0OgLOCUsuRk,ucknyotic61bk0usui1ixavg,으니픽,개발자도 어이없는 천재 주부의 활용법 #주방용품,2362,1,2026-08-28T11:22:02.666924+00:00,2026-09-04T23:10:02.346310+00:00,2026-09-11T05:10:02.666924+00:00,제품정체형,썰쇼핑,1300,2026-09-09 07:08:49
M6Zf7c4jZGQ,https://www.youtube.com/watch?v=M6Zf7c4jZGQ,ucjdpxmriuriao_4wg9-lxfa,살림픽,맘카페 대란 입고되자마자 품절! 치킨집 사장님이 몰래 쓰는 5분 후드 기름때 제거제 🤫,2358,1,2026-09-04T22:16:03.000270+00:00,2026-09-08T11:10:24.676804+00:00,2026-09-16T05:10:03.000270+00:00,제품정체형,썰쇼핑,971,2026-09-09 07:08:49
D1R0DpHqvFs,https://www.youtube.com/watch?v=D1R0DpHqvFs,ucxirsjqetzz4ml6lc-uu5tq,이런호기심,태풍이 만들어낸 바다 위 기적! 천연 인공어초의 신비로운 정체,2348,0,2026-09-06T01:58:03.000270+00:00,2026-09-14T23:10:03.036703+00:00,2026-09-16T05:10:03.000270+00:00,제품정체형,썰쇼핑,14400,2026-09-14 07:04:05
e2S_tBq2ECs,https://www.youtube.com/watch?v=e2S_tBq2ECs,uclfbmumxshw-8ylwcgp-w3w,Gcar지카,굵은 철사가 '이 장치' 통과하자 벌어지는 소름 돋는 일 😱,2347,1,2026-09-01T02:58:03.036703+00:00,2026-09-04T23:10:02.346310+00:00,2026-09-14T23:10:03.036703+00:00,기타,썰쇼핑,75100,2026-09-09 02:35:38
H097dYa-M-g,https://www.youtube.com/watch?v=H097dYa-M-g,ucwomfgpbfxbehvdxb9j7rsa,살림템바이,이케아가 생각해낸 테이블 아이디어|집꾸미기| 이케아정리템,2343,0,2026-08-24T08:58:01.282766+00:00,2026-09-04T23:10:02.346310+00:00,2026-09-06T23:10:01.282766+00:00,홈템,썰쇼핑,1090,2026-09-09 07:08:49
HmfdyYgBqo4,https://www.youtube.com/watch?v=HmfdyYgBqo4,ucee8ue8x00th6esoz0w08eq,살림보고,투명 시트지의 대박 활용법 #shorts,2334,2,2026-09-06T09:40:03.000270+00:00,2026-09-06T23:10:01.282766+00:00,2026-09-16T05:10:03.000270+00:00,홈템,썰쇼핑,10800,2026-09-09 07:08:49
0rMypAyAm9M,https://www.youtube.com/watch?v=0rMypAyAm9M,ucpedjalkfwwr4d2xelfykoa,숏딜,전 세계가 따라산 일본 천재 발명품,2330,1,2026-09-03T08:52:03.000270+00:00,2026-09-14T23:10:03.036703+00:00,2026-09-16T05:10:03.000270+00:00,제품정체형,썰쇼핑,15200,2026-09-14 07:04:05
xyj17SUYgzM,https://www.youtube.com/watch?v=xyj17SUYgzM,uc4iyryt1y1d5_cdjaocsk6q,설렘픽,행주거치대의 미친 활용법 #꿀템,2322,0,2026-08-23T12:28:01.374377+00:00,2026-09-04T23:10:02.346310+00:00,2026-09-05T23:10:01.374377+00:00,홈템,썰쇼핑,2580,2026-09-09 07:08:49
oNT2A7No7NA,https://www.youtube.com/watch?v=oNT2A7No7NA,ucxr-td74un9tpuvlbq3ebxw,상상세계,다이소 덕후들의 신박한 활용법,2320,0,2026-09-11T08:34:03.000270+00:00,2026-09-11T23:10:02.319689+00:00,2026-09-16T05:10:03.000270+00:00,제품정체형,썰쇼핑,1410,2026-09-09 07:08:49
th6oQPqeFXg,https://www.youtube.com/watch?v=th6oQPqeFXg,ucqrltjou9wttstlwiem2lma,왜 팔릴까,간병인 눈물터진 발명품,2317,1,2026-09-11T10:04:03.000270+00:00,2026-09-11T23:10:02.319689+00:00,2026-09-16T05:10:03.000270+00:00,제품정체형,썰쇼핑,1720,2026-09-09 07:08:49
-ogSDXR1oD0,https://www.youtube.com/watch?v=-ogSDXR1oD0,uc963edydyw3xjtuisucdbww,인생굿즈,미친기능으로 매출 폭등한 제품,2314,3,2026-09-05T04:04:03.000270+00:00,2026-09-08T11:10:24.676804+00:00,2026-09-16T05:10:03.000270+00:00,제품정체형,썰쇼핑,15600,2026-09-09 07:08:49
D8XAiMTTJx4,https://www.youtube.com/watch?v=D8XAiMTTJx4,ucury26mdc8dmmsffuwlhzda,1분쇼핑,원인도 모르고 공만 때리는 사람만 손해 보는 이유,2311,1,2026-09-11T06:58:03.000270+00:00,2026-09-14T23:10:03.036703+00:00,2026-09-16T05:10:03.000270+00:00,기타,썰쇼핑,32,2026-09-14 07:04:05
vp5CIsAZ4zw,https://www.youtube.com/watch?v=vp5CIsAZ4zw,uch6fp7bvc_9bnnfulqfmasw,이거다시바,이케아도 인정한 갓성비 슬림 수납장 #꿀템 #필수템 #이케아 #트로네스 #가성비 #수납장 #수납 #살림 #아이디어 #공간활용 #감성 #셀프인테리어 #인테리어,2308,1,2026-08-27T09:22:02.680133+00:00,2026-09-04T23:10:02.346310+00:00,2026-09-10T08:10:02.680133+00:00,오용형,썰쇼핑,0,2026-08-19 05:56:25
mQQfF9qDOws,https://www.youtube.com/watch?v=mQQfF9qDOws,uckpphyi5ul6uw-axomcfmia,뽀터언니,프리미엄 브랜드도 당황한 국내 주방템,2302,1,2026-09-08T09:58:03.000270+00:00,2026-09-08T10:27:51.412064+00:00,2026-09-16T05:10:03.000270+00:00,홈템,썰쇼핑,1350,2026-09-09 07:08:49
1jORfKyuo10,https://www.youtube.com/watch?v=1jORfKyuo10,uckqnors9o6zgzjcsge5bd9a,다있슈,사무용품 제작사도 놀란 미친 활용법,2296,1,2026-09-07T09:58:03.000270+00:00,2026-09-07T23:10:02.851021+00:00,2026-09-16T05:10:03.000270+00:00,기타,썰쇼핑,1770,2026-09-09 07:08:49
5TSUnfcRiVg,https://www.youtube.com/watch?v=5TSUnfcRiVg,uckkeqaxjmev8w7gd4h5kcaw,이상한철물점,만원으로 도마 공간 확보,2296,1,2026-08-30T23:22:02.300105+00:00,2026-09-04T23:10:02.346310+00:00,2026-09-13T23:10:02.300105+00:00,홈템,썰쇼핑,0,2026-08-19 05:56:25
cOtgcuejkw4,https://www.youtube.com/watch?v=cOtgcuejkw4,uct_k9uncg3axxb8ujj9f2_g,속닥마켓,대기업도 두손 든 전설의 초코쿠키,2291,1,2026-08-29T22:28:02.660921+00:00,2026-09-08T11:10:24.676804+00:00,2026-09-12T05:10:02.660921+00:00,기타,썰쇼핑,82,2026-09-09 07:08:49
LoQipFQ0GTw,https://www.youtube.com/watch?v=LoQipFQ0GTw,ucqxtlmges-nl7ohnfumvyda,sl_pongdang,다이소도 몰랐던 천재적 활용법,2291,1,2026-08-28T08:52:02.666924+00:00,2026-09-04T23:10:02.346310+00:00,2026-09-11T05:10:02.666924+00:00,오용형,썰쇼핑,276,2026-09-09 07:08:49
XSLh6ZT-c0o,https://www.youtube.com/watch?v=XSLh6ZT-c0o,ucnd6bgf50o87a92-ik1di8q,살림도사,이케아 직원도 인정한 대박 아이디어,2289,0,2026-09-15T22:58:03.000270+00:00,2026-09-15T23:10:03.157352+00:00,2026-09-16T05:10:03.000270+00:00,오용형,썰쇼핑,14500,2026-09-09 07:08:49
E_vDK6TUyO8,https://www.youtube.com/watch?v=E_vDK6TUyO8,ucwgtmho0tsuedduon1fmgrw,순간의픽,이케아 신상 트롤리 이렇게 써보세요 #필수템 #이케아 #2026 #PS #신제품 #트롤리 #수납 #활용법 #공간활용 #감성 #셀프인테리어 #인테리어,2287,1,2026-09-08T00:46:03.000270+00:00,2026-09-08T10:27:51.412064+00:00,2026-09-16T05:10:03.000270+00:00,홈템,썰쇼핑,580,2026-09-09 07:08:49
E5Sez23rOEk,https://www.youtube.com/watch?v=E5Sez23rOEk,ucmeifnqi1f99moxyzgcrp2q,발견상자,독일 청소회사가 만들어 대박난 발명품,2283,0,2026-09-14T15:16:03.000270+00:00,2026-09-14T23:10:03.036703+00:00,2026-09-16T05:10:03.000270+00:00,제품정체형,썰쇼핑,1080,2026-09-09 07:08:49
qfJhG_oHHyk,https://www.youtube.com/watch?v=qfJhG_oHHyk,uc9xfth7mqhbdlju9qzpxiha,쿨냥냥,방시혁이 구속갈림길인데 하이브주가는 왜 안 무너졌나,2278,2,2026-09-08T02:04:03.000270+00:00,2026-09-08T12:30:44.178691+00:00,2026-09-16T05:10:03.000270+00:00,기타,썰쇼핑,5630,2026-09-09 07:08:49
GIRZPBOlA-Q,https://www.youtube.com/watch?v=GIRZPBOlA-Q,uc5ibeeh_ee8jv5lr9ikkbng,핑크수저,일본에서 바이럴 터진 연예인 눈 관리 비법,2273,1,2026-08-29T01:58:02.319689+00:00,2026-09-08T12:30:44.178691+00:00,2026-09-11T23:10:02.319689+00:00,기타,썰쇼핑,42,2026-09-09 07:08:49
SywH5KEEG6c,https://www.youtube.com/watch?v=SywH5KEEG6c,ucjdpxmriuriao_4wg9-lxfa,살림픽,"락스도 안 먹히던 오래된 아파트 타일 찌든때, 입주청소 이모님이 알려준 다이소 꿀템으로 한 번에 해결했습니다!",2272,1,2026-09-09T22:16:03.000270+00:00,2026-09-09T23:10:01.358608+00:00,2026-09-16T05:10:03.000270+00:00,홈템,썰쇼핑,971,2026-09-09 07:08:49
GH4ewltdMbw,https://www.youtube.com/watch?v=GH4ewltdMbw,uczsqdvebdhbskc3vnvwwbkg,살림치트키,써본 사람은 무조건 기립박수 친다는 미친 제품,2264,1,2026-09-03T21:28:03.000270+00:00,2026-09-04T23:10:02.346310+00:00,2026-09-16T05:10:03.000270+00:00,홈템,썰쇼핑,193,2026-09-14 07:04:05
4OeuY8VxFdg,https://www.youtube.com/watch?v=4OeuY8VxFdg,ucftoksv4zeitypvhoilopjg,우리살림,먹는젤리인줄 알았는데 틴트?,2260,1,2026-08-27T09:16:02.680133+00:00,2026-09-04T23:10:02.346310+00:00,2026-09-10T08:10:02.680133+00:00,홈템,썰쇼핑,0,2026-08-19 05:56:25
AJBY3lgl5Es,https://www.youtube.com/watch?v=AJBY3lgl5Es,ucsbp41obff8fsjgcvxut6ga,또왔소,딸을 사랑하는 마음이 느껴지는 아빠의 훈육방식,2255,0,2026-09-06T10:22:03.000270+00:00,2026-09-06T23:10:01.282766+00:00,2026-09-16T05:10:03.000270+00:00,기타,썰쇼핑,10700,2026-09-09 07:08:49
qrnO7Yzhxvo,https://www.youtube.com/watch?v=qrnO7Yzhxvo,ucdzguqgjnb3fd6jgxvn-obq,오리핫템,"못 없이 붙이는 손잡이, 발로 여는 신박한 생활 꿀팁!",2254,0,2026-09-05T02:10:03.000270+00:00,2026-09-08T11:10:24.676804+00:00,2026-09-16T05:10:03.000270+00:00,기타,썰쇼핑,19900,2026-09-09 07:08:49
78XCRMroZsY,https://www.youtube.com/watch?v=78XCRMroZsY,uc2olkq_zdkl1aiftvhuhf8a,손끝상점,경찰도 혀를 찬 보따리의 비밀,2253,1,2026-08-25T15:54:44.178691+00:00,2026-09-04T23:10:02.346310+00:00,2026-09-08T12:30:44.178691+00:00,제품정체형,썰쇼핑,27,2026-09-14 07:04:05
wOHvlaLuAlY,https://www.youtube.com/watch?v=wOHvlaLuAlY,uclmlddtl8vprxs4fmpfa8bw,@쿠템헌터3,요즘 다이소가면 꼭 챙겨야할 생활필수템,2245,0,2026-09-06T10:58:03.000270+00:00,2026-09-06T23:10:01.282766+00:00,2026-09-16T05:10:03.000270+00:00,홈템,썰쇼핑,164000,2026-09-09 07:08:49
KdQiqXWXbOA,https://www.youtube.com/watch?v=KdQiqXWXbOA,uc-qj4zhvdxc0f-m8quxl-fw,귤템,종이 하나로 떼돈번 캐나다 천재 발명품,2241,0,2026-08-29T02:10:02.319689+00:00,2026-09-08T11:10:24.676804+00:00,2026-09-11T23:10:02.319689+00:00,제품정체형,썰쇼핑,4880,2026-09-09 07:08:49
r8q2yCct5vw,https://www.youtube.com/watch?v=r8q2yCct5vw,ucbpaopjknymyrihzwt5c_mg,리빙플립,1분 만에 새 소파 되는 마법,2237,2,2026-09-08T11:16:03.000270+00:00,2026-09-08T12:30:44.178691+00:00,2026-09-16T05:10:03.000270+00:00,홈템,썰쇼핑,13100,2026-09-09 07:08:49
ALVMW3ei50k,https://www.youtube.com/watch?v=ALVMW3ei50k,ucidv5xotd-tom-6lqw3slnq,집꾸,시트 하나로 차가 확 달라졌어요,2235,0,2026-09-02T10:58:02.819135+00:00,2026-09-08T11:10:24.676804+00:00,2026-09-13T05:10:02.819135+00:00,홈템,썰쇼핑,30200,2026-09-09 07:08:49
zHQWC_CatpU,https://www.youtube.com/watch?v=zHQWC_CatpU,ucgttnudyop52of_zrxv--aw,리빙픽템,일본 천재가 만들어 떼돈 번 제품의 정체 #비강확장기 #코막힘 #코골이 #수면템 #생활꿀템,2233,3,2026-08-27T09:04:02.680133+00:00,2026-09-04T23:10:02.346310+00:00,2026-09-10T08:10:02.680133+00:00,제품정체형,썰쇼핑,6760,2026-09-09 07:08:49
rbYxvaNKN7o,https://www.youtube.com/watch?v=rbYxvaNKN7o,uco3sju4c8apyrhk_dbo8udq,냥냥쿨범,손 하나 안대고 신는 나이키의 정체,2229,5,2026-08-27T11:16:02.680133+00:00,2026-09-08T11:10:24.676804+00:00,2026-09-10T08:10:02.680133+00:00,제품정체형,썰쇼핑,21500,2026-09-09 07:08:49
2sBWoAkNwp4,https://www.youtube.com/watch?v=2sBWoAkNwp4,ucjh0lkgxay9d_hvefiajuwg,와우냥,일본 주부들이 환장한다는 이것의 정체?,2226,1,2026-09-13T09:58:03.000270+00:00,2026-09-13T23:10:02.300105+00:00,2026-09-16T05:10:03.000270+00:00,제품정체형,썰쇼핑,1340,2026-09-09 07:08:49
E7UWDjdD1AA,https://www.youtube.com/watch?v=E7UWDjdD1AA,uckpphyi5ul6uw-axomcfmia,뽀터언니,미국도 예상못한 연어대국의 활용법,2220,1,2026-08-28T15:16:02.666924+00:00,2026-09-04T23:10:02.346310+00:00,2026-09-11T05:10:02.666924+00:00,기타,썰쇼핑,1350,2026-09-09 07:08:49
POMfgYGhsPQ,https://www.youtube.com/watch?v=POMfgYGhsPQ,ucdzguqgjnb3fd6jgxvn-obq,오리핫템,건설 현장도 감탄! LED 스마트 수평계로 집 꾸미기 끝 (혼자서도 OK),2220,0,2026-08-26T10:34:02.542305+00:00,2026-09-08T11:10:24.676804+00:00,2026-09-09T05:10:02.542305+00:00,기타,썰쇼핑,19900,2026-09-09 07:08:49
BGMU5_mbU1Q,https://www.youtube.com/watch?v=BGMU5_mbU1Q,ucjcbuxcvr7fojmnvzw3haua,상자쿤,다이소도 예상못한 천재들의 발명품ㄷㄷㄷ,2219,2,2026-09-07T09:46:03.000270+00:00,2026-09-08T11:10:24.676804+00:00,2026-09-16T05:10:03.000270+00:00,제품정체형,썰쇼핑,5860,2026-09-09 07:08:49
7afwftOkno0,https://www.youtube.com/watch?v=7afwftOkno0,ucbpaopjknymyrihzwt5c_mg,리빙플립,10년 차 베이비시터 이모님의 욕실 치트키,2217,3,2026-08-24T10:46:01.282766+00:00,2026-09-04T23:10:02.346310+00:00,2026-09-06T23:10:01.282766+00:00,기타,썰쇼핑,13100,2026-09-09 07:08:49
aDa5BIO73Mg,https://www.youtube.com/watch?v=aDa5BIO73Mg,ucmbeuonh4nls9qryeeue_gg,쓸모있어,다이소에서 꼭 사야 할 BEST 😁😁,2213,1,2026-09-15T09:58:03.000270+00:00,2026-09-15T23:10:03.157352+00:00,2026-09-16T05:10:03.000270+00:00,홈템,썰쇼핑,1240,2026-09-09 07:08:49
dMdHhn1BHcA,https://www.youtube.com/watch?v=dMdHhn1BHcA,uc5vyr2cff4364oi5l6cwrja,숏핑,식탁하나로 떼돈 번 한국 천재의 발명품,2212,0,2026-09-15T08:46:03.000270+00:00,2026-09-15T23:10:03.157352+00:00,2026-09-16T05:10:03.000270+00:00,제품정체형,썰쇼핑,39900,2026-09-09 07:08:49
A3sEW1-QNEM,https://www.youtube.com/watch?v=A3sEW1-QNEM,ucgttnudyop52of_zrxv--aw,리빙픽템,미친 성능의 시골필수템 추석 효도 선물 끝판왕 #벌초 #추석선물 #효도선물 #예초기 #농촌필수템,2210,1,2026-09-05T09:04:03.000270+00:00,2026-09-05T23:10:01.374377+00:00,2026-09-16T05:10:03.000270+00:00,제품정체형,썰쇼핑,6760,2026-09-09 07:08:49
OfS7Bo3ZxXY,https://www.youtube.com/watch?v=OfS7Bo3ZxXY,uct_k9uncg3axxb8ujj9f2_g,속닥마켓,남편이랑 멱살 잡고 싸우다 택배 하나로 빵 터진 이유 ㄷㄷ,2206,0,2026-09-07T14:52:03.000270+00:00,2026-09-08T11:10:24.676804+00:00,2026-09-16T05:10:03.000270+00:00,기타,썰쇼핑,82,2026-09-09 07:08:49
lJNRoetmIOs,https://www.youtube.com/watch?v=lJNRoetmIOs,ucmssyyqvltkjobcgqdrzmuw,내일 쇼핑,일본을 정복한 한국 천재 기업의 발명품? #고양이 #cat  #캣타워  #lg전자,2204,9,2026-09-02T08:22:03.000270+00:00,2026-09-04T23:10:02.346310+00:00,2026-09-16T05:10:03.000270+00:00,제품정체형,썰쇼핑,1880,2026-09-09 07:08:49
S8_gbxwQjuc,https://www.youtube.com/watch?v=S8_gbxwQjuc,ucjh0lkgxay9d_hvefiajuwg,와우냥,주부들 사로잡아 떼돈번 천재의 발명품,2204,1,2026-09-09T02:58:03.000270+00:00,2026-09-09T04:37:54.503187+00:00,2026-09-16T05:10:03.000270+00:00,제품정체형,썰쇼핑,1340,2026-09-09 07:08:49
5otHYf_pkUg,https://www.youtube.com/watch?v=5otHYf_pkUg,ucacjyzv8sszopdmi_punhyw,느좋스냅,주부들 피눈물 닦아준 귀차니즘 끝판왕 접시 #짧은영상 #각종유머,2204,0,2026-09-02T22:28:03.000270+00:00,2026-09-08T11:10:24.676804+00:00,2026-09-16T05:10:03.000270+00:00,기타,썰쇼핑,42300,2026-09-09 07:08:49
xSJAH56K5h8,https://www.youtube.com/watch?v=xSJAH56K5h8,ucidv5xotd-tom-6lqw3slnq,집꾸,거실에서 찍는 분노의 질주,2201,0,2026-09-10T10:58:02.819135+00:00,2026-09-11T02:10:02.367900+00:00,2026-09-13T05:10:02.819135+00:00,홈템,썰쇼핑,30200,2026-09-09 07:08:49
fxlL28PbhEI,https://www.youtube.com/watch?v=fxlL28PbhEI,ucdcswue1gcphrrc3wpylicq,오늘줍줍,공사 없이 아일랜드 들인 사람들의 정체,2196,0,2026-09-02T09:16:03.000270+00:00,2026-09-08T12:30:44.178691+00:00,2026-09-16T05:10:03.000270+00:00,제품정체형,썰쇼핑,1110,2026-09-09 07:08:49
HhHAk9WcDm8,https://www.youtube.com/watch?v=HhHAk9WcDm8,ucwwuxe1dfkgyhf5euhsitzw,살림장착,탈모 업계 망하게 한 미국 천재의 발명품,2196,7,2026-08-30T06:52:02.819135+00:00,2026-09-04T23:10:02.346310+00:00,2026-09-13T05:10:02.819135+00:00,제품정체형,썰쇼핑,8850,2026-09-09 07:08:49
BmjKrRqosjc,https://www.youtube.com/watch?v=BmjKrRqosjc,ucyu2fsk_auhf4v14mqvv0la,천만템노트 ,해외에서 대참사 난 비건 립밤의 정체,2193,1,2026-09-06T03:10:03.000270+00:00,2026-09-14T23:10:03.036703+00:00,2026-09-16T05:10:03.000270+00:00,제품정체형,썰쇼핑,1070,2026-09-14 07:04:05
6FGK3WOLNR0,https://www.youtube.com/watch?v=6FGK3WOLNR0,ucynpgh7_qesow4pbljhmi2q,유머굿템,집에서 한 화장이 밖에서 달라 보이는 이유,2191,0,2026-08-26T21:58:02.542305+00:00,2026-09-08T11:10:24.676804+00:00,2026-09-09T05:10:02.542305+00:00,뷰티,썰쇼핑,17500,2026-09-09 07:08:49
0-Q-_gN8oDU,https://www.youtube.com/watch?v=0-Q-_gN8oDU,ucsbp41obff8fsjgcvxut6ga,또왔소,3초만에 완치시킨 레전드급 물리치료,2187,0,2026-08-29T02:10:02.319689+00:00,2026-09-04T23:10:02.346310+00:00,2026-09-11T23:10:02.319689+00:00,기타,썰쇼핑,10700,2026-09-09 07:08:49
x0ZNdpgkF2M,https://www.youtube.com/watch?v=x0ZNdpgkF2M,ucwgtmho0tsuedduon1fmgrw,순간의픽,이케아도 당황한 천재들의 아이디어 #필수템 #이케아 #바리에라 #정리 #활용법 #공간활용 #수납 #살림 #아이디어 #감성 #셀프인테리어 #인테리어,2187,1,2026-08-26T00:40:01.332600+00:00,2026-09-04T23:10:02.346310+00:00,2026-09-08T23:10:01.332600+00:00,오용형,썰쇼핑,580,2026-09-09 07:08:49
3ex1GexGer0,https://www.youtube.com/watch?v=3ex1GexGer0,uctd1t12z1qtvalhdd728tsg,우디홈템,그냥 줄 때보다 이렇게 주면 더 잘 먹어요🍭,2176,1,2026-09-01T22:28:02.238212+00:00,2026-09-04T23:10:02.346310+00:00,2026-09-15T05:10:02.238212+00:00,기타,썰쇼핑,3700,2026-09-09 07:08:49
ojPTze8h-Mo,https://www.youtube.com/watch?v=ojPTze8h-Mo,ucf_di4heihyo_ghbpg-0yxa,공가미,강남 엄마들도 감탄한 천재들의 교육법ㄷㄷㄷ,2173,0,2026-09-04T10:46:03.000270+00:00,2026-09-04T23:10:02.346310+00:00,2026-09-16T05:10:03.000270+00:00,제품정체형,썰쇼핑,8070,2026-09-09 07:08:49
iNNB8H4fPhg,https://www.youtube.com/watch?v=iNNB8H4fPhg,ucjiyb-pm9ltdsk4a4yw7oia,마미마루,애들방엔 이거 하나면 끝! #이케아추천템,2173,1,2026-09-05T05:58:03.000270+00:00,2026-09-08T11:10:24.676804+00:00,2026-09-16T05:10:03.000270+00:00,기타,썰쇼핑,507,2026-09-09 07:08:49
h4-OEudXPfQ,https://www.youtube.com/watch?v=h4-OEudXPfQ,ucw5k_x62_is3ccatyi8_pkg,이거뭐야,평생 녹지 않는 스테인리스 얼음 #꿀템,2173,1,2026-08-30T13:10:02.819135+00:00,2026-09-08T11:10:24.676804+00:00,2026-09-13T05:10:02.819135+00:00,홈템,썰쇼핑,10700,2026-09-09 07:08:49
yOc-DP1E-i8,https://www.youtube.com/watch?v=yOc-DP1E-i8,uc_axlecdgpvawgimuyuvluq,더 홈 에디토리,다이소 품절대란 아이템#다이소,2171,1,2026-09-05T06:22:03.000270+00:00,2026-09-14T23:10:03.036703+00:00,2026-09-16T05:10:03.000270+00:00,홈템,썰쇼핑,11000,2026-09-14 07:04:05
EosU9lv9DA8,https://www.youtube.com/watch?v=EosU9lv9DA8,uc4iyryt1y1d5_cdjaocsk6q,설렘픽,"사르르 녹는 계란 오믈렛, Amazing Egg Omelette",2170,0,2026-09-09T08:52:03.000270+00:00,2026-09-09T23:10:01.358608+00:00,2026-09-16T05:10:03.000270+00:00,레시피,썰쇼핑,2580,2026-09-09 07:08:49
IeK0jnjLwZ8,https://www.youtube.com/watch?v=IeK0jnjLwZ8,ucuqlpkmvlvup_zybdejc0fw,꿀템통,🔥일본 다이소에서 난리났어요. 일본 다이소에서만 판다는 이것! #다이소 #다이소추천템 #수납꿀템 #살림꿀팁 #살림꿀템 #수납템 #꿀템 #꿀팁정보,2170,1,,2026-09-04T23:10:02.346310+00:00,2026-09-05T04:42:28.257041+00:00,홈템,썰쇼핑,0,2026-08-19 05:56:25
T01mTSUYWyg,https://www.youtube.com/watch?v=T01mTSUYWyg,uctgtq10wqqxfeortrnn5vha,뭐길래? | 생활 꿀템 쇼츠,🐉 불 켜는 순간 책상이 판타지 세계로! 용이 불을 뿜는 듯한 무드등🔥✅ 제품은 영상 하단 제품태그에서 확인하세요.,2166,0,2026-08-30T09:28:02.819135+00:00,2026-09-08T11:10:24.676804+00:00,2026-09-13T05:10:02.819135+00:00,기타,썰쇼핑,1020,2026-09-09 07:08:49
2OGFJaB5LgM,https://www.youtube.com/watch?v=2OGFJaB5LgM,uctd1t12z1qtvalhdd728tsg,우디홈템,"하루 종일 답답한 코, 요즘은 이렇게 관리합니다😳",2164,1,2026-08-23T22:58:01.374377+00:00,2026-09-04T23:10:02.346310+00:00,2026-09-05T23:10:01.374377+00:00,기타,썰쇼핑,3700,2026-09-09 07:08:49
IykICYT44VA,https://www.youtube.com/watch?v=IykICYT44VA,ucl12scb2y7j-kx0_ghaf-xq,썰풀다,프랑스 레스토랑에서 와인을 물속에 처박고 따는 미친 이유#와인 #와인에어레이터 #데고르주망 #와인용품,2161,2,2026-09-08T05:22:03.000270+00:00,2026-09-08T10:27:51.412064+00:00,2026-09-16T05:10:03.000270+00:00,기타,썰쇼핑,0,2026-08-19 05:56:25
dpxS1qjJm0g,https://www.youtube.com/watch?v=dpxS1qjJm0g,ucjiyb-pm9ltdsk4a4yw7oia,마미마루,맘카페에서 난리난 #기저귀걸이대,2157,3,2026-09-11T03:10:03.000270+00:00,2026-09-11T05:10:02.666924+00:00,2026-09-16T05:10:03.000270+00:00,기타,썰쇼핑,507,2026-09-09 07:08:49
ZwNoOaTJIjo,https://www.youtube.com/watch?v=ZwNoOaTJIjo,uc5ibeeh_ee8jv5lr9ikkbng,핑크수저,다이소에 입고 예정인 일본에서 성공한 제품,2157,1,2026-08-30T01:58:03.131380+00:00,2026-09-08T12:30:44.178691+00:00,2026-09-12T23:10:03.131380+00:00,홈템,썰쇼핑,42,2026-09-09 07:08:49
xRLmi5OKATs,https://www.youtube.com/watch?v=xRLmi5OKATs,ucvfde0jxxr9xgjru-wijthw,사길잘했다,천재 집사가 개발해 난리난 미친 제품,2154,0,2026-09-10T09:34:03.000270+00:00,2026-09-11T02:10:02.367900+00:00,2026-09-16T05:10:03.000270+00:00,제품정체형,썰쇼핑,1960,2026-09-09 07:08:49
WKevQwfnq60,https://www.youtube.com/watch?v=WKevQwfnq60,ucynpgh7_qesow4pbljhmi2q,유머굿템,일본 천재가 만든 말도 안되게 귀여운 먼지털이의 정체,2150,0,2026-09-12T09:58:03.000270+00:00,2026-09-12T23:10:03.131380+00:00,2026-09-16T05:10:03.000270+00:00,제품정체형,썰쇼핑,17500,2026-09-09 07:08:49
VEc_jEci8ts,https://www.youtube.com/watch?v=VEc_jEci8ts,ucvaa_y8pn-ahgsjoqet6h9a,랜더쇼츠,보육원 아이들이 낚시대회에 나갔다가?,2149,1,2026-09-09T23:58:03.000270+00:00,2026-09-14T23:10:03.036703+00:00,2026-09-16T05:10:03.000270+00:00,기타,썰쇼핑,1490,2026-09-14 07:04:05
fSc6VNwfNRQ,https://www.youtube.com/watch?v=fSc6VNwfNRQ,uctmchwo4yehl0exsqp_apog,생활꿀템추천샵,장모님이 애 봐주시면 꼭 보세요 허리에 좋은 소파베드,2146,1,2026-09-07T09:58:03.000270+00:00,2026-09-08T10:27:51.412064+00:00,2026-09-16T05:10:03.000270+00:00,기타,썰쇼핑,6830,2026-09-09 07:08:49
tjamDqOC9zs,https://www.youtube.com/watch?v=tjamDqOC9zs,uc2olkq_zdkl1aiftvhuhf8a,손끝상점,다이소도 당황한 역대급 대박템,2144,0,2026-08-31T22:28:02.569334+00:00,2026-09-04T23:10:02.346310+00:00,2026-09-14T05:10:02.569334+00:00,제품정체형,썰쇼핑,27,2026-09-14 07:04:05
v8zq4QrVO1E,https://www.youtube.com/watch?v=v8zq4QrVO1E,ucbpaopjknymyrihzwt5c_mg,리빙플립,내발에 찰떡 운동화 버리지 마세요,2143,2,2026-08-28T10:46:02.666924+00:00,2026-09-04T23:10:02.346310+00:00,2026-09-11T05:10:02.666924+00:00,기타,썰쇼핑,13100,2026-09-09 07:08:49
e5jHR2L60ik,https://www.youtube.com/watch?v=e5jHR2L60ik,uc-eolknnfvatrgueslppaow,필수 픽!,바느질 1도 없는 다이소꿀템,2142,0,2026-08-28T10:46:02.666924+00:00,2026-09-04T23:10:02.346310+00:00,2026-09-11T05:10:02.666924+00:00,홈템,썰쇼핑,13200,2026-09-09 02:35:38
x9LF-w_SeO0,https://www.youtube.com/watch?v=x9LF-w_SeO0,ucftoksv4zeitypvhoilopjg,우리살림,해외에서 사기템으로 난리난 화장품,2137,1,2026-08-29T08:28:02.660921+00:00,2026-09-04T23:10:02.346310+00:00,2026-09-12T05:10:02.660921+00:00,뷰티,썰쇼핑,0,2026-08-19 05:56:25
oN8okuOVmIg,https://www.youtube.com/watch?v=oN8okuOVmIg,ucapo3ngjjmjssseardb1bpw,샤샤홈,최첨단 액체세제보다 낫다는 비누,2136,0,2026-08-28T10:28:02.666924+00:00,2026-09-08T12:30:44.178691+00:00,2026-09-11T05:10:02.666924+00:00,기타,썰쇼핑,961,2026-09-09 07:08:49
YXodnWiI5iQ,https://www.youtube.com/watch?v=YXodnWiI5iQ,uc9xfth7mqhbdlju9qzpxiha,쿨냥냥,망해서 사라진 한국 폰 회사가 구글한테 특허료를 받아낸다,2132,0,2026-09-05T08:58:03.000270+00:00,2026-09-08T12:30:44.178691+00:00,2026-09-16T05:10:03.000270+00:00,기타,썰쇼핑,5630,2026-09-09 07:08:49
eBYa7DAZEUk,https://www.youtube.com/watch?v=eBYa7DAZEUk,ucyi0vstrxhmnxmz-slp9okg,썰렘톡톡1,피부과 의사도 감탄한 역대급 모공 발명품,2132,0,2026-09-11T09:46:03.000270+00:00,2026-09-14T23:10:03.036703+00:00,2026-09-16T05:10:03.000270+00:00,기타,썰쇼핑,2,2026-09-14 07:06:10
Fu1VwgVLVtg,https://www.youtube.com/watch?v=Fu1VwgVLVtg,ucjbxdaaibb0uk1zdepjja6w,쇼핑천재,역발상으로 돈방석앉은 천재의 발명품,2129,0,2026-09-16T00:58:03.000270+00:00,2026-09-16T05:10:03.000270+00:00,2026-09-16T05:10:03.000270+00:00,제품정체형,썰쇼핑,40600,2026-09-09 07:08:49
Z9vHKN9B6mU,https://www.youtube.com/watch?v=Z9vHKN9B6mU,ucjdpxmriuriao_4wg9-lxfa,살림픽,세탁기에 '소주 2잔'과 '다이소 이거'를 넣었더니... 숨어있던 검은 곰팡이가 폭포수처럼 쏟아집니다! 😱,2123,1,2026-08-26T22:16:02.542305+00:00,2026-09-08T11:10:24.676804+00:00,2026-09-09T05:10:02.542305+00:00,홈템,썰쇼핑,971,2026-09-09 07:08:49
y5x36HEvMGg,https://www.youtube.com/watch?v=y5x36HEvMGg,ucjlxkqrjd0pecwp1xkuvoeq,꿀템첵첵,평점 5점 만점인 이유가 있습니다 | 여름 필수 초대형 파라솔,2119,1,2026-08-24T02:58:01.282766+00:00,2026-09-04T23:10:02.346310+00:00,2026-09-06T23:10:01.282766+00:00,기타,썰쇼핑,27200,2026-09-09 07:08:49
27afs3XlVwA,https://www.youtube.com/watch?v=27afs3XlVwA,uc59ltli8hmrkc1xbgfyutoa,대박살림,다이소 덕후들 사이에 대박 난 제품,2118,0,2026-09-07T08:58:03.000270+00:00,2026-09-08T11:10:24.676804+00:00,2026-09-16T05:10:03.000270+00:00,홈템,썰쇼핑,20600,2026-09-09 07:08:49
8kaWIidafng,https://www.youtube.com/watch?v=8kaWIidafng,ucofzzqsp2bgezadzblfpi4q,헤븐쇼핑,구라광고에 개빡친 한국전세러들의 찐템 탑3,2117,1,2026-08-31T03:16:02.300105+00:00,2026-09-08T11:10:24.676804+00:00,2026-09-13T23:10:02.300105+00:00,기타,썰쇼핑,1020,2026-09-09 07:08:49
IYhcQ0Gg4Os,https://www.youtube.com/watch?v=IYhcQ0Gg4Os,ucbpaopjknymyrihzwt5c_mg,리빙플립,주방 그을림 찌뜬때 완벽 제게,2115,0,2026-08-23T10:46:01.374377+00:00,2026-09-04T23:10:02.346310+00:00,2026-09-05T23:10:01.374377+00:00,홈템,썰쇼핑,13100,2026-09-09 07:08:49
G4l8LbCB9xA,https://www.youtube.com/watch?v=G4l8LbCB9xA,ucwmaogosqen98l7nc_4xyga,썰핑,애플도 당황한 미국 천재 발명품,2110,3,2026-09-15T10:28:03.000270+00:00,2026-09-15T23:10:03.157352+00:00,2026-09-16T05:10:03.000270+00:00,제품정체형,썰쇼핑,15600,2026-09-14 07:04:05
5f-klqYtrTc,https://www.youtube.com/watch?v=5f-klqYtrTc,uch6fp7bvc_9bnnfulqfmasw,이거다시바,이케아 고수들의 서랍장 평생 쓰는 법 #꿀템 #필수템 #이케아 #DIY #라스트 #서랍장 #수납 #살림 #활용법 #아이디어 #감성 #셀프인테리어 #인테리어,2104,1,2026-09-03T09:16:03.000270+00:00,2026-09-04T23:10:02.346310+00:00,2026-09-16T05:10:03.000270+00:00,홈템,썰쇼핑,0,2026-08-19 05:56:25
1bym4oc4kZw,https://www.youtube.com/watch?v=1bym4oc4kZw,uc8chcn19p3bctmydgd-fj4q,ㄹㅇㅋㅋ,초보운전자들 눈물나게 하는 가죽끈,2104,3,2026-09-09T04:58:03.000270+00:00,2026-09-14T23:10:03.036703+00:00,2026-09-16T05:10:03.000270+00:00,기타,썰쇼핑,1070,2026-09-14 07:04:05
Hya73OjL404,https://www.youtube.com/watch?v=Hya73OjL404,ucgttnudyop52of_zrxv--aw,리빙픽템,가죽 복원 하나로 떼돈 번 천재의 발명품 #가죽시트복원 #자동차시트복원 #가죽복원제 #자동차용품 #셀프복원,2100,2,2026-09-07T09:04:03.000270+00:00,2026-09-07T23:10:02.851021+00:00,2026-09-16T05:10:03.000270+00:00,제품정체형,썰쇼핑,6760,2026-09-09 07:08:49
HdZUPOKskW0,https://www.youtube.com/watch?v=HdZUPOKskW0,ucwgtmho0tsuedduon1fmgrw,순간의픽,베스토가 이케아 국민 수납장인 이유 #필수템 #이케아 #베스토 #수납장 #활용법 #수납 #살림 #아이디어 #공간활용 #감성 #셀프인테리어 #인테리어,2093,1,2026-08-27T00:46:01.358608+00:00,2026-09-04T23:10:02.346310+00:00,2026-09-09T23:10:01.358608+00:00,홈템,썰쇼핑,580,2026-09-09 07:08:49
gsASGDYrgjI,https://www.youtube.com/watch?v=gsASGDYrgjI,uctgtq10wqqxfeortrnn5vha,뭐길래? | 생활 꿀템 쇼츠,"이 조그만 투명 물방울 하나로 집안 소음이 확 줄어듦😳 문·서랍 충격 완화부터 가구 흠집, 소품 미끄럼 방지까지!  ✅ 제품은 영상 하단 제품태그에서 확인할 수 있어요.",2092,0,2026-08-31T09:28:02.569334+00:00,2026-09-08T11:10:24.676804+00:00,2026-09-14T05:10:02.569334+00:00,기타,썰쇼핑,1020,2026-09-09 07:08:49
r80oq_YzrLQ,https://www.youtube.com/watch?v=r80oq_YzrLQ,ucxeyhz8xitvlxhdduxy6zca,리뷰남 ,끊어진 전선을 1분이면 연결할 수 있는 천재의 발명품,2089,1,,2026-09-04T23:10:02.346310+00:00,2026-09-05T04:42:28.257041+00:00,제품정체형,썰쇼핑,16100,2026-09-09 07:08:49
PnXsXOnxZWE,https://www.youtube.com/watch?v=PnXsXOnxZWE,ucf_di4heihyo_ghbpg-0yxa,공가미,커피 한 잔 내리려고 엘리베이터까지 넣은 발명품ㄷㄷ,2088,0,2026-09-14T10:46:03.000270+00:00,2026-09-14T23:10:03.036703+00:00,2026-09-16T05:10:03.000270+00:00,제품정체형,썰쇼핑,8070,2026-09-09 07:08:49
iFphhR4cd14,https://www.youtube.com/watch?v=iFphhR4cd14,ucgeufnhdqws3ajiskctcjcq,포미픽,개발자도 놀러버린 천재의 발명품,2086,0,2026-09-03T01:28:02.666924+00:00,2026-09-04T23:10:02.346310+00:00,2026-09-11T05:10:02.666924+00:00,제품정체형,썰쇼핑,3850,2026-09-09 07:08:49
nMPRrddau_c,https://www.youtube.com/watch?v=nMPRrddau_c,uc_2n09uyqrzul678tb6p7aa,살림꿀템,이케아직원도 놀란 미친 활용법,2083,1,2026-09-06T16:22:03.000270+00:00,2026-09-06T23:10:01.282766+00:00,2026-09-16T05:10:03.000270+00:00,오용형,썰쇼핑,12000,2026-09-09 07:08:49
1mPuJ7TgnVY,https://www.youtube.com/watch?v=1mPuJ7TgnVY,uc6cd2qevvm23b0xojjho50q,썰쇼템,이케아도 예상 못 한 사용처에서 대박 난 제품,2078,1,2026-09-04T02:58:03.000270+00:00,2026-09-04T23:10:02.346310+00:00,2026-09-16T05:10:03.000270+00:00,오용형,썰쇼핑,13700,2026-09-09 07:08:49
FLkunyRWShw,https://www.youtube.com/watch?v=FLkunyRWShw,uc9lbov0bom6xglwla14ovxg,부시리,괴짜들만 신는줄 알았던 엽기신발,2076,2,2026-08-30T07:58:02.819135+00:00,2026-09-08T12:30:44.178691+00:00,2026-09-13T05:10:02.819135+00:00,기타,썰쇼핑,1040,2026-09-09 07:08:49
-2tiML-CCMA,https://www.youtube.com/watch?v=-2tiML-CCMA,ucrbvn94qfocjbtkhepz7heg,전설의레전드,스파이더맨 보고 온 아들200% 쓰러지는 역대급 선물,2074,0,2026-08-25T13:00:44.178691+00:00,2026-09-08T11:10:24.676804+00:00,2026-09-08T12:30:44.178691+00:00,기타,썰쇼핑,10900,2026-09-09 07:08:49
oyD3nbjd_y4,https://www.youtube.com/watch?v=oyD3nbjd_y4,uct_k9uncg3axxb8ujj9f2_g,속닥마켓,코스트코 와인족들이 몰래 쟁여둔다는 가성비 과자 ㄷㄷ,2072,0,2026-08-27T11:58:02.680133+00:00,2026-09-08T11:10:24.676804+00:00,2026-09-10T08:10:02.680133+00:00,제품정체형,썰쇼핑,82,2026-09-09 07:08:49
UPaV9nmpfSE,https://www.youtube.com/watch?v=UPaV9nmpfSE,ucapo3ngjjmjssseardb1bpw,샤샤홈,천재 주부의 활용법,2070,0,2026-09-03T00:28:03.000270+00:00,2026-09-08T12:30:44.178691+00:00,2026-09-16T05:10:03.000270+00:00,기타,썰쇼핑,961,2026-09-09 07:08:49
aoSJud5tRWk,https://www.youtube.com/watch?v=aoSJud5tRWk,uclfbmumxshw-8ylwcgp-w3w,Gcar지카,"접으면 가방, 펴면 고공 리프트? 전 세계 현장직이 탐내는 미친 장비",2069,0,2026-09-02T10:22:03.000270+00:00,2026-09-04T23:10:02.346310+00:00,2026-09-16T05:10:03.000270+00:00,제품정체형,썰쇼핑,75100,2026-09-09 02:35:38
Na_HCqZFTR4,https://www.youtube.com/watch?v=Na_HCqZFTR4,ucaz-w-vzcbiuqvjnkbvcung,김마마,효리수 유리의 패션 텀블러,2068,0,2026-09-12T09:28:03.000270+00:00,2026-09-12T23:10:03.131380+00:00,2026-09-16T05:10:03.000270+00:00,기타,썰쇼핑,12900,2026-09-09 07:08:49
L1MI1lyUQp0,https://www.youtube.com/watch?v=L1MI1lyUQp0,uczgoriozc_etvvg-o72xjcw,썰n픽,한국 직장인 사이 대박 난 제품의 정체,2067,1,2026-09-06T10:58:03.000270+00:00,2026-09-14T23:10:03.036703+00:00,2026-09-16T05:10:03.000270+00:00,제품정체형,썰쇼핑,1080,2026-09-14 07:04:05
fCrMbcoDvds,https://www.youtube.com/watch?v=fCrMbcoDvds,uckav5c_xgwtehpyk3i-zcfg,오늘꿀템,다이소 가면 무조건 사게되는 제품 정체,2060,0,2026-09-09T08:28:03.000270+00:00,2026-09-09T23:10:01.358608+00:00,2026-09-16T05:10:03.000270+00:00,제품정체형,썰쇼핑,1380,2026-09-09 07:08:49
RMq9enTGgCw,https://www.youtube.com/watch?v=RMq9enTGgCw,ucq2jfiz_likmrmv3dxckjhq,뭐야템,25 코난에서만 보던 그 안경이 진짜 나왔다ㄷㄷ,2058,1,2026-09-11T21:58:03.000270+00:00,2026-09-11T23:10:02.319689+00:00,2026-09-16T05:10:03.000270+00:00,기타,썰쇼핑,12700,2026-09-09 07:08:49
egHawYyMa_c,https://www.youtube.com/watch?v=egHawYyMa_c,ucofzzqsp2bgezadzblfpi4q,헤븐쇼핑,허위광고에 개빡친 한국 욕실러들의 선택 탑2,2057,1,2026-09-03T03:16:03.000270+00:00,2026-09-08T11:10:24.676804+00:00,2026-09-16T05:10:03.000270+00:00,기타,썰쇼핑,1020,2026-09-09 07:08:49
9iUY6eQUFI4,https://www.youtube.com/watch?v=9iUY6eQUFI4,ucipqot8sknih3msbu2b7ahw,트렌드헌터,출시 전부터 5천명이 지갑부터 열었다는 마우스의 정체,2057,1,2026-09-04T06:40:03.000270+00:00,2026-09-14T23:10:03.036703+00:00,2026-09-16T05:10:03.000270+00:00,제품정체형,썰쇼핑,1350,2026-09-14 07:04:05
GPVJDI1F2aQ,https://www.youtube.com/watch?v=GPVJDI1F2aQ,ucjlxkqrjd0pecwp1xkuvoeq,꿀템첵첵,"귀찮은 설거지, 복잡한 수납까지 싹 해결하는 만능 접시 프라이팬",2052,1,2026-09-06T10:10:03.000270+00:00,2026-09-06T23:10:01.282766+00:00,2026-09-16T05:10:03.000270+00:00,홈템,썰쇼핑,27200,2026-09-09 07:08:49
h1IQw3qKoEU,https://www.youtube.com/watch?v=h1IQw3qKoEU,uciyteuko_p950a7je7jpixa,루구나,프랑스제조사도 놀란  뜻밖의 천연 디퓨저템,2049,1,2026-09-03T22:58:03.000270+00:00,2026-09-04T23:10:02.346310+00:00,2026-09-16T05:10:03.000270+00:00,제품정체형,썰쇼핑,19600,2026-09-09 07:08:49
nHjcLx0kqbw,https://www.youtube.com/watch?v=nHjcLx0kqbw,uctx_l77r2yqat1rszs8fwea,살림체크,유럽 소매치기 완벽 차단한 천재의 발명품,2048,0,2026-09-09T23:58:03.000270+00:00,2026-09-14T23:10:03.036703+00:00,2026-09-16T05:10:03.000270+00:00,제품정체형,썰쇼핑,10600,2026-09-14 07:04:05
VbCGEvAQNlE,https://www.youtube.com/watch?v=VbCGEvAQNlE,uciyteuko_p950a7je7jpixa,루구나,향수회사도 예상못한  살아있는 향기템,2042,1,2026-09-09T22:58:03.000270+00:00,2026-09-09T23:10:01.358608+00:00,2026-09-16T05:10:03.000270+00:00,뷰티,썰쇼핑,19600,2026-09-09 07:08:49
cqMNuOiMm-s,https://www.youtube.com/watch?v=cqMNuOiMm-s,ucxfcgk6imynzbexyly8mhiq,코어장바구니,특급 특이점이 와버린 삼성 워치 근황,2041,3,2026-09-12T00:58:03.000270+00:00,2026-09-12T05:10:02.660921+00:00,2026-09-16T05:10:03.000270+00:00,기타,썰쇼핑,8610,2026-09-09 07:08:49
4ZEy3WyGhfE,https://www.youtube.com/watch?v=4ZEy3WyGhfE,ucbpaopjknymyrihzwt5c_mg,리빙플립,코골이 참지말고 이제 이거 끼세요,2035,0,2026-08-29T10:46:02.660921+00:00,2026-09-04T23:10:02.346310+00:00,2026-09-12T05:10:02.660921+00:00,기타,썰쇼핑,13100,2026-09-09 07:08:49
iF4s6Vg6RUk,https://www.youtube.com/watch?v=iF4s6Vg6RUk,uctvonxoqv3-ntqka3lhafnq,담아,이거 하나면 청소가 쉬워집니다,2033,1,2026-09-13T22:58:03.000270+00:00,2026-09-13T23:10:02.300105+00:00,2026-09-16T05:10:03.000270+00:00,기타,썰쇼핑,187,2026-09-09 07:08:49
zPjBrhuepWw,https://www.youtube.com/watch?v=zPjBrhuepWw,ucmlj9igwl-abyr83b7upqda,이슈 리뷰어,(ASMR소곤소곤)레전드썰 : 3년만난 여친이랑 파혼 생각 하는 이유는?,2031,0,2026-09-13T02:58:03.000270+00:00,2026-09-13T05:10:02.819135+00:00,2026-09-16T05:10:03.000270+00:00,기타,썰쇼핑,0,2026-08-19 05:56:25
S4wOz35UYKs,https://www.youtube.com/watch?v=S4wOz35UYKs,ucuwwmz037mvmbhty9sjrbjg,선물마트,캠핑용 가스오븐 추천! 부탄가스 하나로 버너+오븐 동시에,2031,1,2026-08-23T10:16:01.374377+00:00,2026-09-04T23:10:02.346310+00:00,2026-09-05T23:10:01.374377+00:00,기타,썰쇼핑,2700,2026-09-09 07:08:49
e0j4XVzDrxE,https://www.youtube.com/watch?v=e0j4XVzDrxE,ucqnbrrb-zbu_7o5ksr27l6g,리치쇼핑,5평 원룸 화장대,2030,1,2026-09-14T07:58:03.000270+00:00,2026-09-14T23:10:03.036703+00:00,2026-09-16T05:10:03.000270+00:00,홈템,썰쇼핑,3050,2026-09-14 07:04:05
9oo8vFnUqMw,https://www.youtube.com/watch?v=9oo8vFnUqMw,ucqnbrrb-zbu_7o5ksr27l6g,리치쇼핑,가습기 상식을 박살낸 천재의 발명품,2028,2,2026-08-28T07:58:02.666924+00:00,2026-09-04T23:10:02.346310+00:00,2026-09-11T05:10:02.666924+00:00,제품정체형,썰쇼핑,3050,2026-09-14 07:04:05
nVkkxkUDPHA,https://www.youtube.com/watch?v=nVkkxkUDPHA,ucw-vssbyj4pqqcvfzyqxp5q,쇼컷리뷰,무뎌진 드릴날 그냥 버리는 사람만 손해 보는 이유,2027,1,2026-09-05T21:58:03.000270+00:00,2026-09-14T23:10:03.036703+00:00,2026-09-16T05:10:03.000270+00:00,기타,썰쇼핑,605,2026-09-14 07:06:10
e7-OuKuOSkM,https://www.youtube.com/watch?v=e7-OuKuOSkM,ucjh0lkgxay9d_hvefiajuwg,와우냥,천재 주부가 만들어 떼돈번 제품의 정체,2026,2,2026-09-05T14:58:03.000270+00:00,2026-09-05T23:10:01.374377+00:00,2026-09-16T05:10:03.000270+00:00,제품정체형,썰쇼핑,1340,2026-09-09 07:08:49
9fzyN1o3MrE,https://www.youtube.com/watch?v=9fzyN1o3MrE,uckkeqaxjmev8w7gd4h5kcaw,이상한철물점,전동 무선 전지가위,2024,3,2026-09-09T03:04:03.000270+00:00,2026-09-09T04:37:54.503187+00:00,2026-09-16T05:10:03.000270+00:00,기타,썰쇼핑,0,2026-08-19 05:56:25
3v3KRAfLBKw,https://www.youtube.com/watch?v=3v3KRAfLBKw,ucvaa_y8pn-ahgsjoqet6h9a,랜더쇼츠,날개를 접어서 착륙하는 비행기의 정체 #지식,2021,1,2026-09-01T02:16:03.036703+00:00,2026-09-14T23:10:03.036703+00:00,2026-09-14T23:10:03.036703+00:00,제품정체형,썰쇼핑,1490,2026-09-14 07:04:05
PeCtPB98m8w,https://www.youtube.com/watch?v=PeCtPB98m8w,ucnjzp1yaah_e7hun6_uiduq,세꿀상점,캠핑 짐 반으로 접은 천재 발명품,2019,1,2026-09-09T11:46:03.000270+00:00,2026-09-14T23:10:03.036703+00:00,2026-09-16T05:10:03.000270+00:00,제품정체형,썰쇼핑,10,2026-09-14 07:04:05
m1Z83zeCgLQ,https://www.youtube.com/watch?v=m1Z83zeCgLQ,ucftoksv4zeitypvhoilopjg,우리살림,다이소 욕실타일 셀프보수,2013,1,2026-09-06T09:04:03.000270+00:00,2026-09-06T23:10:01.282766+00:00,2026-09-16T05:10:03.000270+00:00,홈템,썰쇼핑,0,2026-08-19 05:56:25
nZ8r9a9VvM0,https://www.youtube.com/watch?v=nZ8r9a9VvM0,ucee8ue8x00th6esoz0w08eq,살림보고,식당 업계 박살낸 대박 도시락 #shorts,2012,6,2026-09-09T14:28:03.000270+00:00,2026-09-09T23:10:01.358608+00:00,2026-09-16T05:10:03.000270+00:00,홈템,썰쇼핑,10800,2026-09-09 07:08:49
7BAwZGOy-ho,https://www.youtube.com/watch?v=7BAwZGOy-ho,ucl12scb2y7j-kx0_ghaf-xq,썰풀다,하루 종일 멍하니 보게 되는 기적의 무한 동력(?)​#3D프린팅 #기계식시계 #ASMR,2011,1,2026-09-08T01:10:03.000270+00:00,2026-09-08T10:27:51.412064+00:00,2026-09-16T05:10:03.000270+00:00,기타,썰쇼핑,0,2026-08-19 05:56:25
k8RAwuM8T8M,https://www.youtube.com/watch?v=k8RAwuM8T8M,uch6fp7bvc_9bnnfulqfmasw,이거다시바,이케아도 감탄한 천재들의 손잡이 활용법 #꿀템 #필수템 #이케아 #베그리파 #손잡이 #활용법 #공간활용 #살림 #정리 #아이디어 #셀프인테리어 #인테리어,1997,1,2026-08-28T00:28:02.680133+00:00,2026-09-04T23:10:02.346310+00:00,2026-09-10T08:10:02.680133+00:00,오용형,썰쇼핑,0,2026-08-19 05:56:25
8PbRnaS0N6c,https://www.youtube.com/watch?v=8PbRnaS0N6c,ucf_di4heihyo_ghbpg-0yxa,공가미,카센터 사장님도 극찬한 천재들의 활용법.,1993,2,2026-09-02T10:46:03.000270+00:00,2026-09-04T23:10:02.346310+00:00,2026-09-16T05:10:03.000270+00:00,제품정체형,썰쇼핑,8070,2026-09-09 07:08:49
FcNh16VdZPg,https://www.youtube.com/watch?v=FcNh16VdZPg,ucvfde0jxxr9xgjru-wijthw,사길잘했다,요리할 때 절대 포기 못 하는 천재발명품,1993,1,2026-08-28T09:34:02.666924+00:00,2026-09-08T11:10:24.676804+00:00,2026-09-11T05:10:02.666924+00:00,제품정체형,썰쇼핑,1960,2026-09-09 07:08:49
aMLOA02Ua2E,https://www.youtube.com/watch?v=aMLOA02Ua2E,uckkeqaxjmev8w7gd4h5kcaw,이상한철물점,바람만 넣으면 완성되는 대형 에어텐트,1990,2,2026-08-26T23:16:01.358608+00:00,2026-09-04T23:10:02.346310+00:00,2026-09-09T23:10:01.358608+00:00,장비템,썰쇼핑,0,2026-08-19 05:56:25
23QVRrn1YdQ,https://www.youtube.com/watch?v=23QVRrn1YdQ,ucnjzp1yaah_e7hun6_uiduq,세꿀상점,캠핑장에 나타난 1등석의 정체,1989,0,2026-09-07T12:52:03.000270+00:00,2026-09-14T23:10:03.036703+00:00,2026-09-16T05:10:03.000270+00:00,제품정체형,썰쇼핑,10,2026-09-14 07:04:05
iIGBWa7c0Uo,https://www.youtube.com/watch?v=iIGBWa7c0Uo,ucigtymqr64yuejp8swuysog,일단담자,스페인 천재가 만들어 대박난 운동화 정체,1987,0,2026-09-09T09:28:03.000270+00:00,2026-09-14T23:10:03.036703+00:00,2026-09-16T05:10:03.000270+00:00,제품정체형,썰쇼핑,1240,2026-09-14 07:06:10
TFEgRkKTY1k,https://www.youtube.com/watch?v=TFEgRkKTY1k,ucycg5luulo-ccdblcw7hdcq,지식배송,설거지 안하려고 꼼수부리다 대박난제품,1986,1,2026-08-31T09:34:02.569334+00:00,2026-09-08T12:30:44.178691+00:00,2026-09-14T05:10:02.569334+00:00,기타,썰쇼핑,1350,2026-09-09 07:08:49
E6Y6Ww9tisA,https://www.youtube.com/watch?v=E6Y6Ww9tisA,ucacjyzv8sszopdmi_punhyw,느좋스냅,전국상권 멱살잡고 캐리중인 천원간식 #짧은영상 #각종유머,1985,4,2026-09-11T23:58:03.000270+00:00,2026-09-12T05:10:02.660921+00:00,2026-09-16T05:10:03.000270+00:00,기타,썰쇼핑,42300,2026-09-09 07:08:49
wN5w8NTmRe8,https://www.youtube.com/watch?v=wN5w8NTmRe8,uc_zfdnlzdtdvq8o_7bvtucq,사아말아,통역사 99% 굶길 사기캐 안경,1982,0,2026-09-02T09:46:03.000270+00:00,2026-09-14T23:10:03.036703+00:00,2026-09-16T05:10:03.000270+00:00,기타,썰쇼핑,1070,2026-09-14 07:04:05
aRDGsGWAHlw,https://www.youtube.com/watch?v=aRDGsGWAHlw,uc2olkq_zdkl1aiftvhuhf8a,손끝상점,이케아도 놀란 한국 천재 발명품,1982,1,,2026-09-04T23:10:02.346310+00:00,2026-09-05T04:42:28.257041+00:00,제품정체형,썰쇼핑,27,2026-09-14 07:04:05
CxuXqQgudeo,https://www.youtube.com/watch?v=CxuXqQgudeo,ucsbp41obff8fsjgcvxut6ga,또왔소,상대팀 단체로 뇌정지 만들어버린 역대급 반전,1980,0,2026-09-15T06:58:03.000270+00:00,2026-09-15T23:10:03.157352+00:00,2026-09-16T05:10:03.000270+00:00,제품정체형,썰쇼핑,10700,2026-09-09 07:08:49
HWojx-2Wj4Q,https://www.youtube.com/watch?v=HWojx-2Wj4Q,ucpedjalkfwwr4d2xelfykoa,숏딜,다이소도 당황한 천재 주부 활용법,1976,0,2026-09-13T02:52:03.000270+00:00,2026-09-14T23:10:03.036703+00:00,2026-09-16T05:10:03.000270+00:00,오용형,썰쇼핑,15200,2026-09-14 07:04:05
C_O7Z4v4uWA,https://www.youtube.com/watch?v=C_O7Z4v4uWA,uc_axlecdgpvawgimuyuvluq,더 홈 에디토리,제조사도 몰랐던 미친 활용법#블라인드,1976,1,2026-09-02T00:52:03.157352+00:00,2026-09-14T23:10:03.036703+00:00,2026-09-15T23:10:03.157352+00:00,오용형,썰쇼핑,11000,2026-09-14 07:04:05
_jt5p-D0U-s,https://www.youtube.com/watch?v=_jt5p-D0U-s,uctvonxoqv3-ntqka3lhafnq,담아,소파 하나 샀더니 침대가 따라왔어요,1976,2,2026-08-31T22:58:02.569334+00:00,2026-09-04T23:10:02.346310+00:00,2026-09-14T05:10:02.569334+00:00,기타,썰쇼핑,187,2026-09-09 07:08:49
9V8RjdmNuX4,https://www.youtube.com/watch?v=9V8RjdmNuX4,uckpphyi5ul6uw-axomcfmia,뽀터언니,이어폰 시장 씹어먹은 카드케이스의 정체 🎧,1976,1,2026-08-24T09:58:01.282766+00:00,2026-09-04T23:10:02.346310+00:00,2026-09-06T23:10:01.282766+00:00,제품정체형,썰쇼핑,1350,2026-09-09 07:08:49
xTAwcMlLBqg,https://www.youtube.com/watch?v=xTAwcMlLBqg,ucjdpxmriuriao_4wg9-lxfa,살림픽,몇 년 신은 흰 양말을 새것으로 만든 역대급 세탁 꿀팁 (엄마한테 등짝 맞을 뻔한 썰),1971,1,2026-09-08T22:16:03.000270+00:00,2026-09-09T04:37:54.503187+00:00,2026-09-16T05:10:03.000270+00:00,홈템,썰쇼핑,971,2026-09-09 07:08:49
chmtF-0m8lk,https://www.youtube.com/watch?v=chmtF-0m8lk,uc5-un3i3gbzmsce0wofciyq,꽈리 원픽,리치언니 박세리가 면세점가면 무조건 6개씩 담는다는 제품의 정체#K뷰티#인생토너,1964,0,2026-09-12T06:46:03.000270+00:00,2026-09-12T23:10:03.131380+00:00,2026-09-16T05:10:03.000270+00:00,제품정체형,썰쇼핑,10100,2026-09-09 07:08:49
7PT0XZS_0A8,https://www.youtube.com/watch?v=7PT0XZS_0A8,uc963edydyw3xjtuisucdbww,인생굿즈,조작 논란으로 초대박난 제품?,1964,1,2026-09-01T02:22:03.036703+00:00,2026-09-08T11:10:24.676804+00:00,2026-09-14T23:10:03.036703+00:00,제품정체형,썰쇼핑,15600,2026-09-09 07:08:49
xu3Djr_VgLY,https://www.youtube.com/watch?v=xu3Djr_VgLY,uckpphyi5ul6uw-axomcfmia,뽀터언니,사소한 짜증에서 시작된 일본의 발명품,1961,1,2026-09-10T09:58:03.000270+00:00,2026-09-11T02:10:02.367900+00:00,2026-09-16T05:10:03.000270+00:00,제품정체형,썰쇼핑,1350,2026-09-09 07:08:49
7DXZZsmDvI4,https://www.youtube.com/watch?v=7DXZZsmDvI4,uct_k9uncg3axxb8ujj9f2_g,속닥마켓,대기업이 짝퉁까지 만들어 죽이려다 역풍 맞은 사탕의 비밀,1958,1,2026-09-05T11:04:03.000270+00:00,2026-09-08T11:10:24.676804+00:00,2026-09-16T05:10:03.000270+00:00,제품정체형,썰쇼핑,82,2026-09-09 07:08:49
RWPQuNbMpzE,https://www.youtube.com/watch?v=RWPQuNbMpzE,ucnjzp1yaah_e7hun6_uiduq,세꿀상점,지구는 안 구하는 방구석 아이언맨의 정체,1957,0,2026-09-13T00:28:03.000270+00:00,2026-09-14T23:10:03.036703+00:00,2026-09-16T05:10:03.000270+00:00,제품정체형,썰쇼핑,10,2026-09-14 07:04:05
4gWP4Z1fJ50,https://www.youtube.com/watch?v=4gWP4Z1fJ50,ucmo2rfye0ljbv_m4e5mhz0w,꿀템탐구소,친구차 보고 친구한테 화냈다고?,1953,0,2026-09-08T12:52:03.000270+00:00,2026-09-14T23:10:03.036703+00:00,2026-09-16T05:10:03.000270+00:00,기타,썰쇼핑,4300,2026-09-14 07:04:05
qkAGCvxZtE0,https://www.youtube.com/watch?v=qkAGCvxZtE0,uctitdnbvhe3k4eufjury8qg,꿀템연구소,이케아 서랍 정리템,1953,1,2026-08-31T08:58:02.569334+00:00,2026-09-04T23:10:02.346310+00:00,2026-09-14T05:10:02.569334+00:00,홈템,썰쇼핑,10400,2026-09-09 07:08:49
2AdOEESwMmA,https://www.youtube.com/watch?v=2AdOEESwMmA,ucjlxkqrjd0pecwp1xkuvoeq,꿀템첵첵,골프 낚시 인생템! 귀 통증 완벽 해결한 이 선글라스의 정체,1950,0,2026-09-01T02:58:03.036703+00:00,2026-09-04T23:10:02.346310+00:00,2026-09-14T23:10:03.036703+00:00,기타,썰쇼핑,27200,2026-09-09 07:08:49
R6Mfe_pDQdg,https://www.youtube.com/watch?v=R6Mfe_pDQdg,ucw5k_x62_is3ccatyi8_pkg,이거뭐야,구석구석 꺽어쓰는 플렉시블 조명 #꿀템,1947,0,2026-08-26T09:58:02.542305+00:00,2026-09-08T11:10:24.676804+00:00,2026-09-09T05:10:02.542305+00:00,홈템,썰쇼핑,10700,2026-09-09 07:08:49
WNRkNpIShFk,https://www.youtube.com/watch?v=WNRkNpIShFk,ucmo2rfye0ljbv_m4e5mhz0w,꿀템탐구소,입짧은 아이 밥 먹이는 법,1946,0,2026-09-08T01:22:03.000270+00:00,2026-09-14T23:10:03.036703+00:00,2026-09-16T05:10:03.000270+00:00,기타,썰쇼핑,4300,2026-09-14 07:04:05
qvhbsSAXpqI,https://www.youtube.com/watch?v=qvhbsSAXpqI,ucee8ue8x00th6esoz0w08eq,살림보고,이런 행주면 맨날 쓰지✨️ #shorts,1943,2,2026-09-13T09:28:03.000270+00:00,2026-09-13T23:10:02.300105+00:00,2026-09-16T05:10:03.000270+00:00,홈템,썰쇼핑,10800,2026-09-09 07:08:49
JnjG6gD4LPA,https://www.youtube.com/watch?v=JnjG6gD4LPA,uctvonxoqv3-ntqka3lhafnq,담아,곰팡이 닦지 마세요 해외에서 대박 난 청소템,1943,7,2026-09-03T22:58:03.000270+00:00,2026-09-04T23:10:02.346310+00:00,2026-09-16T05:10:03.000270+00:00,홈템,썰쇼핑,187,2026-09-09 07:08:49
kwwFnFpwLKE,https://www.youtube.com/watch?v=kwwFnFpwLKE,ucjdpxmriuriao_4wg9-lxfa,살림픽,수산시장 30년 삼촌이 통곡할 조개해감 비법 갯벌 모래·찌꺼기 100% 쏙 빠집니다!,1940,2,2026-09-05T22:16:03.000270+00:00,2026-09-08T11:10:24.676804+00:00,2026-09-16T05:10:03.000270+00:00,홈템,썰쇼핑,971,2026-09-09 07:08:49
k4ilz0cMikg,https://www.youtube.com/watch?v=k4ilz0cMikg,ucury26mdc8dmmsffuwlhzda,1분쇼핑,영화보다 실물이 더 앞서 버린 헬멧,1939,1,2026-09-11T10:58:03.000270+00:00,2026-09-14T23:10:03.036703+00:00,2026-09-16T05:10:03.000270+00:00,기타,썰쇼핑,32,2026-09-14 07:04:05
P3I3KC-OP9g,https://www.youtube.com/watch?v=P3I3KC-OP9g,ucjdpxmriuriao_4wg9-lxfa,살림픽,분명 빨래했는데 쉰내가? 30년 가전기사 삼촌이 알려준 '뜯지 않는 세탁기 청소법',1937,2,2026-08-29T22:16:02.660921+00:00,2026-09-08T11:10:24.676804+00:00,2026-09-12T05:10:02.660921+00:00,홈템,썰쇼핑,971,2026-09-09 07:08:49
isP43T37l8Y,https://www.youtube.com/watch?v=isP43T37l8Y,ucvj31kx7aqjquo3nra5oyvw,인쌩스토리,시한부 선고를 받은날 오히려 결혼을 선택한 남자,1934,2,2026-09-15T09:58:03.000270+00:00,2026-09-15T23:10:03.157352+00:00,2026-09-16T05:10:03.000270+00:00,기타,썰쇼핑,23900,2026-09-09 07:08:49
xCD5Hns0Vw0,https://www.youtube.com/watch?v=xCD5Hns0Vw0,uc_zfdnlzdtdvq8o_7bvtucq,사아말아,애플폰에 대놓고 도발한 삼성폰,1930,0,2026-09-14T09:16:03.000270+00:00,2026-09-14T23:10:03.036703+00:00,2026-09-16T05:10:03.000270+00:00,기타,썰쇼핑,1070,2026-09-14 07:04:05
DplIuRDTbZc,https://www.youtube.com/watch?v=DplIuRDTbZc,ucwd-1tqabhd8nvczbjhdiwg,유용하데이,캠핑 중독자의 천재적인 아이디어,1925,1,2026-09-08T08:52:03.000270+00:00,2026-09-08T10:27:51.412064+00:00,2026-09-16T05:10:03.000270+00:00,제품정체형,썰쇼핑,56,2026-09-09 07:08:49
ljArGZE-2f8,https://www.youtube.com/watch?v=ljArGZE-2f8,ucmo2rfye0ljbv_m4e5mhz0w,꿀템탐구소,수선집 망하게한 미국 천재의 발명품,1924,0,2026-09-03T12:52:03.000270+00:00,2026-09-14T23:10:03.036703+00:00,2026-09-16T05:10:03.000270+00:00,제품정체형,썰쇼핑,4300,2026-09-14 07:04:05
onAUTKhRxUs,https://www.youtube.com/watch?v=onAUTKhRxUs,ucynpgh7_qesow4pbljhmi2q,유머굿템,카패 간판 하아 바꿨는데 손님 반응이 달라졌다,1924,0,2026-08-27T21:58:02.680133+00:00,2026-09-08T11:10:24.676804+00:00,2026-09-10T08:10:02.680133+00:00,기타,썰쇼핑,17500,2026-09-09 07:08:49
xoHvsGil_zg,https://www.youtube.com/watch?v=xoHvsGil_zg,ucury26mdc8dmmsffuwlhzda,1분쇼핑,두부를 칼로 썰어 조리는 사람만 딱딱해지는 이유 [000번],1923,1,2026-09-12T22:28:03.000270+00:00,2026-09-14T23:10:03.036703+00:00,2026-09-16T05:10:03.000270+00:00,기타,썰쇼핑,32,2026-09-14 07:04:05
ynHs5wZcECA,https://www.youtube.com/watch?v=ynHs5wZcECA,ucnjzp1yaah_e7hun6_uiduq,세꿀상점,단군도 탐낼 마늘 집게의 정체,1922,0,2026-09-12T08:04:03.000270+00:00,2026-09-14T23:10:03.036703+00:00,2026-09-16T05:10:03.000270+00:00,제품정체형,썰쇼핑,10,2026-09-14 07:04:05
FT_JNJbRSgw,https://www.youtube.com/watch?v=FT_JNJbRSgw,uc7fjlnge2czyi2lppje9hxw,써니네,미국 천재가 만들어서 떼돈 벌었다는 코골이 방지 기구 #유머 #꿀템,1921,1,2026-08-24T08:28:01.282766+00:00,2026-09-04T23:10:02.346310+00:00,2026-09-06T23:10:01.282766+00:00,제품정체형,썰쇼핑,0,2026-08-19 05:56:25
VovpVEeuAL8,https://www.youtube.com/watch?v=VovpVEeuAL8,ucamzjidsn-e1fi_kpveqt_q,순삭킥,공짜가 아닌 1천 원을 받는 가슴 따뜻한 이유 #천원식당 #해뜨는식당 #광주맛집 #감동실화 #선행,1920,0,2026-09-14T22:58:02.238212+00:00,2026-09-14T23:10:03.036703+00:00,2026-09-15T05:10:02.238212+00:00,레시피,썰쇼핑,8870,2026-09-14 07:06:10
TIXiSstbq0w,https://www.youtube.com/watch?v=TIXiSstbq0w,uch6fp7bvc_9bnnfulqfmasw,이거다시바,다른 용도로 대박난 이케아 회전 트레이 #꿀템 #필수템 #이케아 #스누다 #회전 #트레이 #활용법 #수납 #아이디어 #테이블 #조명 #감성 #셀프인테리어 #인테리어,1913,1,2026-09-02T00:22:03.157352+00:00,2026-09-04T23:10:02.346310+00:00,2026-09-15T23:10:03.157352+00:00,홈템,썰쇼핑,0,2026-08-19 05:56:25
Bg81FMOG-EY,https://www.youtube.com/watch?v=Bg81FMOG-EY,uckpphyi5ul6uw-axomcfmia,뽀터언니,제조사도 당황한 프로들의 활용법,1913,1,2026-09-01T10:28:02.238212+00:00,2026-09-04T23:10:02.346310+00:00,2026-09-15T05:10:02.238212+00:00,오용형,썰쇼핑,1350,2026-09-09 07:08:49
eCDcP4AmrLI,https://www.youtube.com/watch?v=eCDcP4AmrLI,uclxapdsavnfqbmbbzs1l_cg,살림덕템,다이소 직원도 까무라친 미친 활용법,1911,0,2026-09-03T12:28:03.000270+00:00,2026-09-08T11:10:24.676804+00:00,2026-09-16T05:10:03.000270+00:00,오용형,썰쇼핑,22,2026-09-09 07:08:49
WqyNPAkBQ6U,https://www.youtube.com/watch?v=WqyNPAkBQ6U,uczgoriozc_etvvg-o72xjcw,썰n픽,원룸 자취생 사이 대박 난 제품의 정체,1911,1,2026-09-05T11:10:03.000270+00:00,2026-09-14T23:10:03.036703+00:00,2026-09-16T05:10:03.000270+00:00,제품정체형,썰쇼핑,1080,2026-09-14 07:04:05
-YWpw6amCE0,https://www.youtube.com/watch?v=-YWpw6amCE0,ucycg5luulo-ccdblcw7hdcq,지식배송,발가락 숨기던 사람들 광명찾게 만든 정체,1907,0,2026-09-04T10:34:03.000270+00:00,2026-09-08T12:30:44.178691+00:00,2026-09-16T05:10:03.000270+00:00,제품정체형,썰쇼핑,1350,2026-09-09 07:08:49
WpTyICk9LJ8,https://www.youtube.com/watch?v=WpTyICk9LJ8,uckec0idwzpe-sam6su0ztcg,실링홈,토마토랑 계란만 넣었는데 브런치집 맛이 난다고? #집브런치 #브런치 #토달볶 #쉬운레시피,1907,0,2026-08-25T00:46:02.851021+00:00,2026-09-04T23:10:02.346310+00:00,2026-09-07T23:10:02.851021+00:00,레시피,썰쇼핑,0,2026-08-19 05:56:25
P2It_6PuLzE,https://www.youtube.com/watch?v=P2It_6PuLzE,ucjdpxmriuriao_4wg9-lxfa,살림픽,락스질 그만하세요! 입주 청소업체 이모님이 숨겨둔 비밀템 대공개,1904,1,2026-08-30T22:16:02.819135+00:00,2026-09-08T11:10:24.676804+00:00,2026-09-13T05:10:02.819135+00:00,제품정체형,썰쇼핑,971,2026-09-09 07:08:49
TTXuMXiSjTQ,https://www.youtube.com/watch?v=TTXuMXiSjTQ,uckav5c_xgwtehpyk3i-zcfg,오늘꿀템,이케아 직원도 감탄한 미친 액자 활용법,1904,0,2026-08-29T08:28:02.660921+00:00,2026-09-04T23:10:02.346310+00:00,2026-09-12T05:10:02.660921+00:00,오용형,썰쇼핑,1380,2026-09-09 07:08:49
45WTieWeXUo,https://www.youtube.com/watch?v=45WTieWeXUo,uc8chcn19p3bctmydgd-fj4q,ㄹㅇㅋㅋ,애들 사줬다가 아빠가 뺏어가는 장난감,1901,2,2026-09-15T08:28:03.000270+00:00,2026-09-15T23:10:03.157352+00:00,2026-09-16T05:10:03.000270+00:00,기타,썰쇼핑,1070,2026-09-14 07:04:05
jbpr63OgVa8,https://www.youtube.com/watch?v=jbpr63OgVa8,ucidv5xotd-tom-6lqw3slnq,집꾸,와이프가 좋아하는 집들이 선물 #미니세탁기,1899,1,2026-08-30T10:58:02.819135+00:00,2026-09-08T11:10:24.676804+00:00,2026-09-13T05:10:02.819135+00:00,홈템,썰쇼핑,30200,2026-09-09 07:08:49
BeM_5dj3aBo,https://www.youtube.com/watch?v=BeM_5dj3aBo,uccb3vyyx4jqhx5x6grrt_la,도토리에이드,요즘 세탁소들이 점점 없어지는 이유?,1897,0,2026-09-15T10:10:03.000270+00:00,2026-09-15T23:10:03.157352+00:00,2026-09-16T05:10:03.000270+00:00,기타,썰쇼핑,2090,2026-09-14 07:04:05
WNZrStyJp3s,https://www.youtube.com/watch?v=WNZrStyJp3s,ucvaa_y8pn-ahgsjoqet6h9a,랜더쇼츠,회로기판을 물로 씻어도 안 망가지는 이유 #지식 #컴퓨터조립,1896,0,2026-09-02T10:16:03.000270+00:00,2026-09-14T23:10:03.036703+00:00,2026-09-16T05:10:03.000270+00:00,기타,썰쇼핑,1490,2026-09-14 07:04:05
t5XSPcWuJUs,https://www.youtube.com/watch?v=t5XSPcWuJUs,ucjdpxmriuriao_4wg9-lxfa,살림픽,업체 부르면 50만원? 다이소 '이것' 하나로 욕실 실리콘 셀프 교체 끝났습니다,1895,1,2026-09-14T21:58:03.000270+00:00,2026-09-14T23:10:03.036703+00:00,2026-09-16T05:10:03.000270+00:00,홈템,썰쇼핑,971,2026-09-09 07:08:49
scZ0Db2TsOY,https://www.youtube.com/watch?v=scZ0Db2TsOY,uc7rasihu7b9qtjd81ywoymq,아이템홈,덴마크 천재가 만들어 돈방석 앉은 제품의 정체 #생활꿀템 #연필 #필기구 #선물,1892,0,2026-08-26T07:58:02.542305+00:00,2026-09-04T23:10:02.346310+00:00,2026-09-09T05:10:02.542305+00:00,제품정체형,썰쇼핑,23800,2026-09-09 07:08:49
dyhLDdFHy5A,https://www.youtube.com/watch?v=dyhLDdFHy5A,ucavc4gijcbwk1vj2acjvjvw,도잇도잇,혼다가 이상한 가방을 만들어 대박난 이유,1890,0,2026-09-09T09:58:03.000270+00:00,2026-09-14T23:10:03.036703+00:00,2026-09-16T05:10:03.000270+00:00,기타,썰쇼핑,1250,2026-09-14 07:04:05
GqyFRs9q628,https://www.youtube.com/watch?v=GqyFRs9q628,uc_vnciqax_yorgwxnkb2oua,꿀템박스,솔로들을 웃게 만든 미국천재의 aibi 포켓로봇.ai  아이비 로봇.로봇펫,1890,3,2026-09-01T08:58:02.238212+00:00,2026-09-14T23:10:03.036703+00:00,2026-09-15T05:10:02.238212+00:00,제품정체형,썰쇼핑,148,2026-09-14 07:04:05
erRY0kcGazM,https://www.youtube.com/watch?v=erRY0kcGazM,ucgttnudyop52of_zrxv--aw,리빙픽템,주부들 지갑 털어버리는 지우개 #냄비얼룩제거 #스테인리스세척 #주방청소 #살림꿀팁 #주방용품,1888,2,2026-09-13T09:04:03.000270+00:00,2026-09-13T23:10:02.300105+00:00,2026-09-16T05:10:03.000270+00:00,홈템,썰쇼핑,6760,2026-09-09 07:08:49
cz7h6t4n9tA,https://www.youtube.com/watch?v=cz7h6t4n9tA,ucjdpxmriuriao_4wg9-lxfa,살림픽,전세집 벽에 못 박지 마세요! 2L 생수병도 버티는데 흔적 없이 떨어지는 미친 아이템 😱,1888,1,2026-09-12T22:04:03.000270+00:00,2026-09-12T23:10:03.131380+00:00,2026-09-16T05:10:03.000270+00:00,홈템,썰쇼핑,971,2026-09-09 07:08:49
pL8H2bApItE,https://www.youtube.com/watch?v=pL8H2bApItE,ucxirsjqetzz4ml6lc-uu5tq,이런호기심,치즈에 구멍을 뚫었다가 다시 감쪽같이 메우는 진짜 이유 🧀,1886,0,2026-09-10T09:28:03.000270+00:00,2026-09-14T23:10:03.036703+00:00,2026-09-16T05:10:03.000270+00:00,기타,썰쇼핑,14400,2026-09-14 07:04:05
fPhiDx8plOY,https://www.youtube.com/watch?v=fPhiDx8plOY,uct_k9uncg3axxb8ujj9f2_g,속닥마켓,중국인들이 마라탕에 밥 말아먹는 한국인 보고 기겁한 진짜 이유 ㄷㄷ,1883,1,2026-09-04T11:52:03.000270+00:00,2026-09-08T11:10:24.676804+00:00,2026-09-16T05:10:03.000270+00:00,기타,썰쇼핑,82,2026-09-09 07:08:49
WoKK2Dv6s9k,https://www.youtube.com/watch?v=WoKK2Dv6s9k,uclmlddtl8vprxs4fmpfa8bw,@쿠템헌터3,이탈리아 사람들도 놀란 천재의 기발한 발명품,1882,0,2026-08-24T10:58:01.282766+00:00,2026-09-04T23:10:02.346310+00:00,2026-09-06T23:10:01.282766+00:00,제품정체형,썰쇼핑,164000,2026-09-09 07:08:49
h6Rma4qkleg,https://www.youtube.com/watch?v=h6Rma4qkleg,ucgttnudyop52of_zrxv--aw,리빙픽템,욕실 리모델링 3만원으로 완성 #욕조리폼 #욕실리모델링 #셀프인테리어 #욕실인테리어 #구축아파트,1880,2,2026-09-08T09:04:03.000270+00:00,2026-09-08T10:27:51.412064+00:00,2026-09-16T05:10:03.000270+00:00,홈템,썰쇼핑,6760,2026-09-09 07:08:49
fS6iJiST3w8,https://www.youtube.com/watch?v=fS6iJiST3w8,ucmy_dsulpkwmomilddbp_8q,그럴줄알았지 : 세상 사는 이야기,다이소 갈 때마다 찾아 헤맨 싱크대 하부장 필수템,1879,2,2026-08-31T12:40:02.569334+00:00,2026-09-08T11:10:24.676804+00:00,2026-09-14T05:10:02.569334+00:00,홈템,썰쇼핑,6960,2026-09-09 07:08:49
SyrDmk5xc8A,https://www.youtube.com/watch?v=SyrDmk5xc8A,ucacjyzv8sszopdmi_punhyw,느좋스냅,조선왕도 몰래 챙긴 전설의 흑빛 생명체 #웃긴영상 #각종유머,1878,0,2026-08-31T21:58:02.569334+00:00,2026-09-08T11:10:24.676804+00:00,2026-09-14T05:10:02.569334+00:00,기타,썰쇼핑,42300,2026-09-09 07:08:49
_OdwnR7g5Yc,https://www.youtube.com/watch?v=_OdwnR7g5Yc,uc9xfth7mqhbdlju9qzpxiha,쿨냥냥,손동표가 8년 다닌 DSP를 떠난 진짜 이유,1877,1,2026-09-13T09:34:03.000270+00:00,2026-09-13T23:10:02.300105+00:00,2026-09-16T05:10:03.000270+00:00,기타,썰쇼핑,5630,2026-09-09 07:08:49
WHWU2Z5A_-Y,https://www.youtube.com/watch?v=WHWU2Z5A_-Y,ucyu2fsk_auhf4v14mqvv0la,천만템노트 ,요리 똥손들이 숨겨놓고 쓴다는 칼의 정체,1877,2,2026-09-11T15:52:03.000270+00:00,2026-09-14T23:10:03.036703+00:00,2026-09-16T05:10:03.000270+00:00,제품정체형,썰쇼핑,1070,2026-09-14 07:04:05
p34LmgMKcjs,https://www.youtube.com/watch?v=p34LmgMKcjs,ucjiyb-pm9ltdsk4a4yw7oia,마미마루,아이의 예쁜시간을 멈춰두는 방법,1875,0,2026-09-01T00:58:03.036703+00:00,2026-09-08T11:10:24.676804+00:00,2026-09-14T23:10:03.036703+00:00,기타,썰쇼핑,507,2026-09-09 07:08:49
dN0duhkw5xg,https://www.youtube.com/watch?v=dN0duhkw5xg,ucsbp41obff8fsjgcvxut6ga,또왔소,요즘은 볼수없는 직원의 과도한 친절 #감동,1873,1,2026-09-08T00:22:03.000270+00:00,2026-09-08T10:27:51.412064+00:00,2026-09-16T05:10:03.000270+00:00,기타,썰쇼핑,10700,2026-09-09 07:08:49
Jl0Gb2UOyHA,https://www.youtube.com/watch?v=Jl0Gb2UOyHA,uc9lbov0bom6xglwla14ovxg,부시리,카센터에서 몰래쓰는 유리복원 치트키,1873,4,2026-08-28T11:16:02.666924+00:00,2026-09-08T12:30:44.178691+00:00,2026-09-11T05:10:02.666924+00:00,기타,썰쇼핑,1040,2026-09-09 07:08:49
LJzm_rsRe8g,https://www.youtube.com/watch?v=LJzm_rsRe8g,uc_vnciqax_yorgwxnkb2oua,꿀템박스,이태리장인도 놀란 천재의 발명품. 가죽 수선 리페어 크림#가죽수선#리페어크림,1869,4,2026-09-02T08:58:03.000270+00:00,2026-09-14T23:10:03.036703+00:00,2026-09-16T05:10:03.000270+00:00,제품정체형,썰쇼핑,148,2026-09-14 07:04:05
7G37eG4Wwz4,https://www.youtube.com/watch?v=7G37eG4Wwz4,ucof1tzdolqz-odj4r33039g,소소한 리뷰,써보면 계속 쓰게 되는 청소 꿀템 2가지✨ 돈 아깝지 않은 살림템,1866,0,2026-09-15T13:46:03.000270+00:00,2026-09-15T23:10:03.157352+00:00,2026-09-16T05:10:03.000270+00:00,홈템,썰쇼핑,11300,2026-09-09 02:35:38
vRlPyWRtStQ,https://www.youtube.com/watch?v=vRlPyWRtStQ,ucdzguqgjnb3fd6jgxvn-obq,오리핫템,옷 리폼 꿀템 발견! 로고 지우고 옷 다시 태어나요 ✨,1859,0,2026-09-01T12:34:02.238212+00:00,2026-09-08T11:10:24.676804+00:00,2026-09-15T05:10:02.238212+00:00,홈템,썰쇼핑,19900,2026-09-09 07:08:49
-ugd91pRV70,https://www.youtube.com/watch?v=-ugd91pRV70,ucxirsjqetzz4ml6lc-uu5tq,이런호기심,타잔 영화 속 원숭이 울음소리의 정체가 사실 '새'였다고? 🐒 (충격),1855,1,2026-09-15T05:58:03.000270+00:00,2026-09-15T23:10:03.157352+00:00,2026-09-16T05:10:03.000270+00:00,제품정체형,썰쇼핑,14400,2026-09-14 07:04:05
aOZhwdCNJcY,https://www.youtube.com/watch?v=aOZhwdCNJcY,ucgttnudyop52of_zrxv--aw,리빙픽템,전셋집 문 안 닫힐 때 1초 해결법 #문안닫힐때 #문짝처짐 #문경첩조절 #셀프수리 #생활꿀팁,1851,1,2026-09-03T09:04:03.000270+00:00,2026-09-04T23:10:02.346310+00:00,2026-09-16T05:10:03.000270+00:00,제품정체형,썰쇼핑,6760,2026-09-09 07:08:49
dojFdHExnJ8,https://www.youtube.com/watch?v=dojFdHExnJ8,ucqxtlmges-nl7ohnfumvyda,sl_pongdang,다이소 고수들의 천재적 활용법,1851,1,2026-08-31T09:34:02.569334+00:00,2026-09-04T23:10:02.346310+00:00,2026-09-14T05:10:02.569334+00:00,제품정체형,썰쇼핑,276,2026-09-09 07:08:49
2oLbipvNYn4,https://www.youtube.com/watch?v=2oLbipvNYn4,ucbpaopjknymyrihzwt5c_mg,리빙플립,다이소 갔는데 이걸 안 사왔다고?,1850,0,2026-09-02T10:46:03.000270+00:00,2026-09-04T23:10:02.346310+00:00,2026-09-16T05:10:03.000270+00:00,홈템,썰쇼핑,13100,2026-09-09 07:08:49
buzq-tLoREs,https://www.youtube.com/watch?v=buzq-tLoREs,uc_zfdnlzdtdvq8o_7bvtucq,사아말아,덕후들에게 걸려 리뉴얼한 삼양라면,1849,0,2026-09-12T01:46:03.000270+00:00,2026-09-14T23:10:03.036703+00:00,2026-09-16T05:10:03.000270+00:00,기타,썰쇼핑,1070,2026-09-14 07:04:05
D-c-9dFH9ms,https://www.youtube.com/watch?v=D-c-9dFH9ms,ucxirsjqetzz4ml6lc-uu5tq,이런호기심,건전지 없이 노래하는 1971년산 레트로 장난감의 놀라운 정체,1847,1,2026-09-05T13:58:03.000270+00:00,2026-09-14T23:10:03.036703+00:00,2026-09-16T05:10:03.000270+00:00,제품정체형,썰쇼핑,14400,2026-09-14 07:04:05
L6KuqR25XBo,https://www.youtube.com/watch?v=L6KuqR25XBo,ucgeufnhdqws3ajiskctcjcq,포미픽,개발자 돈방석 앉힌 천재의 아이템,1846,0,2026-09-05T09:28:02.666924+00:00,2026-09-05T23:10:01.374377+00:00,2026-09-11T05:10:02.666924+00:00,제품정체형,썰쇼핑,3850,2026-09-09 07:08:49
Qdn69Z2pWU0,https://www.youtube.com/watch?v=Qdn69Z2pWU0,ucgeufnhdqws3ajiskctcjcq,포미픽,제조사도 예상 못한 천재의 반전 활용법,1844,0,2026-08-28T09:58:02.666924+00:00,2026-09-04T23:10:02.346310+00:00,2026-09-11T05:10:02.666924+00:00,오용형,썰쇼핑,3850,2026-09-09 07:08:49
rK5eqs6gCAU,https://www.youtube.com/watch?v=rK5eqs6gCAU,ucftoksv4zeitypvhoilopjg,우리살림,주방 조리대 접이식 무타공 선반,1844,1,2026-08-26T09:52:02.542305+00:00,2026-09-04T23:10:02.346310+00:00,2026-09-09T05:10:02.542305+00:00,홈템,썰쇼핑,0,2026-08-19 05:56:25
21Li6pJIjMI,https://www.youtube.com/watch?v=21Li6pJIjMI,ucxteg2lrkvxn8b7umce7qoq,딸기라떼,일본 개발자도 놀란 한국 천재의 활용법ㄷㄷ 찌든 때 싹 빠지는 우타마로 세탁 비누 200% 활용법 🧼#우타마로비누 #세탁비누 #찌든때제거 #운동화세탁 #살림꿀팁,1844,3,2026-08-25T08:58:02.851021+00:00,2026-09-04T23:10:02.346310+00:00,2026-09-07T23:10:02.851021+00:00,오용형,썰쇼핑,5130,2026-09-09 07:08:49
fPaiPVhEBOE,https://www.youtube.com/watch?v=fPaiPVhEBOE,ucrocrwdkppy1we0hubv9drw,홈꾸미,영업1등 선배의 비밀제품,1843,1,2026-09-07T19:10:03.000270+00:00,2026-09-07T23:10:02.851021+00:00,2026-09-16T05:10:03.000270+00:00,제품정체형,썰쇼핑,15600,2026-09-09 07:08:49
XHrU0CuFFt8,https://www.youtube.com/watch?v=XHrU0CuFFt8,uckav5c_xgwtehpyk3i-zcfg,오늘꿀템,다이소도 생각 못한 미친 아이디어,1840,0,2026-08-27T08:28:02.680133+00:00,2026-09-04T23:10:02.346310+00:00,2026-09-10T08:10:02.680133+00:00,오용형,썰쇼핑,1380,2026-09-09 07:08:49
_KV8J310jEk,https://www.youtube.com/watch?v=_KV8J310jEk,ucftoksv4zeitypvhoilopjg,우리살림,집에서 만드는 홈카페 라떼,1839,0,2026-09-10T01:04:03.000270+00:00,2026-09-10T08:10:02.680133+00:00,2026-09-16T05:10:03.000270+00:00,홈템,썰쇼핑,0,2026-08-19 05:56:25
tScTOWDfOEI,https://www.youtube.com/watch?v=tScTOWDfOEI,ucrbvn94qfocjbtkhepz7heg,전설의레전드,결벽증 친구가 숨겨온 비밀 꿀템,1838,0,2026-09-06T10:10:03.000270+00:00,2026-09-08T11:10:24.676804+00:00,2026-09-16T05:10:03.000270+00:00,제품정체형,썰쇼핑,10900,2026-09-09 07:08:49
RZdnSk_fynw,https://www.youtube.com/watch?v=RZdnSk_fynw,ucwx424nckxuyae44qqqltca,쇼핑하는 김반장,해외서 난리 난 토스트 에이드 다 해먹는 사기 잼,1838,2,2026-09-02T09:58:03.000270+00:00,2026-09-14T23:10:03.036703+00:00,2026-09-16T05:10:03.000270+00:00,기타,썰쇼핑,641,2026-09-14 07:04:05
mpNZVf9-FGs,https://www.youtube.com/watch?v=mpNZVf9-FGs,ucsbp41obff8fsjgcvxut6ga,또왔소,은근 중독된다는 스케이트 보드 소리,1837,0,2026-09-02T22:16:03.000270+00:00,2026-09-04T23:10:02.346310+00:00,2026-09-16T05:10:03.000270+00:00,기타,썰쇼핑,10700,2026-09-09 07:08:49
ZCaWQXZBAhY,https://www.youtube.com/watch?v=ZCaWQXZBAhY,ucacjyzv8sszopdmi_punhyw,느좋스냅,한국인들 똥고집에 독일장인 뒷목잡고 오열하게한 정체 #짧은영상 #각종유머,1837,4,2026-09-07T21:58:03.000270+00:00,2026-09-08T11:10:24.676804+00:00,2026-09-16T05:10:03.000270+00:00,제품정체형,썰쇼핑,42300,2026-09-09 07:08:49
GAh-OADeJvI,https://www.youtube.com/watch?v=GAh-OADeJvI,uch6fp7bvc_9bnnfulqfmasw,이거다시바,구조 때문에 대박난 이케아 신상의 정체 #꿀템 #필수템 #이케아 #2026 #PS #신제품 #트롤리 #수납 #활용법 #공간활용 #감성 #셀프인테리어 #인테리어,1836,3,2026-09-08T00:16:03.000270+00:00,2026-09-08T10:27:51.412064+00:00,2026-09-16T05:10:03.000270+00:00,홈템,썰쇼핑,0,2026-08-19 05:56:25
NYvyRSfeSXA,https://www.youtube.com/watch?v=NYvyRSfeSXA,ucz-slgdofm414lil2nz0qea,장바구니 털기,자취방 친구가 귀촌해서 땅에 벌인 일,1835,1,2026-09-03T09:58:03.000270+00:00,2026-09-14T23:10:03.036703+00:00,2026-09-16T05:10:03.000270+00:00,기타,썰쇼핑,1020,2026-09-14 07:04:05
JUqdCt9QZPA,https://www.youtube.com/watch?v=JUqdCt9QZPA,ucmlj9igwl-abyr83b7upqda,이슈 리뷰어,(ASMR소곤소곤)레전드썰:갑자기 의사 선생님과 내기힌 썰 결과는?,1829,0,2026-09-15T08:58:03.000270+00:00,2026-09-15T23:10:03.157352+00:00,2026-09-16T05:10:03.000270+00:00,기타,썰쇼핑,0,2026-08-19 05:56:25
O9_i31z8daI,https://www.youtube.com/watch?v=O9_i31z8daI,uc4iyryt1y1d5_cdjaocsk6q,설렘픽,세탁소 사장님이 매달 넣는 ‘이것’,1824,1,2026-09-12T02:16:03.000270+00:00,2026-09-12T05:10:02.660921+00:00,2026-09-16T05:10:03.000270+00:00,기타,썰쇼핑,2580,2026-09-09 07:08:49
bny3N2g-Yw0,https://www.youtube.com/watch?v=bny3N2g-Yw0,uckkeqaxjmev8w7gd4h5kcaw,이상한철물점,단돈 2만원으로 바닥 복원 완성,1823,0,2026-08-27T16:10:02.680133+00:00,2026-09-04T23:10:02.346310+00:00,2026-09-10T08:10:02.680133+00:00,기타,썰쇼핑,0,2026-08-19 05:56:25
KNvhkBkTlX8,https://www.youtube.com/watch?v=KNvhkBkTlX8,ucq2jfiz_likmrmv3dxckjhq,뭐야템,달력하나로 상받음! 울 회사도 이거 줬으면..,1821,0,2026-09-12T22:58:03.000270+00:00,2026-09-12T23:10:03.131380+00:00,2026-09-16T05:10:03.000270+00:00,기타,썰쇼핑,12700,2026-09-09 07:08:49
JYnChPbuiYc,https://www.youtube.com/watch?v=JYnChPbuiYc,uch6fp7bvc_9bnnfulqfmasw,이거다시바,다이소도 탐내는 이케아 수납박스 #꿀템 #필수템 #이케아 #글리스 #수납 #살림 #정리 #선물 #가성비 #아이디어 #활용법 #감성 #셀프인테리어 #인테리어,1820,1,2026-09-02T09:04:03.000270+00:00,2026-09-04T23:10:02.346310+00:00,2026-09-16T05:10:03.000270+00:00,홈템,썰쇼핑,0,2026-08-19 05:56:25
x5mfVGe3exA,https://www.youtube.com/watch?v=x5mfVGe3exA,ucwmaogosqen98l7nc_4xyga,썰핑,한국 주부들 사이에서 난리난 제품,1820,1,2026-09-06T06:40:03.000270+00:00,2026-09-14T23:10:03.036703+00:00,2026-09-16T05:10:03.000270+00:00,제품정체형,썰쇼핑,15600,2026-09-14 07:04:05
oL4jQXoofuM,https://www.youtube.com/watch?v=oL4jQXoofuM,ucknyotic61bk0usui1ixavg,으니픽,현재 쿠팡에 대란중인 주방제품의 정체 #주방용품,1815,1,2026-09-07T11:22:03.000270+00:00,2026-09-07T23:10:02.851021+00:00,2026-09-16T05:10:03.000270+00:00,제품정체형,썰쇼핑,1300,2026-09-09 07:08:49
I0VsdZGzsLM,https://www.youtube.com/watch?v=I0VsdZGzsLM,ucidv5xotd-tom-6lqw3slnq,집꾸,방이 좁다면 꼭 봐야하는 가구 정체,1814,0,2026-08-26T10:58:02.542305+00:00,2026-09-08T11:10:24.676804+00:00,2026-09-09T05:10:02.542305+00:00,제품정체형,썰쇼핑,30200,2026-09-09 07:08:49
ZQIsZlRPVYI,https://www.youtube.com/watch?v=ZQIsZlRPVYI,uc5ibeeh_ee8jv5lr9ikkbng,핑크수저,천재적인 아이디어가 실생활에 사용된 제품의 정체,1809,1,2026-09-05T07:58:03.000270+00:00,2026-09-08T12:30:44.178691+00:00,2026-09-16T05:10:03.000270+00:00,제품정체형,썰쇼핑,42,2026-09-09 07:08:49
Mva2BgR9Sy4,https://www.youtube.com/watch?v=Mva2BgR9Sy4,ucee8ue8x00th6esoz0w08eq,살림보고,코스트코 덕후들이 쟁여오는 글래드 #shorts,1806,3,2026-09-07T08:58:03.000270+00:00,2026-09-07T23:10:02.851021+00:00,2026-09-16T05:10:03.000270+00:00,홈템,썰쇼핑,10800,2026-09-09 07:08:49
6XqGIHPI2QM,https://www.youtube.com/watch?v=6XqGIHPI2QM,uca1sbg9pja6ilneecrbsrlq,별걸다봄,부모님 낙상 걱정 끝낸 조끼의 정체 ㄷㄷ,1802,3,2026-08-31T08:58:02.569334+00:00,2026-09-04T23:10:02.346310+00:00,2026-09-14T05:10:02.569334+00:00,제품정체형,썰쇼핑,17700,2026-09-09 07:08:49
0Kpjt0r3gew,https://www.youtube.com/watch?v=0Kpjt0r3gew,uckpphyi5ul6uw-axomcfmia,뽀터언니,세계대회 7관왕 먹은 냉동 디저트의 정체,1798,1,2026-09-12T01:58:03.000270+00:00,2026-09-12T05:10:02.660921+00:00,2026-09-16T05:10:03.000270+00:00,제품정체형,썰쇼핑,1350,2026-09-09 07:08:49
2nV_ub877-A,https://www.youtube.com/watch?v=2nV_ub877-A,uca1sbg9pja6ilneecrbsrlq,별걸다봄,출퇴근 고수들만 아는 카드의 정체,1796,1,2026-09-07T08:58:03.000270+00:00,2026-09-07T23:10:02.851021+00:00,2026-09-16T05:10:03.000270+00:00,제품정체형,썰쇼핑,17700,2026-09-09 07:08:49
AHlTUIoKhjs,https://www.youtube.com/watch?v=AHlTUIoKhjs,uc9xfth7mqhbdlju9qzpxiha,쿨냥냥,매달 월세가 그냥 사라지는 걸 당연하게 여기던 미국인 세입자가 한국 전세 앞에서 눈을 의심한 사연,1796,1,2026-09-01T05:34:02.238212+00:00,2026-09-08T12:30:44.178691+00:00,2026-09-15T05:10:02.238212+00:00,기타,썰쇼핑,5630,2026-09-09 07:08:49
qO75i5FaXd4,https://www.youtube.com/watch?v=qO75i5FaXd4,uckav5c_xgwtehpyk3i-zcfg,오늘꿀템,철수세미 업계를 뒤집은 천재의 발명품,1794,0,2026-09-12T08:28:03.000270+00:00,2026-09-12T23:10:03.131380+00:00,2026-09-16T05:10:03.000270+00:00,제품정체형,썰쇼핑,1380,2026-09-09 07:08:49
eJjGf4xbdAU,https://www.youtube.com/watch?v=eJjGf4xbdAU,ucmeifnqi1f99moxyzgcrp2q,발견상자,실화였던 유튜브 헤어롤,1793,1,2026-09-08T05:22:03.000270+00:00,2026-09-08T12:30:44.178691+00:00,2026-09-16T05:10:03.000270+00:00,기타,썰쇼핑,1080,2026-09-09 07:08:49
zBnFmCwC1VQ,https://www.youtube.com/watch?v=zBnFmCwC1VQ,uclmlddtl8vprxs4fmpfa8bw,@쿠템헌터3,청소업체 전문가 추천해 난리난 살림템의 정체,1791,0,2026-08-26T10:58:02.542305+00:00,2026-09-04T23:10:02.346310+00:00,2026-09-09T05:10:02.542305+00:00,홈템,썰쇼핑,164000,2026-09-09 07:08:49
y2Ud7Zx2E_w,https://www.youtube.com/watch?v=y2Ud7Zx2E_w,ucsotpmxx1xe3kwezomrwkxa,리뷰꿀템,하지원 다이어트 비결은?,1789,0,2026-09-02T07:04:03.000270+00:00,2026-09-08T12:30:44.178691+00:00,2026-09-16T05:10:03.000270+00:00,기타,썰쇼핑,353,2026-09-09 07:08:49
cx11PYkpdLs,https://www.youtube.com/watch?v=cx11PYkpdLs,uc_axlecdgpvawgimuyuvluq,더 홈 에디토리,한국 주부들의 천재적인 활용법#옷수선,1789,1,2026-09-03T23:28:03.000270+00:00,2026-09-14T23:10:03.036703+00:00,2026-09-16T05:10:03.000270+00:00,제품정체형,썰쇼핑,11000,2026-09-14 07:04:05
gR2tqop1Kv4,https://www.youtube.com/watch?v=gR2tqop1Kv4,ucmlj9igwl-abyr83b7upqda,이슈 리뷰어,(ASMR소곤소곤썰) 할아버지가 처음 간 카페에서 생긴 일,1788,3,2026-09-06T08:58:03.000270+00:00,2026-09-06T23:10:01.282766+00:00,2026-09-16T05:10:03.000270+00:00,기타,썰쇼핑,0,2026-08-19 05:56:25
o-tEyzQkMp0,https://www.youtube.com/watch?v=o-tEyzQkMp0,uch6fp7bvc_9bnnfulqfmasw,이거다시바,천재들의 이케아 비닐 정리대 활용법 #꿀템 #필수템 #이케아 #바리에라 #정리 #활용법 #공간활용 #수납 #살림 #아이디어 #감성 #셀프인테리어 #인테리어,1787,1,2026-08-26T00:04:01.332600+00:00,2026-09-04T23:10:02.346310+00:00,2026-09-08T23:10:01.332600+00:00,홈템,썰쇼핑,0,2026-08-19 05:56:25
nqt95jomudk,https://www.youtube.com/watch?v=nqt95jomudk,uczsqdvebdhbskc3vnvwwbkg,살림치트키,상식을 깨부숴 떼돈번 한국 천재의 발명품,1786,1,2026-09-10T21:58:03.000270+00:00,2026-09-11T02:10:02.367900+00:00,2026-09-16T05:10:03.000270+00:00,제품정체형,썰쇼핑,193,2026-09-14 07:04:05
52SvwoOn4Po,https://www.youtube.com/watch?v=52SvwoOn4Po,uclh-_xmcx20mxd8jkqn9ama,템파라치,스위스롤인 줄 알았죠? 입에서 사르르 녹는 수플레 롤케이크의 비밀,1785,3,2026-09-02T01:34:03.157352+00:00,2026-09-04T23:10:02.346310+00:00,2026-09-15T23:10:03.157352+00:00,제품정체형,썰쇼핑,0,2026-08-19 05:56:25
0b0yiLSgteA,https://www.youtube.com/watch?v=0b0yiLSgteA,uc-hke7blsfguxnhzrokglsa,와이거뭐냐,아프리카를 감동시킨 K-기업의 뜻밖의 성공 비결,1780,0,2026-09-09T09:58:03.000270+00:00,2026-09-09T23:10:01.358608+00:00,2026-09-16T05:10:03.000270+00:00,기타,썰쇼핑,1190,2026-09-09 07:08:49
MGxEgsc9Mzc,https://www.youtube.com/watch?v=MGxEgsc9Mzc,uciyteuko_p950a7je7jpixa,루구나,샤넬향수도 당황한 뜻밖의 천연디퓨저,1778,1,2026-09-08T22:46:03.000270+00:00,2026-09-08T23:10:01.332600+00:00,2026-09-16T05:10:03.000270+00:00,뷰티,썰쇼핑,19600,2026-09-09 07:08:49
6fehyEICNjs,https://www.youtube.com/watch?v=6fehyEICNjs,uct_k9uncg3axxb8ujj9f2_g,속닥마켓,왜 카페 빙수 대신 집에서 이 기계를 쓸까요?,1777,0,2026-08-29T10:22:02.660921+00:00,2026-09-08T11:10:24.676804+00:00,2026-09-12T05:10:02.660921+00:00,기타,썰쇼핑,82,2026-09-09 07:08:49
u2o2EItG_vA,https://www.youtube.com/watch?v=u2o2EItG_vA,ucjlxkqrjd0pecwp1xkuvoeq,꿀템첵첵,"무거운 휠체어 대신 이거 쓰세요! 1초 폴딩, 6.5kg 효도템.",1771,0,2026-08-31T02:58:02.300105+00:00,2026-09-04T23:10:02.346310+00:00,2026-09-13T23:10:02.300105+00:00,기타,썰쇼핑,27200,2026-09-09 07:08:49
cNocA374x0o,https://www.youtube.com/watch?v=cNocA374x0o,ucdzguqgjnb3fd6jgxvn-obq,오리핫템,옷 두 배 넣는 압축 옷정리함! 서랍 엉망 안 돼요!,1769,0,2026-08-26T02:06:44.178691+00:00,2026-09-08T11:10:24.676804+00:00,2026-09-08T12:30:44.178691+00:00,홈템,썰쇼핑,19900,2026-09-09 07:08:49
b7BYQ8ZB_yo,https://www.youtube.com/watch?v=b7BYQ8ZB_yo,ucpedjalkfwwr4d2xelfykoa,숏딜,부모님을 지켜낸 한국 천재 발명품,1763,0,2026-09-14T08:28:03.000270+00:00,2026-09-14T23:10:03.036703+00:00,2026-09-16T05:10:03.000270+00:00,제품정체형,썰쇼핑,15200,2026-09-14 07:04:05
kg1V04494vQ,https://www.youtube.com/watch?v=kg1V04494vQ,ucipqot8sknih3msbu2b7ahw,트렌드헌터,1초만에 전자기기 먹통을 해결하는 천재적인 아이디어,1763,1,2026-09-15T08:04:03.000270+00:00,2026-09-15T23:10:03.157352+00:00,2026-09-16T05:10:03.000270+00:00,제품정체형,썰쇼핑,1350,2026-09-14 07:04:05
3LGQP1JQnF0,https://www.youtube.com/watch?v=3LGQP1JQnF0,ucwomfgpbfxbehvdxb9j7rsa,살림템바이,열어보고 깜짝놀란 이케아 침대|인테리어|침대추천|꿀템,1762,0,2026-09-04T08:58:03.000270+00:00,2026-09-04T23:10:02.346310+00:00,2026-09-16T05:10:03.000270+00:00,홈템,썰쇼핑,1090,2026-09-09 07:08:49
3hhTNdErFHc,https://www.youtube.com/watch?v=3hhTNdErFHc,ucpedjalkfwwr4d2xelfykoa,숏딜,LG도 예상 못한 천재의 활용법,1761,0,2026-09-15T08:28:03.000270+00:00,2026-09-15T23:10:03.157352+00:00,2026-09-16T05:10:03.000270+00:00,제품정체형,썰쇼핑,15200,2026-09-14 07:04:05
Yq9SwxP7eTo,https://www.youtube.com/watch?v=Yq9SwxP7eTo,uci7bltdlfsal3bodxjkalqw,수미네집,이걸 싱크대 상판에 뿌렸더니,1761,1,2026-08-26T14:34:02.542305+00:00,2026-09-08T11:10:24.676804+00:00,2026-09-09T05:10:02.542305+00:00,기타,썰쇼핑,6030,2026-09-09 07:08:49
aVW-1Zs8QDI,https://www.youtube.com/watch?v=aVW-1Zs8QDI,ucbpaopjknymyrihzwt5c_mg,리빙플립,다이소에 있었는데 왜 나만 몰랐지?,1760,0,2026-09-04T10:46:03.000270+00:00,2026-09-04T23:10:02.346310+00:00,2026-09-16T05:10:03.000270+00:00,홈템,썰쇼핑,13100,2026-09-09 07:08:49
O8qjMqDkJQo,https://www.youtube.com/watch?v=O8qjMqDkJQo,ucksqwbppwreyk9sxnodup7w,꿀템튜브,다이소에는 안 팔아서 주부들이 공구한 제품,1758,2,2026-08-27T01:58:01.358608+00:00,2026-09-08T11:10:24.676804+00:00,2026-09-09T23:10:01.358608+00:00,장비템,썰쇼핑,70,2026-09-09 07:08:49
yD5lL_i2ONw,https://www.youtube.com/watch?v=yD5lL_i2ONw,ucxqe5br7t3dym4kfsmw_xcw,반디몰,예초기 돌릴 때마다 찾는다는 그 물건 #명절 #효도선물 #예초기보조바퀴 #예초기 #제초기 #풀베기 #벌초 #시골살이 #농기구 #농업꿀템 #작업용품 #살림꿀템,1757,0,2026-09-04T08:58:03.000270+00:00,2026-09-08T11:10:24.676804+00:00,2026-09-16T05:10:03.000270+00:00,장비템,썰쇼핑,1050,2026-09-09 07:08:49
bvmRaDNKn3k,https://www.youtube.com/watch?v=bvmRaDNKn3k,ucrbvn94qfocjbtkhepz7heg,전설의레전드,샐러드 좋아하는 아내를 위한3초 초스피드 라이서,1756,0,2026-08-30T13:28:02.819135+00:00,2026-09-08T11:10:24.676804+00:00,2026-09-13T05:10:02.819135+00:00,기타,썰쇼핑,10900,2026-09-09 07:08:49
Z4tx9Uv46FY,https://www.youtube.com/watch?v=Z4tx9Uv46FY,uckav5c_xgwtehpyk3i-zcfg,오늘꿀템,다이소 본사도 탐내는 미국 주부의 활용법,1755,0,2026-09-03T08:28:03.000270+00:00,2026-09-04T23:10:02.346310+00:00,2026-09-16T05:10:03.000270+00:00,제품정체형,썰쇼핑,1380,2026-09-09 07:08:49
rfnrsonJxXg,https://www.youtube.com/watch?v=rfnrsonJxXg,ucsbp41obff8fsjgcvxut6ga,또왔소,녀석이 이 무리의 진짜 지도자인 이유,1752,1,2026-08-25T11:34:24.676804+00:00,2026-09-04T23:10:02.346310+00:00,2026-09-08T11:10:24.676804+00:00,기타,썰쇼핑,10700,2026-09-09 07:08:49
vyJGRJmgPTE,https://www.youtube.com/watch?v=vyJGRJmgPTE,uc_zfdnlzdtdvq8o_7bvtucq,사아말아,100% 시선 뺏는 혼다의 야심작,1748,3,2026-09-10T09:16:03.000270+00:00,2026-09-14T23:10:03.036703+00:00,2026-09-16T05:10:03.000270+00:00,기타,썰쇼핑,1070,2026-09-14 07:04:05
j8a3hqw_HN8,https://www.youtube.com/watch?v=j8a3hqw_HN8,uc963edydyw3xjtuisucdbww,인생굿즈,그낭 베꼈는데 초대박난 제품,1747,1,2026-08-26T03:00:44.178691+00:00,2026-09-08T11:10:24.676804+00:00,2026-09-08T12:30:44.178691+00:00,기타,썰쇼핑,15600,2026-09-09 07:08:49
BTS5Q3NTz2I,https://www.youtube.com/watch?v=BTS5Q3NTz2I,ucbpaopjknymyrihzwt5c_mg,리빙플립,나만 안 쓰고 있던 역대급 핸드폰 거치대의 정체,1745,0,2026-09-14T00:22:03.000270+00:00,2026-09-14T05:10:02.569334+00:00,2026-09-16T05:10:03.000270+00:00,홈템,썰쇼핑,13100,2026-09-09 07:08:49
fza8sUfBZSE,https://www.youtube.com/watch?v=fza8sUfBZSE,ucjlxkqrjd0pecwp1xkuvoeq,꿀템첵첵,3만원에 이 성능? 집에 꼭 하나 모셔둘 만한 휴대용 버너,1738,1,2026-09-11T09:34:03.000270+00:00,2026-09-11T23:10:02.319689+00:00,2026-09-16T05:10:03.000270+00:00,기타,썰쇼핑,27200,2026-09-09 07:08:49
QNbmUpeLKLs,https://www.youtube.com/watch?v=QNbmUpeLKLs,uci7bltdlfsal3bodxjkalqw,수미네집,종이 쇼핑백 절대 버리지 마세요,1736,1,2026-09-04T13:52:03.000270+00:00,2026-09-08T11:10:24.676804+00:00,2026-09-16T05:10:03.000270+00:00,기타,썰쇼핑,6030,2026-09-09 07:08:49
YJLeyQAGoMk,https://www.youtube.com/watch?v=YJLeyQAGoMk,ucdzguqgjnb3fd6jgxvn-obq,오리핫템,수건걸이 하나로 욕실 끝! 🤯 좁은 욕실 필수템,1735,0,2026-09-07T12:04:03.000270+00:00,2026-09-08T11:10:24.676804+00:00,2026-09-16T05:10:03.000270+00:00,기타,썰쇼핑,19900,2026-09-09 07:08:49
TMbuMp5fvHI,https://www.youtube.com/watch?v=TMbuMp5fvHI,ucwomfgpbfxbehvdxb9j7rsa,살림템바이,공간활용 대박난 이케아 수납장|집꾸미기 |수납정리,1735,0,2026-08-25T08:58:02.851021+00:00,2026-09-04T23:10:02.346310+00:00,2026-09-07T23:10:02.851021+00:00,홈템,썰쇼핑,1090,2026-09-09 07:08:49
tBg6JfTrd2g,https://www.youtube.com/watch?v=tBg6JfTrd2g,ucqnbrrb-zbu_7o5ksr27l6g,리치쇼핑,용도를 없애버린 천재의 발명품,1734,2,2026-09-15T07:58:03.000270+00:00,2026-09-15T23:10:03.157352+00:00,2026-09-16T05:10:03.000270+00:00,제품정체형,썰쇼핑,3050,2026-09-14 07:04:05
mQ_0O8AFjOk,https://www.youtube.com/watch?v=mQ_0O8AFjOk,ucdzguqgjnb3fd6jgxvn-obq,오리핫템,개발자도 놀란 침대 밑 꿀템: 습기 곰팡이 원천 차단!,1733,0,2026-08-29T01:04:02.319689+00:00,2026-09-08T11:10:24.676804+00:00,2026-09-11T23:10:02.319689+00:00,제품정체형,썰쇼핑,19900,2026-09-09 07:08:49
Pzk6NXbjVIY,https://www.youtube.com/watch?v=Pzk6NXbjVIY,ucwxox_v20iouentjtsfvlsa,와우템픽,스피커 빼고 대박 난 미친 제품의 정체 #쇼츠 #반전,1730,2,2026-09-02T09:28:03.000270+00:00,2026-09-14T23:10:03.036703+00:00,2026-09-16T05:10:03.000270+00:00,제품정체형,썰쇼핑,1080,2026-09-14 07:04:05
J2B6IINIcfc,https://www.youtube.com/watch?v=J2B6IINIcfc,uch6fp7bvc_9bnnfulqfmasw,이거다시바,손님용으로 샀다가 내가 쓰는 이케아 스툴 #꿀템 #필수템 #이케아 #쉬레 #스툴 #의자 #활용법 #공간활용 #가구 #아이디어 #감성 #셀프인테리어 #인테리어,1727,1,2026-09-05T03:22:03.000270+00:00,2026-09-05T04:42:28.257041+00:00,2026-09-16T05:10:03.000270+00:00,홈템,썰쇼핑,0,2026-08-19 05:56:25
8BB4kXF_2gQ,https://www.youtube.com/watch?v=8BB4kXF_2gQ,ucwx424nckxuyae44qqqltca,쇼핑하는 김반장,해외서 난리 난 미슐랭 셰프의 맥도날드 미친 레시피 꿀팁,1724,0,2026-09-01T08:58:02.238212+00:00,2026-09-14T23:10:03.036703+00:00,2026-09-15T05:10:02.238212+00:00,레시피,썰쇼핑,641,2026-09-14 07:04:05
QEIpDMogJ0o,https://www.youtube.com/watch?v=QEIpDMogJ0o,uc_vnciqax_yorgwxnkb2oua,꿀템박스,원룸사는 사람들을 눈물나게한 발명품.유리 블러 페인트 페인트.#유리가리개#유리블러#사생활보호#원룸보호#유리인테리어,1720,3,2026-09-08T08:58:03.000270+00:00,2026-09-14T23:10:03.036703+00:00,2026-09-16T05:10:03.000270+00:00,제품정체형,썰쇼핑,148,2026-09-14 07:04:05
XJjwV_m6riI,https://www.youtube.com/watch?v=XJjwV_m6riI,uckkeqaxjmev8w7gd4h5kcaw,이상한철물점,삽질 한 번에 비료까지 끝,1719,1,2026-09-08T15:16:03.000270+00:00,2026-09-08T23:10:01.332600+00:00,2026-09-16T05:10:03.000270+00:00,기타,썰쇼핑,0,2026-08-19 05:56:25
qMuAfK6PfRw,https://www.youtube.com/watch?v=qMuAfK6PfRw,uctmchwo4yehl0exsqp_apog,생활꿀템추천샵,제발 빨래 한바구니에 담지 마세요,1719,1,2026-09-05T11:46:03.000270+00:00,2026-09-08T10:27:51.412064+00:00,2026-09-16T05:10:03.000270+00:00,기타,썰쇼핑,6830,2026-09-09 07:08:49
-9p8L5bkzq4,https://www.youtube.com/watch?v=-9p8L5bkzq4,ucyeava-eiutdvg_wnlijepq,살림킹,자국 없는 초강력 양면테이프,1719,2,2026-09-01T15:04:02.238212+00:00,2026-09-08T11:10:24.676804+00:00,2026-09-15T05:10:02.238212+00:00,홈템,썰쇼핑,1040,2026-09-09 07:08:49
GFhkFUEY7_o,https://www.youtube.com/watch?v=GFhkFUEY7_o,uch6fp7bvc_9bnnfulqfmasw,이거다시바,다이소도 탐내는 차량용품의 정체 #꿀템 #필수템 #차량용품 #자동차 #컵홀더 #쓰레기통 #수납 #아이디어 #다이소 #감성 #셀프인테리어 #인테리어,1716,1,2026-09-07T00:22:03.000270+00:00,2026-09-07T23:10:02.851021+00:00,2026-09-16T05:10:03.000270+00:00,홈템,썰쇼핑,0,2026-08-19 05:56:25
5x_2-EpWnOU,https://www.youtube.com/watch?v=5x_2-EpWnOU,ucvaa_y8pn-ahgsjoqet6h9a,랜더쇼츠,주차칸 막던 일행… 누가 잘못인지 진짜 모르는 걸까요? l 분노유발,1714,2,2026-09-14T13:52:03.000270+00:00,2026-09-14T23:10:03.036703+00:00,2026-09-16T05:10:03.000270+00:00,기타,썰쇼핑,1490,2026-09-14 07:04:05
VDZYEqITSK0,https://www.youtube.com/watch?v=VDZYEqITSK0,ucxqe5br7t3dym4kfsmw_xcw,반디몰,마늘 다지기 이거면 참 쉬워요#마늘다지기 #스텐마늘다지기 #다진마늘 #마늘프레스 #주방꿀템 #살림꿀템 #자취요리 #주방용품추천 #살림팁 #요리꿀팁,1711,0,2026-09-15T08:58:03.000270+00:00,2026-09-15T23:10:03.157352+00:00,2026-09-16T05:10:03.000270+00:00,홈템,썰쇼핑,1050,2026-09-09 07:08:49
N_AajrDii28,https://www.youtube.com/watch?v=N_AajrDii28,uc4fczuxwwbj0rsvbtvay3bg,숏팡,한국까지 소문난 일본 천재 발명품,1710,0,2026-08-31T08:40:02.569334+00:00,2026-09-08T12:30:44.178691+00:00,2026-09-14T05:10:02.569334+00:00,제품정체형,썰쇼핑,43100,2026-09-09 07:08:49
ls7BpM05i5k,https://www.youtube.com/watch?v=ls7BpM05i5k,ucmssyyqvltkjobcgqdrzmuw,내일 쇼핑,다이소 품절대란 만든 천재 주부의 활용법?#다이소 #꿀템 #꿀팁,1708,6,2026-09-07T02:52:03.000270+00:00,2026-09-07T23:10:02.851021+00:00,2026-09-16T05:10:03.000270+00:00,홈템,썰쇼핑,1880,2026-09-09 07:08:49
Kg4sXcpUSiI,https://www.youtube.com/watch?v=Kg4sXcpUSiI,ucs9rzo0w2sa-ik3w2j4mkzg,홈킥킥,김 보관할 때 눅눅하신 분?,1708,1,2026-09-14T07:58:03.000270+00:00,2026-09-14T23:10:03.036703+00:00,2026-09-16T05:10:03.000270+00:00,기타,썰쇼핑,15800,2026-09-09 07:08:49
uK_xMOarxmA,https://www.youtube.com/watch?v=uK_xMOarxmA,uc6cd2qevvm23b0xojjho50q,썰쇼템,제조사도 예상 못 한 뜻밖의 사용법,1702,1,2026-09-16T02:58:03.000270+00:00,2026-09-16T05:10:03.000270+00:00,2026-09-16T05:10:03.000270+00:00,오용형,썰쇼핑,13700,2026-09-09 07:08:49
HLuzqa6qdmI,https://www.youtube.com/watch?v=HLuzqa6qdmI,ucsiilkcktabwbsotgdjddoa,이왜템,톡톡 건드리면 환해지는 마법 자석 #헬로키티 #키티 #육아템 #인테리어,1702,10,2026-09-03T07:22:03.000270+00:00,2026-09-04T23:10:02.346310+00:00,2026-09-16T05:10:03.000270+00:00,홈템,썰쇼핑,1080,2026-09-09 07:08:49
TX2rZ3MlbJE,https://www.youtube.com/watch?v=TX2rZ3MlbJE,uctmchwo4yehl0exsqp_apog,생활꿀템추천샵,살 빠지는 줄 알았는데 당류 폭탄이었습니다,1702,1,2026-09-09T09:58:03.000270+00:00,2026-09-09T23:10:01.358608+00:00,2026-09-16T05:10:03.000270+00:00,기타,썰쇼핑,6830,2026-09-09 07:08:49
xbyG82bE6eM,https://www.youtube.com/watch?v=xbyG82bE6eM,uctitdnbvhe3k4eufjury8qg,꿀템연구소,이케아 협탁 활용법,1702,1,2026-09-01T08:58:02.238212+00:00,2026-09-04T23:10:02.346310+00:00,2026-09-15T05:10:02.238212+00:00,제품정체형,썰쇼핑,10400,2026-09-09 07:08:49
15nuQ-pktSc,https://www.youtube.com/watch?v=15nuQ-pktSc,ucycg5luulo-ccdblcw7hdcq,지식배송,다꾸 시장 씹어먹은 볼펜의 정체,1702,1,2026-08-26T11:52:02.542305+00:00,2026-09-08T12:30:44.178691+00:00,2026-09-09T05:10:02.542305+00:00,제품정체형,썰쇼핑,1350,2026-09-09 07:08:49
whT0B9riUF8,https://www.youtube.com/watch?v=whT0B9riUF8,uc2olkq_zdkl1aiftvhuhf8a,손끝상점,다이소도 놀란 일본 천재 발명품,1702,2,,2026-09-04T23:10:02.346310+00:00,2026-09-05T04:42:28.257041+00:00,제품정체형,썰쇼핑,27,2026-09-14 07:04:05
ARksqptl9yY,https://www.youtube.com/watch?v=ARksqptl9yY,uco3sju4c8apyrhk_dbo8udq,냥냥쿨범,화면 하나로 떼돈번 미국 천재의 발명품,1700,1,2026-09-03T11:16:03.000270+00:00,2026-09-08T11:10:24.676804+00:00,2026-09-16T05:10:03.000270+00:00,제품정체형,썰쇼핑,21500,2026-09-09 07:08:49
7SsQ4OwUPW4,https://www.youtube.com/watch?v=7SsQ4OwUPW4,uciyteuko_p950a7je7jpixa,루구나,향수회사도 예상못한  살아있는 향수템,1694,1,2026-09-12T22:58:03.000270+00:00,2026-09-12T23:10:03.131380+00:00,2026-09-16T05:10:03.000270+00:00,뷰티,썰쇼핑,19600,2026-09-09 07:08:49
7lER08jJUDw,https://www.youtube.com/watch?v=7lER08jJUDw,uc5gvjoaf9cwonmlvji_bfmq,이거하나,다이소도 예상못한 뜻밖의 활용법,1694,1,2026-09-02T08:28:03.000270+00:00,2026-09-14T23:10:03.036703+00:00,2026-09-16T05:10:03.000270+00:00,오용형,썰쇼핑,1270,2026-09-14 07:04:05
EIu2i2vJ-cc,https://www.youtube.com/watch?v=EIu2i2vJ-cc,ucycg5luulo-ccdblcw7hdcq,지식배송,책상 씹어먹은 거치대 정체,1693,0,2026-09-10T10:10:03.000270+00:00,2026-09-11T02:10:02.367900+00:00,2026-09-16T05:10:03.000270+00:00,제품정체형,썰쇼핑,1350,2026-09-09 07:08:49
MTUxtYYCZvs,https://www.youtube.com/watch?v=MTUxtYYCZvs,ucmy_dsulpkwmomilddbp_8q,그럴줄알았지 : 세상 사는 이야기,화장실 냄새 잡겠다고 비싼 디퓨저 사지 마세요,1691,2,2026-08-30T09:28:02.819135+00:00,2026-09-08T11:10:24.676804+00:00,2026-09-13T05:10:02.819135+00:00,뷰티,썰쇼핑,6960,2026-09-09 07:08:49
8x0QN3Nlsr4,https://www.youtube.com/watch?v=8x0QN3Nlsr4,uclfbmumxshw-8ylwcgp-w3w,Gcar지카,99%가 장난감이라고 확신한 소름 돋는 태양광 청소기의 위력 ㄷㄷ,1691,0,2026-08-24T13:16:01.282766+00:00,2026-09-04T23:10:02.346310+00:00,2026-09-06T23:10:01.282766+00:00,홈템,썰쇼핑,75100,2026-09-09 02:35:38
gQxBvB5hqVY,https://www.youtube.com/watch?v=gQxBvB5hqVY,uco3sju4c8apyrhk_dbo8udq,냥냥쿨범,제조사도 예전부터는 살림천재의 활용법,1685,3,2026-09-05T11:16:03.000270+00:00,2026-09-08T11:10:24.676804+00:00,2026-09-16T05:10:03.000270+00:00,제품정체형,썰쇼핑,21500,2026-09-09 07:08:49
CsDNknIrIWE,https://www.youtube.com/watch?v=CsDNknIrIWE,ucgeufnhdqws3ajiskctcjcq,포미픽,해외 주부들 환호한 천재의 아이템 ㄷㄷ,1683,1,2026-08-31T10:28:02.666924+00:00,2026-09-04T23:10:02.346310+00:00,2026-09-11T05:10:02.666924+00:00,제품정체형,썰쇼핑,3850,2026-09-09 07:08:49
ngMUQv8nRns,https://www.youtube.com/watch?v=ngMUQv8nRns,ucbpaopjknymyrihzwt5c_mg,리빙플립,냄새나는 수건 빨래 무조건 이거 쓰세요,1683,0,,2026-09-04T23:10:02.346310+00:00,2026-09-05T04:42:28.257041+00:00,기타,썰쇼핑,13100,2026-09-09 07:08:49
qMy5tm84jn8,https://www.youtube.com/watch?v=qMy5tm84jn8,uctitdnbvhe3k4eufjury8qg,꿀템연구소,이케아 3인 소파베드,1682,1,2026-09-02T08:58:03.000270+00:00,2026-09-04T23:10:02.346310+00:00,2026-09-16T05:10:03.000270+00:00,홈템,썰쇼핑,10400,2026-09-09 07:08:49
GGEsa2BFHUM,https://www.youtube.com/watch?v=GGEsa2BFHUM,ucnjzp1yaah_e7hun6_uiduq,세꿀상점,스타벅스 대신 데려가는 손바닥 바리스타의 정체,1682,0,2026-09-07T04:04:03.000270+00:00,2026-09-14T23:10:03.036703+00:00,2026-09-16T05:10:03.000270+00:00,제품정체형,썰쇼핑,10,2026-09-14 07:04:05
Tx4SlCleA0M,https://www.youtube.com/watch?v=Tx4SlCleA0M,uc_zfdnlzdtdvq8o_7bvtucq,사아말아,아이폰 유저들 눈물나게 만든 거치대,1679,0,2026-09-12T08:28:03.000270+00:00,2026-09-14T23:10:03.036703+00:00,2026-09-16T05:10:03.000270+00:00,기타,썰쇼핑,1070,2026-09-14 07:04:05
1SFEmN3gbvE,https://www.youtube.com/watch?v=1SFEmN3gbvE,ucmyc8jr2jkq5fxuskohc_pq,소장각템,다이소도 당황한 천원의 기적?,1679,0,2026-09-05T22:58:03.000270+00:00,2026-09-14T23:10:03.036703+00:00,2026-09-16T05:10:03.000270+00:00,제품정체형,썰쇼핑,8,2026-09-14 07:04:05
F2bFXOPbY1o,https://www.youtube.com/watch?v=F2bFXOPbY1o,ucztidnxqczedy2kiw43p81w,꿀발견,못질 포기한 인간들의 최후,1679,1,2026-09-01T15:34:02.238212+00:00,2026-09-04T23:10:02.346310+00:00,2026-09-15T05:10:02.238212+00:00,기타,썰쇼핑,1040,2026-09-09 07:08:49
kb4MbOx2yeY,https://www.youtube.com/watch?v=kb4MbOx2yeY,uckav5c_xgwtehpyk3i-zcfg,오늘꿀템,이삿짐센터를 없애버린 천재의 발명품,1678,0,2026-09-11T08:28:03.000270+00:00,2026-09-11T23:10:02.319689+00:00,2026-09-16T05:10:03.000270+00:00,제품정체형,썰쇼핑,1380,2026-09-09 07:08:49
orJLcDUErDs,https://www.youtube.com/watch?v=orJLcDUErDs,uctvonxoqv3-ntqka3lhafnq,담아,다이소 가면 무조건 담아오세요,1677,1,2026-08-27T22:58:02.680133+00:00,2026-09-04T23:10:02.346310+00:00,2026-09-10T08:10:02.680133+00:00,홈템,썰쇼핑,187,2026-09-09 07:08:49
HWNJoRUHVLg,https://www.youtube.com/watch?v=HWNJoRUHVLg,ucgeufnhdqws3ajiskctcjcq,포미픽,일본 천재가 개발한 미친 발명품,1676,1,2026-09-02T09:46:02.666924+00:00,2026-09-04T23:10:02.346310+00:00,2026-09-11T05:10:02.666924+00:00,제품정체형,썰쇼핑,3850,2026-09-09 07:08:49
LTRs3C5tGuM,https://www.youtube.com/watch?v=LTRs3C5tGuM,uclshojkcjypr5ok5kaifc3q,고고살림,이제 조수석 물건 쏟아질까 걱정 하지마,1672,1,2026-09-15T09:16:03.000270+00:00,2026-09-15T23:10:03.157352+00:00,2026-09-16T05:10:03.000270+00:00,홈템,썰쇼핑,1,2026-09-09 07:08:49
iBN4fMFU030,https://www.youtube.com/watch?v=iBN4fMFU030,uctitdnbvhe3k4eufjury8qg,꿀템연구소,이케아 고수 아이 책상 활용법,1671,1,2026-09-11T08:58:03.000270+00:00,2026-09-11T23:10:02.319689+00:00,2026-09-16T05:10:03.000270+00:00,홈템,썰쇼핑,10400,2026-09-09 07:08:49
VUxL4nGf4Lg,https://www.youtube.com/watch?v=VUxL4nGf4Lg,ucssx2crprqprm_uaedxg7ua,꿀팁꿀템,한국 주부만 할 수 있는 기적의 활용법ㄷㄷ#이것까지 자를 줄 몰랐지?#밀프렙#포케#샐러드를 순식간에,1671,1,2026-09-02T13:58:03.000270+00:00,2026-09-04T23:10:02.346310+00:00,2026-09-16T05:10:03.000270+00:00,제품정체형,썰쇼핑,53800,2026-09-09 07:08:49
i6fFL5svNjQ,https://www.youtube.com/watch?v=i6fFL5svNjQ,ucftoksv4zeitypvhoilopjg,우리살림,건조기 틈새 먼지 청소 안하면 화재 납니다,1671,2,2026-08-25T08:16:02.851021+00:00,2026-09-04T23:10:02.346310+00:00,2026-09-07T23:10:02.851021+00:00,홈템,썰쇼핑,0,2026-08-19 05:56:25
asZnFrm-Egg,https://www.youtube.com/watch?v=asZnFrm-Egg,ucgttnudyop52of_zrxv--aw,리빙픽템,숙박비 0원 전국여행 가능 텐트,1671,2,2026-08-25T09:04:02.851021+00:00,2026-09-04T23:10:02.346310+00:00,2026-09-07T23:10:02.851021+00:00,제품정체형,썰쇼핑,6760,2026-09-09 07:08:49
SG33H7zrVwQ,https://www.youtube.com/watch?v=SG33H7zrVwQ,ucsbp41obff8fsjgcvxut6ga,또왔소,재판 중에 판사가 뇌정지 온 이유,1670,0,2026-08-28T06:10:02.666924+00:00,2026-09-04T23:10:02.346310+00:00,2026-09-11T05:10:02.666924+00:00,기타,썰쇼핑,10700,2026-09-09 07:08:49
rc18wwuvUkg,https://www.youtube.com/watch?v=rc18wwuvUkg,uc_axlecdgpvawgimuyuvluq,더 홈 에디토리,제조사도 예상 못한 미친 활용법#인테리어,1667,1,2026-09-03T05:16:03.000270+00:00,2026-09-14T23:10:03.036703+00:00,2026-09-16T05:10:03.000270+00:00,오용형,썰쇼핑,11000,2026-09-14 07:04:05
Hhp3IZT8Vbs,https://www.youtube.com/watch?v=Hhp3IZT8Vbs,ucycg5luulo-ccdblcw7hdcq,지식배송,다이소가 사고친 구슬의 정체,1667,2,2026-08-27T10:16:02.680133+00:00,2026-09-08T12:30:44.178691+00:00,2026-09-10T08:10:02.680133+00:00,제품정체형,썰쇼핑,1350,2026-09-09 07:08:49
niFxgkAf1rQ,https://www.youtube.com/watch?v=niFxgkAf1rQ,ucftoksv4zeitypvhoilopjg,우리살림,머리를 빨아들이는 드라이어??,1665,1,2026-08-30T06:40:02.819135+00:00,2026-09-04T23:10:02.346310+00:00,2026-09-13T05:10:02.819135+00:00,홈템,썰쇼핑,0,2026-08-19 05:56:25
WNCSCStxOD0,https://www.youtube.com/watch?v=WNCSCStxOD0,uckpphyi5ul6uw-axomcfmia,뽀터언니,폴더블폰도 완벽 거치! YINUO 15W 차량용 스마트 거치대 🚗,1665,1,2026-08-26T10:28:02.542305+00:00,2026-09-04T23:10:02.346310+00:00,2026-09-09T05:10:02.542305+00:00,차량템,썰쇼핑,1350,2026-09-09 07:08:49
Wl1_w8IBddY,https://www.youtube.com/watch?v=Wl1_w8IBddY,uctxuvpifjihgl8c8mfzqmoa,나를 위한 발견,게으른 사람들이 이 칫솔을 찾는 이유,1665,0,2026-08-23T23:10:01.374377+00:00,2026-09-04T23:10:02.346310+00:00,2026-09-05T23:10:01.374377+00:00,기타,썰쇼핑,32,2026-09-14 07:04:05
AvDkJhf7USc,https://www.youtube.com/watch?v=AvDkJhf7USc,ucapo3ngjjmjssseardb1bpw,샤샤홈,강아지 물통,1664,0,2026-08-31T10:28:02.569334+00:00,2026-09-08T12:30:44.178691+00:00,2026-09-14T05:10:02.569334+00:00,기타,썰쇼핑,961,2026-09-09 07:08:49
2Cwc9AgbZEA,https://www.youtube.com/watch?v=2Cwc9AgbZEA,ucmssyyqvltkjobcgqdrzmuw,내일 쇼핑,층간소음 고민을 해결해버린 미국 천재의 발명품? #스피커 #층간소음 #꿀템,1664,6,2026-08-24T09:16:01.282766+00:00,2026-09-04T23:10:02.346310+00:00,2026-09-06T23:10:01.282766+00:00,제품정체형,썰쇼핑,1880,2026-09-09 07:08:49
Va58Gw_UhCo,https://www.youtube.com/watch?v=Va58Gw_UhCo,uctvonxoqv3-ntqka3lhafnq,담아,"밤 까기, 칼 대신 이걸로 까먹는 중",1663,1,2026-09-13T08:58:03.000270+00:00,2026-09-13T23:10:02.300105+00:00,2026-09-16T05:10:03.000270+00:00,기타,썰쇼핑,187,2026-09-09 07:08:49
zS8Kr_AVUu0,https://www.youtube.com/watch?v=zS8Kr_AVUu0,ucrbvn94qfocjbtkhepz7heg,전설의레전드,장착하자마자 무적되는 역대급 엽기인형,1660,1,2026-09-14T09:40:03.000270+00:00,2026-09-14T23:10:03.036703+00:00,2026-09-16T05:10:03.000270+00:00,기타,썰쇼핑,10900,2026-09-09 07:08:49
TNebQ-Vm1JE,https://www.youtube.com/watch?v=TNebQ-Vm1JE,ucz-slgdofm414lil2nz0qea,장바구니 털기,자취방 친구의 CG 합성 논란 터진 그림,1660,1,2026-09-04T06:58:03.000270+00:00,2026-09-14T23:10:03.036703+00:00,2026-09-16T05:10:03.000270+00:00,기타,썰쇼핑,1020,2026-09-14 07:04:05
TF2BPmbT7S0,https://www.youtube.com/watch?v=TF2BPmbT7S0,ucwmaogosqen98l7nc_4xyga,썰핑,한국 천재가 발명해 대박난 공병의 정체,1659,1,2026-09-08T10:58:03.000270+00:00,2026-09-14T23:10:03.036703+00:00,2026-09-16T05:10:03.000270+00:00,제품정체형,썰쇼핑,15600,2026-09-14 07:04:05
TZpa8qVb20Q,https://www.youtube.com/watch?v=TZpa8qVb20Q,ucycg5luulo-ccdblcw7hdcq,지식배송,다이소 책꽂이 활용법,1659,0,2026-09-01T08:40:02.238212+00:00,2026-09-13T05:10:02.819135+00:00,2026-09-15T05:10:02.238212+00:00,제품정체형,썰쇼핑,1350,2026-09-09 07:08:49
tqOQ7Ut1btQ,https://www.youtube.com/watch?v=tqOQ7Ut1btQ,ucxirsjqetzz4ml6lc-uu5tq,이런호기심,강아지처럼 얌전하고 말귀 알아듣는 전갈이 있다고? (합성 아님) 🦂,1658,2,2026-09-15T13:58:03.000270+00:00,2026-09-15T23:10:03.157352+00:00,2026-09-16T05:10:03.000270+00:00,기타,썰쇼핑,14400,2026-09-14 07:04:05
FxUxXkJqxzM,https://www.youtube.com/watch?v=FxUxXkJqxzM,uc-eolknnfvatrgueslppaow,필수 픽!,방구석 고기파티 기름때 완벽제거 #쿠팡꿀템 #생활추천템 #다이소꿀템,1658,0,2026-08-30T10:46:02.819135+00:00,2026-09-04T23:10:02.346310+00:00,2026-09-13T05:10:02.819135+00:00,홈템,썰쇼핑,13200,2026-09-09 02:35:38
3C4HSYJOU5Q,https://www.youtube.com/watch?v=3C4HSYJOU5Q,ucw5k_x62_is3ccatyi8_pkg,이거뭐야,600원으로 주방 수납 끝낸 법 #꿀템 #인테리어 #살림초보 #꿀팁,1655,0,2026-09-11T09:58:03.000270+00:00,2026-09-11T23:10:02.319689+00:00,2026-09-16T05:10:03.000270+00:00,홈템,썰쇼핑,10700,2026-09-09 07:08:49
j2-TKiv6iss,https://www.youtube.com/watch?v=j2-TKiv6iss,ucmeifnqi1f99moxyzgcrp2q,발견상자,남편이 요리하는 아내에게 건낸 말,1652,1,2026-09-05T00:28:03.000270+00:00,2026-09-08T12:30:44.178691+00:00,2026-09-16T05:10:03.000270+00:00,레시피,썰쇼핑,1080,2026-09-09 07:08:49
r38niSiV4a4,https://www.youtube.com/watch?v=r38niSiV4a4,uc-hke7blsfguxnhzrokglsa,와이거뭐냐,일론 머스크보다 30년 빨랐던 한국 자율주행차의 충격적 결말,1650,0,2026-09-03T20:40:03.000270+00:00,2026-09-04T23:10:02.346310+00:00,2026-09-16T05:10:03.000270+00:00,기타,썰쇼핑,1190,2026-09-09 07:08:49
7F8a-iw8Hj4,https://www.youtube.com/watch?v=7F8a-iw8Hj4,ucmlj9igwl-abyr83b7upqda,이슈 리뷰어,[ASMR_소곤소곤 썰] 싸인펜 때문에 어린이집에서 전화 온 충격 썰,1645,4,2026-09-03T08:58:03.000270+00:00,2026-09-04T23:10:02.346310+00:00,2026-09-16T05:10:03.000270+00:00,기타,썰쇼핑,0,2026-08-19 05:56:25
lDEKgr_zwTI,https://www.youtube.com/watch?v=lDEKgr_zwTI,uc_vnciqax_yorgwxnkb2oua,꿀템박스,전문가도 놀란 한국천재의 미니 휴대용 믹서기.과일믹서기. 야채믹서기. 휴대용. 직장용. 발명품#믹서기#무선믹서기#휴대용#미니과일믹서기#야채멕서기,1645,5,2026-09-07T08:28:03.000270+00:00,2026-09-14T23:10:03.036703+00:00,2026-09-16T05:10:03.000270+00:00,제품정체형,썰쇼핑,148,2026-09-14 07:04:05
N4AyQnZf50Y,https://www.youtube.com/watch?v=N4AyQnZf50Y,uckkeqaxjmev8w7gd4h5kcaw,이상한철물점,모종 심기 전 농사 필수템,1640,1,2026-09-02T16:58:03.000270+00:00,2026-09-04T23:10:02.346310+00:00,2026-09-16T05:10:03.000270+00:00,기타,썰쇼핑,0,2026-08-19 05:56:25
jbIAGQ-KuPo,https://www.youtube.com/watch?v=jbIAGQ-KuPo,uczgoriozc_etvvg-o72xjcw,썰n픽,한국 주부 사이 대박 난 제품의 정체,1638,1,2026-09-03T10:58:03.000270+00:00,2026-09-14T23:10:03.036703+00:00,2026-09-16T05:10:03.000270+00:00,제품정체형,썰쇼핑,1080,2026-09-14 07:04:05
LrOQr_CoLCs,https://www.youtube.com/watch?v=LrOQr_CoLCs,uc_zfdnlzdtdvq8o_7bvtucq,사아말아,이상한거 만드는 중인 가전회사 다이슨,1635,2,2026-09-15T09:16:03.000270+00:00,2026-09-15T23:10:03.157352+00:00,2026-09-16T05:10:03.000270+00:00,홈템,썰쇼핑,1070,2026-09-14 07:04:05
dj6RNbPwu5U,https://www.youtube.com/watch?v=dj6RNbPwu5U,ucmeifnqi1f99moxyzgcrp2q,발견상자,천재가 해킹한 스피커의 정체,1634,0,2026-08-31T06:22:02.569334+00:00,2026-09-08T12:30:44.178691+00:00,2026-09-14T05:10:02.569334+00:00,제품정체형,썰쇼핑,1080,2026-09-09 07:08:49
uKsHxp1rDi8,https://www.youtube.com/watch?v=uKsHxp1rDi8,ucjdpxmriuriao_4wg9-lxfa,살림픽,입주청소 이모님이 몰래 알려준 다이소 품절 대란템... 독한 세제 없이 묵은 때 싹 지워졌습니다 [다이소 추천템],1630,1,2026-08-25T22:18:44.178691+00:00,2026-09-08T11:10:24.676804+00:00,2026-09-08T12:30:44.178691+00:00,제품정체형,썰쇼핑,971,2026-09-09 07:08:49
0qbxb4gEcaw,https://www.youtube.com/watch?v=0qbxb4gEcaw,uciyteuko_p950a7je7jpixa,루구나,샤넬 No5도 놀란 미친 자연 향기템,1629,0,2026-08-30T22:58:02.819135+00:00,2026-09-04T23:10:02.346310+00:00,2026-09-13T05:10:02.819135+00:00,기타,썰쇼핑,19600,2026-09-09 07:08:49
PhZCCHxrpZI,https://www.youtube.com/watch?v=PhZCCHxrpZI,ucksqwbppwreyk9sxnodup7w,꿀템튜브,다이소에 출시하고 나서 매출 1등한 제품의 정체,1628,1,2026-08-28T01:58:02.680133+00:00,2026-09-08T11:10:24.676804+00:00,2026-09-10T08:10:02.680133+00:00,제품정체형,썰쇼핑,70,2026-09-09 07:08:49
gUhHeBRaWXQ,https://www.youtube.com/watch?v=gUhHeBRaWXQ,uctitdnbvhe3k4eufjury8qg,꿀템연구소,이케아 컬러 벽선반,1627,1,2026-08-29T08:58:02.660921+00:00,2026-09-04T23:10:02.346310+00:00,2026-09-12T05:10:02.660921+00:00,기타,썰쇼핑,10400,2026-09-09 07:08:49
ukub_PT7lI0,https://www.youtube.com/watch?v=ukub_PT7lI0,uc4gpegusm1huqjwho9og8fa,와그라노TV,(속보)'그 정도밖에 못합니까' 이 반격 어떻게 보십니까?,1626,4,2026-09-08T06:04:03.000270+00:00,2026-09-08T10:27:51.412064+00:00,2026-09-16T05:10:03.000270+00:00,기타,썰쇼핑,0,2026-08-19 05:56:25
PS4gGv-Swcw,https://www.youtube.com/watch?v=PS4gGv-Swcw,uctvonxoqv3-ntqka3lhafnq,담아,3초 만에 차 안이 깔끔해짐,1626,1,2026-09-08T22:58:03.000270+00:00,2026-09-08T23:10:01.332600+00:00,2026-09-16T05:10:03.000270+00:00,차량템,썰쇼핑,187,2026-09-09 07:08:49
ODARMHULEPI,https://www.youtube.com/watch?v=ODARMHULEPI,ucwd-1tqabhd8nvczbjhdiwg,유용하데이,구조하나로 떼돈 번 천재적인 제품,1624,1,2026-08-28T07:58:02.666924+00:00,2026-09-04T23:10:02.346310+00:00,2026-09-11T05:10:02.666924+00:00,제품정체형,썰쇼핑,56,2026-09-09 07:08:49
HxFUlaWxvxo,https://www.youtube.com/watch?v=HxFUlaWxvxo,uc7fjlnge2czyi2lppje9hxw,써니네,"버리지 마세요, 옷장 정리 필수템입니다 #생활꿀팁 #살림꿀팁 #꿀팁",1619,0,2026-09-10T20:58:03.000270+00:00,2026-09-11T02:10:02.367900+00:00,2026-09-16T05:10:03.000270+00:00,홈템,썰쇼핑,0,2026-08-19 05:56:25
D7mGjvUwfI4,https://www.youtube.com/watch?v=D7mGjvUwfI4,ucynpgh7_qesow4pbljhmi2q,유머굿템,건강한 다이어트 음식중에 이것 추천하는 화사,1617,0,2026-08-31T09:58:02.569334+00:00,2026-09-08T11:10:24.676804+00:00,2026-09-14T05:10:02.569334+00:00,기타,썰쇼핑,17500,2026-09-09 07:08:49
J1bpfDV7F4k,https://www.youtube.com/watch?v=J1bpfDV7F4k,uco5envmkrcuynv6jubsd_7g,긍정템,뜬금없는 남편 플러팅,1615,1,2026-09-08T09:58:02.319689+00:00,2026-09-08T10:27:51.412064+00:00,2026-09-11T23:10:02.319689+00:00,제품정체형,썰쇼핑,3660,2026-09-09 07:08:49
xE42HCjedT4,https://www.youtube.com/watch?v=xE42HCjedT4,ucrocrwdkppy1we0hubv9drw,홈꾸미,한국 천재가 돈방석 앉아버린 제품,1614,1,2026-09-03T14:22:02.319689+00:00,2026-09-04T23:10:02.346310+00:00,2026-09-11T23:10:02.319689+00:00,제품정체형,썰쇼핑,15600,2026-09-09 07:08:49
d1sLpAfLIJs,https://www.youtube.com/watch?v=d1sLpAfLIJs,ucmlj9igwl-abyr83b7upqda,이슈 리뷰어,(ASMR소곤소곤 썰) 친구가 나를 따라한다 ? 함정을 만든 사이다 썰 웃긴이야기,1613,0,2026-09-09T08:58:03.000270+00:00,2026-09-09T23:10:01.358608+00:00,2026-09-16T05:10:03.000270+00:00,기타,썰쇼핑,0,2026-08-19 05:56:25
9sUoGKBb2Fk,https://www.youtube.com/watch?v=9sUoGKBb2Fk,ucftoksv4zeitypvhoilopjg,우리살림,자국없는 초강력 양면테이프 추천,1607,0,2026-09-15T08:40:03.000270+00:00,2026-09-15T23:10:03.157352+00:00,2026-09-16T05:10:03.000270+00:00,홈템,썰쇼핑,0,2026-08-19 05:56:25
pqYs5TJPi6s,https://www.youtube.com/watch?v=pqYs5TJPi6s,uctvonxoqv3-ntqka3lhafnq,담아,다이소에도 없는 장보기 필수템,1607,1,2026-08-30T22:58:02.819135+00:00,2026-09-04T23:10:02.346310+00:00,2026-09-13T05:10:02.819135+00:00,홈템,썰쇼핑,187,2026-09-09 07:08:49
e8Hauxdn9nc,https://www.youtube.com/watch?v=e8Hauxdn9nc,uc9xfth7mqhbdlju9qzpxiha,쿨냥냥,지민엄마 치매사연,1605,1,2026-09-16T02:34:03.000270+00:00,2026-09-16T05:10:03.000270+00:00,2026-09-16T05:10:03.000270+00:00,기타,썰쇼핑,5630,2026-09-09 07:08:49
rtZ6l0Unlwk,https://www.youtube.com/watch?v=rtZ6l0Unlwk,uc5-un3i3gbzmsce0wofciyq,꽈리 원픽,스페인 셰프가 만들어 떼돈 번 제품의 정체,1605,1,2026-08-22T23:58:01.374377+00:00,2026-09-04T23:10:02.346310+00:00,2026-09-05T23:10:01.374377+00:00,제품정체형,썰쇼핑,10100,2026-09-09 07:08:49
56kubi6N4Ec,https://www.youtube.com/watch?v=56kubi6N4Ec,ucipqot8sknih3msbu2b7ahw,트렌드헌터,핸드폰에서 각도의 한계를 없애버린 천재적인 아이디어,1602,2,2026-09-14T08:10:03.000270+00:00,2026-09-14T23:10:03.036703+00:00,2026-09-16T05:10:03.000270+00:00,제품정체형,썰쇼핑,1350,2026-09-14 07:04:05
jxWHVvcqqa0,https://www.youtube.com/watch?v=jxWHVvcqqa0,ucknyotic61bk0usui1ixavg,으니픽,공기까지 빨아먹어버리는 바로 그 제품? #주방용품,1602,1,2026-09-01T11:22:02.238212+00:00,2026-09-04T23:10:02.346310+00:00,2026-09-15T05:10:02.238212+00:00,홈템,썰쇼핑,1300,2026-09-09 07:08:49
vtsjXAOd2HY,https://www.youtube.com/watch?v=vtsjXAOd2HY,uc5gvjoaf9cwonmlvji_bfmq,이거하나,아이디어가 미쳤다는 형광펜,1597,0,2026-09-14T09:28:03.000270+00:00,2026-09-14T23:10:03.036703+00:00,2026-09-16T05:10:03.000270+00:00,기타,썰쇼핑,1270,2026-09-14 07:04:05
mW9nQBUuvCI,https://www.youtube.com/watch?v=mW9nQBUuvCI,ucknyotic61bk0usui1ixavg,으니픽,아무도 예상아지 못한 따봉의 정체 #생활용품,1596,1,2026-09-14T10:58:03.000270+00:00,2026-09-14T23:10:03.036703+00:00,2026-09-16T05:10:03.000270+00:00,제품정체형,썰쇼핑,1300,2026-09-09 07:08:49
7qQacyLaqkU,https://www.youtube.com/watch?v=7qQacyLaqkU,ucw-vssbyj4pqqcvfzyqxp5q,쇼컷리뷰,"매번 각목이랑 철망으로 닭장 짜던 사람들, 이걸 왜 이제 알았냐고요",1595,1,2026-09-02T07:22:03.000270+00:00,2026-09-14T23:10:03.036703+00:00,2026-09-16T05:10:03.000270+00:00,장비템,썰쇼핑,605,2026-09-14 07:06:10
1ReGWTgz4ac,https://www.youtube.com/watch?v=1ReGWTgz4ac,uclshojkcjypr5ok5kaifc3q,고고살림,살림 천재의 실리콘 스티커 활용법,1594,1,2026-09-11T09:16:03.000270+00:00,2026-09-11T23:10:02.319689+00:00,2026-09-16T05:10:03.000270+00:00,홈템,썰쇼핑,1,2026-09-09 07:08:49
-4_ASIzycJY,https://www.youtube.com/watch?v=-4_ASIzycJY,ucmeifnqi1f99moxyzgcrp2q,발견상자,아무도 예상 못한 식단 천재의 발명품,1594,1,2026-09-01T04:40:03.036703+00:00,2026-09-08T12:30:44.178691+00:00,2026-09-14T23:10:03.036703+00:00,제품정체형,썰쇼핑,1080,2026-09-09 07:08:49
jFJUyxOSJ_E,https://www.youtube.com/watch?v=jFJUyxOSJ_E,ucxqe5br7t3dym4kfsmw_xcw,반디몰,꽉 닫힌 잼병·생수병 손 안 아프고 쉽게 여는 역대급 활용법 🫙 #만능오프너 #병뚜껑오프너 #잼병오프너 #주방꿀템 #살림꿀템 #살림팁 #자취꿀템 #주방용품추천 #꿀템추천,1592,0,2026-09-08T08:58:03.000270+00:00,2026-09-08T11:10:24.676804+00:00,2026-09-16T05:10:03.000270+00:00,홈템,썰쇼핑,1050,2026-09-09 07:08:49
Q7_vOnaTZT4,https://www.youtube.com/watch?v=Q7_vOnaTZT4,ucq2jfiz_likmrmv3dxckjhq,뭐야템,유럽소매치기도 잡게 한 이거!!!,1583,0,2026-09-01T15:58:02.238212+00:00,2026-09-08T11:10:24.676804+00:00,2026-09-15T05:10:02.238212+00:00,기타,썰쇼핑,12700,2026-09-09 07:08:49
Xe9qvunjm90,https://www.youtube.com/watch?v=Xe9qvunjm90,uc5ibeeh_ee8jv5lr9ikkbng,핑크수저,변기 청소 안하는데 변기가 항상 깨끗한 사람들의 비밀,1580,1,2026-09-07T01:58:03.000270+00:00,2026-09-08T12:30:44.178691+00:00,2026-09-16T05:10:03.000270+00:00,제품정체형,썰쇼핑,42,2026-09-09 07:08:49
v2E5fUzXz94,https://www.youtube.com/watch?v=v2E5fUzXz94,uckav5c_xgwtehpyk3i-zcfg,오늘꿀템,다이소도 탐내는 한국 천재의 발명품,1580,0,2026-09-01T08:28:02.238212+00:00,2026-09-04T23:10:02.346310+00:00,2026-09-15T05:10:02.238212+00:00,제품정체형,썰쇼핑,1380,2026-09-09 07:08:49
udqh6NW_rEs,https://www.youtube.com/watch?v=udqh6NW_rEs,ucacjyzv8sszopdmi_punhyw,느좋스냅,콧대높은 미국 마트 에서 한글 포장지에 집착하는 이유,1579,0,2026-09-10T21:58:03.000270+00:00,2026-09-11T02:10:02.367900+00:00,2026-09-16T05:10:03.000270+00:00,기타,썰쇼핑,42300,2026-09-09 07:08:49
VT-faCMx8fw,https://www.youtube.com/watch?v=VT-faCMx8fw,ucofzzqsp2bgezadzblfpi4q,헤븐쇼핑,세탁시장 씹어먹은 다이소 괴물템,1579,1,2026-09-04T12:16:03.000270+00:00,2026-09-08T11:10:24.676804+00:00,2026-09-16T05:10:03.000270+00:00,홈템,썰쇼핑,1020,2026-09-09 07:08:49
67WDShZG09s,https://www.youtube.com/watch?v=67WDShZG09s,ucidv5xotd-tom-6lqw3slnq,집꾸,로고 포장지를 무지로 바꾼 이유 #로고,1579,0,2026-08-29T10:58:02.660921+00:00,2026-09-08T11:10:24.676804+00:00,2026-09-12T05:10:02.660921+00:00,홈템,썰쇼핑,30200,2026-09-09 07:08:49
q_cc5_r-qSM,https://www.youtube.com/watch?v=q_cc5_r-qSM,uco3sju4c8apyrhk_dbo8udq,냥냥쿨범,제조사도 예상못한 천재주부의 활용법,1578,2,2026-09-10T11:16:03.000270+00:00,2026-09-11T02:10:02.367900+00:00,2026-09-16T05:10:03.000270+00:00,오용형,썰쇼핑,21500,2026-09-09 07:08:49
UJ_n1PIt7aY,https://www.youtube.com/watch?v=UJ_n1PIt7aY,ucgfkcrlj5kbiw01hdol2e6g,K파민,광화문에 가면 스트레스가 풀리는 진짜 이유,1578,0,2026-09-12T12:28:03.000270+00:00,2026-09-14T23:10:03.036703+00:00,2026-09-16T05:10:03.000270+00:00,기타,썰쇼핑,446,2026-09-14 07:04:05
lwAT-UbMEs8,https://www.youtube.com/watch?v=lwAT-UbMEs8,ucxeyhz8xitvlxhdduxy6zca,리뷰남 ,사무직들의 엉덩이를 구원한 천재적인 아이디어,1573,1,2026-09-08T12:22:03.000270+00:00,2026-09-08T12:30:44.178691+00:00,2026-09-16T05:10:03.000270+00:00,제품정체형,썰쇼핑,16100,2026-09-09 07:08:49
QWyBPPjpqWU,https://www.youtube.com/watch?v=QWyBPPjpqWU,ucz-slgdofm414lil2nz0qea,장바구니 털기,캠핑 짐에서 부피를 없애버린 미친 발명품,1572,1,2026-09-12T23:58:03.000270+00:00,2026-09-14T23:10:03.036703+00:00,2026-09-16T05:10:03.000270+00:00,제품정체형,썰쇼핑,1020,2026-09-14 07:04:05
xHvdM12NCD0,https://www.youtube.com/watch?v=xHvdM12NCD0,uct_k9uncg3axxb8ujj9f2_g,속닥마켓,코에 이거 꼈더니 인생 바뀜 ㄷㄷ 2년 반 걸린 실리콘의 정체,1572,0,2026-08-25T15:48:44.178691+00:00,2026-09-08T11:10:24.676804+00:00,2026-09-08T12:30:44.178691+00:00,제품정체형,썰쇼핑,82,2026-09-09 07:08:49
SfOVoXOo144,https://www.youtube.com/watch?v=SfOVoXOo144,uckkeqaxjmev8w7gd4h5kcaw,이상한철물점,요즘 캠핑 고수들이 차박 하는 법,1571,1,2026-09-15T14:52:03.000270+00:00,2026-09-15T23:10:03.157352+00:00,2026-09-16T05:10:03.000270+00:00,차량템,썰쇼핑,0,2026-08-19 05:56:25
P056WfVh16U,https://www.youtube.com/watch?v=P056WfVh16U,ucgeufnhdqws3ajiskctcjcq,포미픽,살림 초보 감탄한 역대급 제품 정체 ㄷㄷ,1570,1,2026-08-27T12:10:02.680133+00:00,2026-09-04T23:10:02.346310+00:00,2026-09-10T08:10:02.680133+00:00,제품정체형,썰쇼핑,3850,2026-09-09 07:08:49
p_B3y5sKRSg,https://www.youtube.com/watch?v=p_B3y5sKRSg,uckpphyi5ul6uw-axomcfmia,뽀터언니,요거트가 서비스인 프랑스도자기의 정체? 코스트코 핫템 라페르미에 요거트 🏺,1566,1,2026-08-27T11:34:02.680133+00:00,2026-09-04T23:10:02.346310+00:00,2026-09-10T08:10:02.680133+00:00,제품정체형,썰쇼핑,1350,2026-09-09 07:08:49
ZJB82kz-7hM,https://www.youtube.com/watch?v=ZJB82kz-7hM,uc5gvjoaf9cwonmlvji_bfmq,이거하나,또한번 사고쳐버린 다이소 ㄷㄷ,1565,0,2026-09-05T20:58:03.000270+00:00,2026-09-14T23:10:03.036703+00:00,2026-09-16T05:10:03.000270+00:00,홈템,썰쇼핑,1270,2026-09-14 07:04:05
6s-OlhF1pIg,https://www.youtube.com/watch?v=6s-OlhF1pIg,ucwgtmho0tsuedduon1fmgrw,순간의픽,이케아 나무상자 크나글리그 활용법 #필수템 #이케아 #크나글리그 #나무 #상자 #수납 #활용법 #화분 #아이디어 #감성 #셀프인테리어 #인테리어,1564,1,2026-09-09T01:34:03.000270+00:00,2026-09-09T04:37:54.503187+00:00,2026-09-16T05:10:03.000270+00:00,홈템,썰쇼핑,580,2026-09-09 07:08:49
DkfnKqYhxTk,https://www.youtube.com/watch?v=DkfnKqYhxTk,uc9xfth7mqhbdlju9qzpxiha,쿨냥냥,"손기술 세계대회, 알고 보니 한국이 19번 우승한 나라였다",1561,1,2026-09-07T04:40:03.000270+00:00,2026-09-08T12:30:44.178691+00:00,2026-09-16T05:10:03.000270+00:00,기타,썰쇼핑,5630,2026-09-09 07:08:49
FhIc2CmRAXs,https://www.youtube.com/watch?v=FhIc2CmRAXs,ucfixbi7x0-uwmanviy9f-jw,핫템 리뷰,주방의 골치거리를 단번에 해결한 발명품,1560,0,2026-09-03T11:40:03.000270+00:00,2026-09-14T23:10:03.036703+00:00,2026-09-16T05:10:03.000270+00:00,제품정체형,썰쇼핑,11,2026-09-14 07:04:05
Nui8TMoDn5w,https://www.youtube.com/watch?v=Nui8TMoDn5w,uc4iyryt1y1d5_cdjaocsk6q,설렘픽,물에 한 장 넣었더니 청소가 이렇게 쉬워졌어요!,1559,1,2026-09-07T05:28:03.000270+00:00,2026-09-07T23:10:02.851021+00:00,2026-09-16T05:10:03.000270+00:00,기타,썰쇼핑,2580,2026-09-09 07:08:49
x2-j-vZjZWo,https://www.youtube.com/watch?v=x2-j-vZjZWo,uc7rasihu7b9qtjd81ywoymq,아이템홈,007가방 없앤 한국천재의 발명품  #생활꿀템 #꿀템 #주방꿀템 #캠핑 #캠핑용품,1557,0,2026-09-11T04:28:03.000270+00:00,2026-09-11T05:10:02.666924+00:00,2026-09-16T05:10:03.000270+00:00,제품정체형,썰쇼핑,23800,2026-09-09 07:08:49
-s4bvsLPL1s,https://www.youtube.com/watch?v=-s4bvsLPL1s,uc6alxcfrxxxbrc3lzbx1gxg,꿀딜,가격 미친 아이폰18프로 ㄷㄷ,1557,0,2026-09-14T08:10:03.000270+00:00,2026-09-14T23:10:03.036703+00:00,2026-09-16T05:10:03.000270+00:00,기타,썰쇼핑,235,2026-09-14 07:20:43
ErbNrFO52X0,https://www.youtube.com/watch?v=ErbNrFO52X0,uckkeqaxjmev8w7gd4h5kcaw,이상한철물점,컵 하나로 라면부터 삶은 계란까지,1556,0,2026-08-31T11:04:02.569334+00:00,2026-09-04T23:10:02.346310+00:00,2026-09-14T05:10:02.569334+00:00,레시피,썰쇼핑,0,2026-08-19 05:56:25
gmKAQF8sFYw,https://www.youtube.com/watch?v=gmKAQF8sFYw,ucynpgh7_qesow4pbljhmi2q,유머굿템,운전할 때 자꾸 보게 된다는 톰과제리 방향제,1555,0,2026-09-07T21:58:03.000270+00:00,2026-09-08T11:10:24.676804+00:00,2026-09-16T05:10:03.000270+00:00,기타,썰쇼핑,17500,2026-09-09 07:08:49
xXQfA5iAkmA,https://www.youtube.com/watch?v=xXQfA5iAkmA,ucwxox_v20iouentjtsfvlsa,와우템픽,집에 오락실 차렸더니 아빠들이 난리 난 이유 #가정용오락실 #아리프5in1,1554,3,2026-09-06T09:28:03.000270+00:00,2026-09-14T23:10:03.036703+00:00,2026-09-16T05:10:03.000270+00:00,기타,썰쇼핑,1080,2026-09-14 07:04:05
JEe2xkvmHUs,https://www.youtube.com/watch?v=JEe2xkvmHUs,uch6fp7bvc_9bnnfulqfmasw,이거다시바,이케아도 예상 못한 신발장 활용법 #꿀템 #필수템 #이케아 #엘가네스 #신발장 #선반 #아이디어 #활용법 #살림 #수납 #감성 #셀프인테리어 #인테리어,1553,1,2026-09-14T00:10:03.000270+00:00,2026-09-14T05:10:02.569334+00:00,2026-09-16T05:10:03.000270+00:00,오용형,썰쇼핑,0,2026-08-19 05:56:25
Hqv5xppMblE,https://www.youtube.com/watch?v=Hqv5xppMblE,ucacjyzv8sszopdmi_punhyw,느좋스냅,마장동 고기장인들 제발 소문내지 말라는 비밀 #짧은영상 #각종유머 #소고기,1553,0,2026-09-09T21:58:03.000270+00:00,2026-09-09T23:10:01.358608+00:00,2026-09-16T05:10:03.000270+00:00,제품정체형,썰쇼핑,42300,2026-09-09 07:08:49
gJOSURCsPls,https://www.youtube.com/watch?v=gJOSURCsPls,uciyteuko_p950a7je7jpixa,루구나,명품향수회사도 놀란 미친 살아있는 향기템,1552,1,2026-09-04T22:58:03.000270+00:00,2026-09-04T23:10:02.346310+00:00,2026-09-16T05:10:03.000270+00:00,뷰티,썰쇼핑,19600,2026-09-09 07:08:49
BX-_I1jByOc,https://www.youtube.com/watch?v=BX-_I1jByOc,ucdvrwmwmqjhagagpphxzlda,살림라디오,다이소 수십 번 다니면서 이걸 왜 이제야 알았을까요? #쇼츠 #다이소 #살림꿀팁,1552,1,2026-09-13T08:58:03.000270+00:00,2026-09-13T23:10:02.300105+00:00,2026-09-16T05:10:03.000270+00:00,홈템,썰쇼핑,22,2026-09-09 07:08:49
2KOrNqZULHI,https://www.youtube.com/watch?v=2KOrNqZULHI,ucietyncdgcyuhiza5aaohfw,홈노트,다이소 품절대란 만능템,1550,1,2026-09-02T14:40:03.000270+00:00,2026-09-04T23:10:02.346310+00:00,2026-09-16T05:10:03.000270+00:00,홈템,썰쇼핑,965,2026-09-09 07:08:49
e5Gv22fvNPA,https://www.youtube.com/watch?v=e5Gv22fvNPA,uclh-_xmcx20mxd8jkqn9ama,템파라치,다이소에서 이거 안사면 주방공간 절반 버리는 중,1548,0,2026-09-07T11:16:03.000270+00:00,2026-09-07T23:10:02.851021+00:00,2026-09-16T05:10:03.000270+00:00,홈템,썰쇼핑,0,2026-08-19 05:56:25
WXKB13MWfXs,https://www.youtube.com/watch?v=WXKB13MWfXs,ucigtymqr64yuejp8swuysog,일단담자,미국 천재가 만들어 떼돈번 제품의 정체,1548,0,2026-09-05T12:46:03.000270+00:00,2026-09-14T23:10:03.036703+00:00,2026-09-16T05:10:03.000270+00:00,제품정체형,썰쇼핑,1240,2026-09-14 07:06:10
QtKD-6vXWT8,https://www.youtube.com/watch?v=QtKD-6vXWT8,ucyi0vstrxhmnxmz-slp9okg,썰렘톡톡1,돈방석에 앉게한 한국인의 발명품?,1548,0,2026-09-13T11:28:03.000270+00:00,2026-09-14T23:10:03.036703+00:00,2026-09-16T05:10:03.000270+00:00,제품정체형,썰쇼핑,2,2026-09-14 07:06:10
5KqAB7N8yCk,https://www.youtube.com/watch?v=5KqAB7N8yCk,ucjcbuxcvr7fojmnvzw3haua,상자쿤,딱 한 줄만 붙인다던 사람의 결말,1547,0,2026-09-14T09:46:03.000270+00:00,2026-09-14T23:10:03.036703+00:00,2026-09-16T05:10:03.000270+00:00,기타,썰쇼핑,5860,2026-09-09 07:08:49
dOdfPomAUsM,https://www.youtube.com/watch?v=dOdfPomAUsM,uc5-un3i3gbzmsce0wofciyq,꽈리 원픽,"이미숙의 꿀광 피부 비법, 3시간 붙인 콜라겐 마스크로 탱글탱글 젤리 피부 만들기",1542,0,2026-09-07T10:58:03.000270+00:00,2026-09-07T23:10:02.851021+00:00,2026-09-16T05:10:03.000270+00:00,기타,썰쇼핑,10100,2026-09-09 07:08:49
bLBRvqcvtQ0,https://www.youtube.com/watch?v=bLBRvqcvtQ0,uciyteuko_p950a7je7jpixa,루구나,BTS 지민도 놀란 뜻밖의 천연 향수템,1541,1,2026-09-11T22:58:03.000270+00:00,2026-09-11T23:10:02.319689+00:00,2026-09-16T05:10:03.000270+00:00,뷰티,썰쇼핑,19600,2026-09-09 07:08:49
t9UmxJSbSDM,https://www.youtube.com/watch?v=t9UmxJSbSDM,uc2olkq_zdkl1aiftvhuhf8a,손끝상점,제조사도 당황한 미친 제품 정체,1541,0,2026-09-03T02:58:03.000270+00:00,2026-09-04T23:10:02.346310+00:00,2026-09-16T05:10:03.000270+00:00,제품정체형,썰쇼핑,27,2026-09-14 07:04:05
TyraqQq-K_s,https://www.youtube.com/watch?v=TyraqQq-K_s,ucmeifnqi1f99moxyzgcrp2q,발견상자,품절 대란 과자가 아이스크림을 환생한 이유 #bdnews,1540,1,2026-09-04T02:46:03.000270+00:00,2026-09-08T12:30:44.178691+00:00,2026-09-16T05:10:03.000270+00:00,기타,썰쇼핑,1080,2026-09-09 07:08:49
jZl2sH9enHw,https://www.youtube.com/watch?v=jZl2sH9enHw,ucwxox_v20iouentjtsfvlsa,와우템픽,요즘 인스타에서 난리 난 그 키보드 실물 후기 #쇼츠 #viral #it,1539,2,2026-09-09T09:52:03.000270+00:00,2026-09-14T23:10:03.036703+00:00,2026-09-16T05:10:03.000270+00:00,기타,썰쇼핑,1080,2026-09-14 07:04:05
jpxoi14t1U8,https://www.youtube.com/watch?v=jpxoi14t1U8,ucjlxkqrjd0pecwp1xkuvoeq,꿀템첵첵,"부모님 낙상 사고, 큰일 나기 전에 미리 준비하세요",1539,0,2026-08-29T02:58:02.319689+00:00,2026-09-04T23:10:02.346310+00:00,2026-09-11T23:10:02.319689+00:00,기타,썰쇼핑,27200,2026-09-09 07:08:49
kYUclakfyYk,https://www.youtube.com/watch?v=kYUclakfyYk,ucdzguqgjnb3fd6jgxvn-obq,오리핫템,흰 신발 오염 끝! 200% 활용법 공개 👟✨,1538,0,2026-08-28T01:04:02.680133+00:00,2026-09-08T11:10:24.676804+00:00,2026-09-10T08:10:02.680133+00:00,기타,썰쇼핑,19900,2026-09-09 07:08:49
CXHbvxBUYZk,https://www.youtube.com/watch?v=CXHbvxBUYZk,ucjdpxmriuriao_4wg9-lxfa,살림픽,다이소 보이면 무조건 쟁이세요! 청소업체도 쓴다는 주방 상판 품절 대란템 (살림고수 추천),1538,1,2026-08-27T22:16:02.680133+00:00,2026-09-08T11:10:24.676804+00:00,2026-09-10T08:10:02.680133+00:00,홈템,썰쇼핑,971,2026-09-09 07:08:49
aV1Cx4Jj4oc,https://www.youtube.com/watch?v=aV1Cx4Jj4oc,uct_k9uncg3axxb8ujj9f2_g,속닥마켓,다이어트 도우미인 줄 알았더니 완전 도둑놈이 따로 없네.,1537,0,2026-08-27T04:46:01.358608+00:00,2026-09-08T11:10:24.676804+00:00,2026-09-09T23:10:01.358608+00:00,기타,썰쇼핑,82,2026-09-09 07:08:49
xCoKIg0q6hg,https://www.youtube.com/watch?v=xCoKIg0q6hg,uckpphyi5ul6uw-axomcfmia,뽀터언니,게으름에서 시작 된 천재의 발명품!SNS에서 대박 난 잉크 없는 무선 라벨 프린터🏷️,1536,1,2026-08-23T08:28:01.374377+00:00,2026-09-04T23:10:02.346310+00:00,2026-09-05T23:10:01.374377+00:00,제품정체형,썰쇼핑,1350,2026-09-09 07:08:49
9PH6qkQbnKY,https://www.youtube.com/watch?v=9PH6qkQbnKY,ucxirsjqetzz4ml6lc-uu5tq,이런호기심,물에 닿자마자 미친 듯이 파닥거림 ㄷㄷ 죽은 물고기도 살려내는 낚시 사기템,1534,1,2026-09-12T21:58:03.000270+00:00,2026-09-14T23:10:03.036703+00:00,2026-09-16T05:10:03.000270+00:00,기타,썰쇼핑,14400,2026-09-14 07:04:05
APxBguEfXbc,https://www.youtube.com/watch?v=APxBguEfXbc,ucavc4gijcbwk1vj2acjvjvw,도잇도잇,10년 피운 담배 단번에 끊게 만든 비결,1532,0,2026-09-02T02:58:03.157352+00:00,2026-09-14T23:10:03.036703+00:00,2026-09-15T23:10:03.157352+00:00,기타,썰쇼핑,1250,2026-09-14 07:04:05
1GjtEGHfgz0,https://www.youtube.com/watch?v=1GjtEGHfgz0,ucksqwbppwreyk9sxnodup7w,꿀템튜브,또 한 번 사고 쳐버려서 논란이라는 카시오 근황,1530,3,2026-08-26T02:00:44.178691+00:00,2026-09-08T11:10:24.676804+00:00,2026-09-08T12:30:44.178691+00:00,기타,썰쇼핑,70,2026-09-09 07:08:49
Zolzfz-bzUU,https://www.youtube.com/watch?v=Zolzfz-bzUU,ucury26mdc8dmmsffuwlhzda,1분쇼핑,손톱으로 각목 써는 사람만 손해 보는 이유,1529,1,2026-09-05T21:58:03.000270+00:00,2026-09-14T23:10:03.036703+00:00,2026-09-16T05:10:03.000270+00:00,기타,썰쇼핑,32,2026-09-14 07:04:05
qovJ13dB_tc,https://www.youtube.com/watch?v=qovJ13dB_tc,ucz-slgdofm414lil2nz0qea,장바구니 털기,디저트 카페에 난리난 명품가방의 정체,1528,1,2026-09-09T21:58:03.000270+00:00,2026-09-14T23:10:03.036703+00:00,2026-09-16T05:10:03.000270+00:00,제품정체형,썰쇼핑,1020,2026-09-14 07:04:05
ZrdfwnCBVQE,https://www.youtube.com/watch?v=ZrdfwnCBVQE,uctitdnbvhe3k4eufjury8qg,꿀템연구소,이케아 욕실 꿀템,1524,1,2026-09-07T08:58:03.000270+00:00,2026-09-07T23:10:02.851021+00:00,2026-09-16T05:10:03.000270+00:00,홈템,썰쇼핑,10400,2026-09-09 07:08:49
VVymk3US--c,https://www.youtube.com/watch?v=VVymk3US--c,ucidv5xotd-tom-6lqw3slnq,집꾸,생수병 하나로 세차가 된다고,1524,0,2026-09-01T10:58:02.819135+00:00,2026-09-08T11:10:24.676804+00:00,2026-09-13T05:10:02.819135+00:00,홈템,썰쇼핑,30200,2026-09-09 07:08:49
7IRQbmM3kBE,https://www.youtube.com/watch?v=7IRQbmM3kBE,uc7fjlnge2czyi2lppje9hxw,써니네,살림 좀 한다는 사람들이 쓰는 이유 #살림꿀팁 #꿀템 #생활꿀팁,1520,2,2026-09-09T20:58:03.000270+00:00,2026-09-09T23:10:01.358608+00:00,2026-09-16T05:10:03.000270+00:00,홈템,썰쇼핑,0,2026-08-19 05:56:25
zC0IRTotHkU,https://www.youtube.com/watch?v=zC0IRTotHkU,ucsotpmxx1xe3kwezomrwkxa,리뷰꿀템,송강 전역 후 11kg 뺀 기상 루틴,1514,1,2026-08-31T06:28:02.569334+00:00,2026-09-08T12:30:44.178691+00:00,2026-09-14T05:10:02.569334+00:00,기타,썰쇼핑,353,2026-09-09 07:08:49
jHOu7w85jVs,https://www.youtube.com/watch?v=jHOu7w85jVs,uc5ibeeh_ee8jv5lr9ikkbng,핑크수저,황당한 클리너 사용으로 주목받은 주부의 비밀,1514,1,2026-08-26T02:00:44.178691+00:00,2026-09-08T12:30:44.178691+00:00,2026-09-08T12:30:44.178691+00:00,제품정체형,썰쇼핑,42,2026-09-09 07:08:49
rMOHqphzW_M,https://www.youtube.com/watch?v=rMOHqphzW_M,ucmssyyqvltkjobcgqdrzmuw,내일 쇼핑,명절선물이 당근마켓에 쏟아지는 진짜 이유? #명절선물 #추석선물 #선물,1513,7,2026-09-03T07:58:03.000270+00:00,2026-09-04T23:10:02.346310+00:00,2026-09-16T05:10:03.000270+00:00,기타,썰쇼핑,1880,2026-09-09 07:08:49
8BmQVdtgHJg,https://www.youtube.com/watch?v=8BmQVdtgHJg,ucfixbi7x0-uwmanviy9f-jw,핫템 리뷰,남자의 자존심을 세우는 치트키,1513,0,2026-09-15T12:16:03.000270+00:00,2026-09-15T23:10:03.157352+00:00,2026-09-16T05:10:03.000270+00:00,기타,썰쇼핑,11,2026-09-14 07:04:05
AtNIARZNhl8,https://www.youtube.com/watch?v=AtNIARZNhl8,uc3afdr5jbqxyqrnxarzywsg,elumiaa,"빨간 기름 묻은 반찬통, 아직도 힘줘서 닦으세요?",1512,0,2026-09-09T00:16:03.000270+00:00,2026-09-09T04:37:54.503187+00:00,2026-09-16T05:10:03.000270+00:00,레시피,썰쇼핑,158,2026-09-09 07:08:49
FfQ23PUWA-U,https://www.youtube.com/watch?v=FfQ23PUWA-U,ucw5k_x62_is3ccatyi8_pkg,이거뭐야,식단러들 오열시킨 샐러드 텀블러 #꿀템,1512,0,2026-08-27T09:58:02.680133+00:00,2026-09-08T11:10:24.676804+00:00,2026-09-10T08:10:02.680133+00:00,홈템,썰쇼핑,10700,2026-09-09 07:08:49
BXkHgDbd8VI,https://www.youtube.com/watch?v=BXkHgDbd8VI,uc_zfdnlzdtdvq8o_7bvtucq,사아말아,음향덕후들 눈물나는 스피커 정체,1510,2,2026-09-08T09:28:03.000270+00:00,2026-09-14T23:10:03.036703+00:00,2026-09-16T05:10:03.000270+00:00,제품정체형,썰쇼핑,1070,2026-09-14 07:04:05
D9MCWZsHx2E,https://www.youtube.com/watch?v=D9MCWZsHx2E,uckav5c_xgwtehpyk3i-zcfg,오늘꿀템,다이소 이케아 어딜가나 있는 제품 활용법,1509,0,2026-09-08T08:28:03.000270+00:00,2026-09-08T10:27:51.412064+00:00,2026-09-16T05:10:03.000270+00:00,제품정체형,썰쇼핑,1380,2026-09-09 07:08:49
vRiKIjxjOvQ,https://www.youtube.com/watch?v=vRiKIjxjOvQ,uct_k9uncg3axxb8ujj9f2_g,속닥마켓,70만원짜리 AI 안경 하나로 수능 만점? 고사장 역대급 비상 걸린 이유,1509,0,2026-08-27T16:10:02.680133+00:00,2026-09-08T11:10:24.676804+00:00,2026-09-10T08:10:02.680133+00:00,기타,썰쇼핑,82,2026-09-09 07:08:49
jMUFjOq-zrs,https://www.youtube.com/watch?v=jMUFjOq-zrs,ucofzzqsp2bgezadzblfpi4q,헤븐쇼핑,보증금에 개빡친 천재주부의 활용법 TOP4,1508,1,2026-08-29T13:58:02.660921+00:00,2026-09-08T11:10:24.676804+00:00,2026-09-12T05:10:02.660921+00:00,제품정체형,썰쇼핑,1020,2026-09-09 07:08:49
sfVYF7iu9d4,https://www.youtube.com/watch?v=sfVYF7iu9d4,ucyi0vstrxhmnxmz-slp9okg,썰렘톡톡1,한국천재가 돈방석에 앉게 된 이유,1506,0,2026-09-14T11:34:03.000270+00:00,2026-09-14T23:10:03.036703+00:00,2026-09-16T05:10:03.000270+00:00,제품정체형,썰쇼핑,2,2026-09-14 07:06:10
o8IOcAal898,https://www.youtube.com/watch?v=o8IOcAal898,ucapo3ngjjmjssseardb1bpw,샤샤홈,영국 천재가 만들어서 떼돈 번 제품의 정체,1505,0,2026-08-31T03:58:02.300105+00:00,2026-09-08T12:30:44.178691+00:00,2026-09-13T23:10:02.300105+00:00,제품정체형,썰쇼핑,961,2026-09-09 07:08:49
hN2MkATuMnE,https://www.youtube.com/watch?v=hN2MkATuMnE,uc59ltli8hmrkc1xbgfyutoa,대박살림,한국 천재가 만들어 떼돈번 소파의 정체,1504,0,2026-09-14T21:58:03.000270+00:00,2026-09-14T23:10:03.036703+00:00,2026-09-16T05:10:03.000270+00:00,제품정체형,썰쇼핑,20600,2026-09-09 07:08:49
Vt9f-Dz8RF0,https://www.youtube.com/watch?v=Vt9f-Dz8RF0,uclmlddtl8vprxs4fmpfa8bw,@쿠템헌터3,싱크대 막힘 이렇게 하면 한방에 뚫립니다,1504,0,2026-08-27T10:58:02.680133+00:00,2026-09-04T23:10:02.346310+00:00,2026-09-10T08:10:02.680133+00:00,기타,썰쇼핑,164000,2026-09-09 07:08:49
aXL8QrUK7zA,https://www.youtube.com/watch?v=aXL8QrUK7zA,ucsbp41obff8fsjgcvxut6ga,또왔소,남편이 와이프한테 맨날 욕먹는 이유,1503,0,2026-08-30T09:58:02.819135+00:00,2026-09-04T23:10:02.346310+00:00,2026-09-13T05:10:02.819135+00:00,기타,썰쇼핑,10700,2026-09-09 07:08:49
RPlO0xj28Zw,https://www.youtube.com/watch?v=RPlO0xj28Zw,uclmlddtl8vprxs4fmpfa8bw,@쿠템헌터3,1초만에 착용이 가능한 주부들의 살림필수템,1498,0,2026-09-02T10:58:03.000270+00:00,2026-09-04T23:10:02.346310+00:00,2026-09-16T05:10:03.000270+00:00,홈템,썰쇼핑,164000,2026-09-09 07:08:49
KO0f9kM9Xi4,https://www.youtube.com/watch?v=KO0f9kM9Xi4,ucejfwa2iezjwpd6ry2kq0xa,집좋아,청소업체도 깜짝놀란 가루의 정체,1498,1,2026-09-02T10:46:03.000270+00:00,2026-09-04T23:10:02.346310+00:00,2026-09-16T05:10:03.000270+00:00,제품정체형,썰쇼핑,8360,2026-09-09 07:08:49
Ut6dlPhfSAw,https://www.youtube.com/watch?v=Ut6dlPhfSAw,uctmchwo4yehl0exsqp_apog,생활꿀템추천샵,장모님 옛날 방식 보고 바로 사드린 1만 원대 만능 다지기 #무선다지기 #마늘다지기 #주방꿀템,1494,1,2026-09-02T09:58:03.000270+00:00,2026-09-08T10:27:51.412064+00:00,2026-09-16T05:10:03.000270+00:00,홈템,썰쇼핑,6830,2026-09-09 07:08:49
y-vK9SsSUmE,https://www.youtube.com/watch?v=y-vK9SsSUmE,ucwx424nckxuyae44qqqltca,쇼핑하는 김반장,"해외서 난리 난 미친 풀, 딱풀은 이제 손절",1494,0,2026-09-07T10:58:03.000270+00:00,2026-09-14T23:10:03.036703+00:00,2026-09-16T05:10:03.000270+00:00,기타,썰쇼핑,641,2026-09-14 07:04:05
Hk_6c00wxYs,https://www.youtube.com/watch?v=Hk_6c00wxYs,ucmy_dsulpkwmomilddbp_8q,그럴줄알았지 : 세상 사는 이야기,폼롤러 버리게 만든 1석 3조 힐링 가구💛,1493,3,2026-08-26T13:10:02.542305+00:00,2026-09-08T11:10:24.676804+00:00,2026-09-09T05:10:02.542305+00:00,기타,썰쇼핑,6960,2026-09-09 07:08:49
C3X2fPV8SaI,https://www.youtube.com/watch?v=C3X2fPV8SaI,ucmlj9igwl-abyr83b7upqda,이슈 리뷰어,[ASMR_소곤소곤 썰] 싸인펜 때문에... 충격 썰,1492,1,2026-09-02T08:58:03.000270+00:00,2026-09-04T23:10:02.346310+00:00,2026-09-16T05:10:03.000270+00:00,기타,썰쇼핑,0,2026-08-19 05:56:25
TlEtTOzG4ws,https://www.youtube.com/watch?v=TlEtTOzG4ws,uc5ibeeh_ee8jv5lr9ikkbng,핑크수저,화장실 공사비 100만원 절약한 제품의 정체,1492,1,2026-09-13T02:46:03.000270+00:00,2026-09-13T05:10:02.819135+00:00,2026-09-16T05:10:03.000270+00:00,뷰티,썰쇼핑,42,2026-09-09 07:08:49
nXtkL2_JfUM,https://www.youtube.com/watch?v=nXtkL2_JfUM,ucuqlpkmvlvup_zybdejc0fw,꿀템통,🔥기막힌 활용법으로 난리났어요! 다이소에서 이거 보이면 무조건 사세요! ✨#다이소 #다이소추천템 #쿠팡추천템 #쿠팡 #쿠팡꿀템 #다이소꿀템 #살림꿀템 #살림꿀팁,1490,1,2026-08-24T00:16:01.282766+00:00,2026-09-04T23:10:02.346310+00:00,2026-09-06T23:10:01.282766+00:00,홈템,썰쇼핑,0,2026-08-19 05:56:25
xqH05T9nG5Q,https://www.youtube.com/watch?v=xqH05T9nG5Q,uczsqdvebdhbskc3vnvwwbkg,살림치트키,세탁 업계를 뒤집은 미국 천재의 발명품,1488,3,2026-09-08T21:10:03.000270+00:00,2026-09-08T23:10:01.332600+00:00,2026-09-16T05:10:03.000270+00:00,제품정체형,썰쇼핑,193,2026-09-14 07:04:05
4B-yJ9TxCsA,https://www.youtube.com/watch?v=4B-yJ9TxCsA,uc7fjlnge2czyi2lppje9hxw,써니네,이거 실화? 12분 만에 탄수화물 쏙 뺀 저당 밥 완성 #살림템 #꿀팁 #건강식단,1486,1,2026-08-23T10:28:01.374377+00:00,2026-09-04T23:10:02.346310+00:00,2026-09-05T23:10:01.374377+00:00,홈템,썰쇼핑,0,2026-08-19 05:56:25
1LOKf9Kha_0,https://www.youtube.com/watch?v=1LOKf9Kha_0,ucxirsjqetzz4ml6lc-uu5tq,이런호기심,멀쩡한 선인장에 불을 지르는 이유? 소들이 환장하는 사막 뷔페의 비밀 🌵🔥,1484,1,2026-09-13T13:58:03.000270+00:00,2026-09-14T23:10:03.036703+00:00,2026-09-16T05:10:03.000270+00:00,제품정체형,썰쇼핑,14400,2026-09-14 07:04:05
6bTB-otgekE,https://www.youtube.com/watch?v=6bTB-otgekE,uc-eolknnfvatrgueslppaow,필수 픽!,페인트 롤로 당장 버리세요 #쿠팡꿀템 #생활추천템 #다이소꿀템,1482,2,2026-08-29T10:46:02.660921+00:00,2026-09-04T23:10:02.346310+00:00,2026-09-12T05:10:02.660921+00:00,홈템,썰쇼핑,13200,2026-09-09 02:35:38
BfkIi11JCG8,https://www.youtube.com/watch?v=BfkIi11JCG8,uc-eolknnfvatrgueslppaow,필수 픽!,베란다 창문 청소에 목숨걸지 마세요 #쿠팡꿀템 #생활추천템 #다이소꿀템,1481,2,2026-08-27T10:46:02.680133+00:00,2026-09-04T23:10:02.346310+00:00,2026-09-10T08:10:02.680133+00:00,홈템,썰쇼핑,13200,2026-09-09 02:35:38
JiAoYxaVDvo,https://www.youtube.com/watch?v=JiAoYxaVDvo,uct_k9uncg3axxb8ujj9f2_g,속닥마켓,커튼에 달라고 만든 건데... 가방 주인들이 싹 쓸어간 충격 이유,1477,1,2026-09-06T06:34:03.000270+00:00,2026-09-08T11:10:24.676804+00:00,2026-09-16T05:10:03.000270+00:00,기타,썰쇼핑,82,2026-09-09 07:08:49
PJVunJSuqZU,https://www.youtube.com/watch?v=PJVunJSuqZU,ucdrpxmsqn83qromdpq0ai6q,톡템,3만 원 장난감인 줄 알았는데 결과물 충격 반전,1476,1,2026-09-05T10:16:03.000270+00:00,2026-09-14T23:10:03.036703+00:00,2026-09-16T05:10:03.000270+00:00,제품정체형,썰쇼핑,1090,2026-09-14 07:20:43
ROxrn3xWdkQ,https://www.youtube.com/watch?v=ROxrn3xWdkQ,ucgttnudyop52of_zrxv--aw,리빙픽템,한 통의 메일이 공장을 돌려버렸다국내 기업의 미친 광기 #와이업 #착한기업 #유모차 #선한영향력 #기업미담,1475,1,2026-08-28T09:04:02.666924+00:00,2026-09-04T23:10:02.346310+00:00,2026-09-11T05:10:02.666924+00:00,제품정체형,썰쇼핑,6760,2026-09-09 07:08:49
gJWeUMOF5e0,https://www.youtube.com/watch?v=gJWeUMOF5e0,uctvonxoqv3-ntqka3lhafnq,담아,다이소에도 없는 30만원 아낀 비결,1474,1,2026-08-28T22:58:02.666924+00:00,2026-09-04T23:10:02.346310+00:00,2026-09-11T05:10:02.666924+00:00,홈템,썰쇼핑,187,2026-09-09 07:08:49
3Qqr3Cqtdws,https://www.youtube.com/watch?v=3Qqr3Cqtdws,uc5-un3i3gbzmsce0wofciyq,꽈리 원픽,안정환도 반한 헤어스타일 꾸민 듯 안 꾸민 듯 휴대용 필수템#이혜원#휴대용고데기#무선미니고데기,1472,0,2026-09-08T11:10:03.000270+00:00,2026-09-08T11:10:24.676804+00:00,2026-09-16T05:10:03.000270+00:00,기타,썰쇼핑,10100,2026-09-09 07:08:49
hoCu8QLz0d0,https://www.youtube.com/watch?v=hoCu8QLz0d0,uco3sju4c8apyrhk_dbo8udq,냥냥쿨범,면봉의 단점을 삭제한 미친제품의 정체,1470,1,2026-09-08T11:16:03.000270+00:00,2026-09-08T12:30:44.178691+00:00,2026-09-16T05:10:03.000270+00:00,제품정체형,썰쇼핑,21500,2026-09-09 07:08:49
REIDy9hTKRU,https://www.youtube.com/watch?v=REIDy9hTKRU,ucury26mdc8dmmsffuwlhzda,1분쇼핑,계란 하나 굽자고 큰 팬 꺼내는 사람만 손해 보는 이유,1469,1,2026-09-10T23:46:03.000270+00:00,2026-09-14T23:10:03.036703+00:00,2026-09-16T05:10:03.000270+00:00,레시피,썰쇼핑,32,2026-09-14 07:04:05
DfxEiRIhLOo,https://www.youtube.com/watch?v=DfxEiRIhLOo,uctvonxoqv3-ntqka3lhafnq,담아,차량용품 중 제일 잘 산 것,1469,1,2026-09-01T22:58:02.238212+00:00,2026-09-04T23:10:02.346310+00:00,2026-09-15T05:10:02.238212+00:00,차량템,썰쇼핑,187,2026-09-09 07:08:49
GggPB3zbEn0,https://www.youtube.com/watch?v=GggPB3zbEn0,uct_k9uncg3axxb8ujj9f2_g,속닥마켓,수리 기사들이 절대 안 알려주는 마모된 나사 3초 탈출법,1468,0,2026-09-08T15:34:03.000270+00:00,2026-09-09T04:37:54.503187+00:00,2026-09-16T05:10:03.000270+00:00,기타,썰쇼핑,82,2026-09-09 07:08:49
Ki2rZBP_6_w,https://www.youtube.com/watch?v=Ki2rZBP_6_w,uczsqdvebdhbskc3vnvwwbkg,살림치트키,한국 천재가 만들어 떼돈 번 제품의 정체,1467,1,2026-09-01T22:34:02.238212+00:00,2026-09-04T23:10:02.346310+00:00,2026-09-15T05:10:02.238212+00:00,제품정체형,썰쇼핑,193,2026-09-14 07:04:05
PAwhuJt5N4Y,https://www.youtube.com/watch?v=PAwhuJt5N4Y,ucu-hzvlc1tvab1lrp0cejtg,속으로만,아사미 상이 일본오면 무조건 쟁여가라고 한 아이템,1466,0,2026-09-02T21:40:03.000270+00:00,2026-09-13T05:10:02.819135+00:00,2026-09-16T05:10:03.000270+00:00,기타,썰쇼핑,0,2026-08-19 05:56:25
WyY8sLlo5DA,https://www.youtube.com/watch?v=WyY8sLlo5DA,uc_zfdnlzdtdvq8o_7bvtucq,사아말아,세계 일등 공구회사가 이어폰을 만든 이유,1465,0,2026-09-09T09:28:03.000270+00:00,2026-09-14T23:10:03.036703+00:00,2026-09-16T05:10:03.000270+00:00,장비템,썰쇼핑,1070,2026-09-14 07:04:05
Xf8bVQVUSVk,https://www.youtube.com/watch?v=Xf8bVQVUSVk,ucgttnudyop52of_zrxv--aw,리빙픽템,벌초판 뒤집어버린 미친바람 #벌초 #벌초용품 #송풍기 #추석벌초 #세차용품,1464,1,2026-09-10T09:04:03.000270+00:00,2026-09-11T02:10:02.367900+00:00,2026-09-16T05:10:03.000270+00:00,제품정체형,썰쇼핑,6760,2026-09-09 07:08:49
o5uJ3rRekcY,https://www.youtube.com/watch?v=o5uJ3rRekcY,ucidv5xotd-tom-6lqw3slnq,집꾸,셀프 나노코팅제 주방 욕실 싱크대#나노코팅,1464,0,2026-08-31T10:58:02.819135+00:00,2026-09-08T11:10:24.676804+00:00,2026-09-13T05:10:02.819135+00:00,차량템,썰쇼핑,30200,2026-09-09 07:08:49
rQSYT5i8fdE,https://www.youtube.com/watch?v=rQSYT5i8fdE,uct_k9uncg3axxb8ujj9f2_g,속닥마켓,국가 비축 자산까지 털어간 190억 메이플 쿠키의 정체는?,1464,3,2026-08-30T10:16:02.819135+00:00,2026-09-08T11:10:24.676804+00:00,2026-09-13T05:10:02.819135+00:00,기타,썰쇼핑,82,2026-09-09 07:08:49
KaMsaN9d8rk,https://www.youtube.com/watch?v=KaMsaN9d8rk,ucwomfgpbfxbehvdxb9j7rsa,살림템바이,100만명이 바로 저장한 이케아 선반 활용법 |집꾸미기|이케아추천템,1462,0,2026-09-10T08:58:03.000270+00:00,2026-09-11T02:10:02.367900+00:00,2026-09-16T05:10:03.000270+00:00,홈템,썰쇼핑,1090,2026-09-09 07:08:49
kQcvpSnDPmk,https://www.youtube.com/watch?v=kQcvpSnDPmk,uc4gpegusm1huqjwho9og8fa,와그라노TV,밥 걸고 붙은 부부 남편이 먼저 빌었다.,1461,2,2026-09-07T09:28:03.000270+00:00,2026-09-07T23:10:02.851021+00:00,2026-09-16T05:10:03.000270+00:00,기타,썰쇼핑,0,2026-08-19 05:56:25
q7k50N1YrDI,https://www.youtube.com/watch?v=q7k50N1YrDI,ucynpgh7_qesow4pbljhmi2q,유머굿템,다이어트 하는 사람이 더 찾게 된다는 전설의 간식,1461,0,2026-08-29T09:58:02.660921+00:00,2026-09-08T11:10:24.676804+00:00,2026-09-12T05:10:02.660921+00:00,기타,썰쇼핑,17500,2026-09-09 07:08:49
6ufzMPfqwUo,https://www.youtube.com/watch?v=6ufzMPfqwUo,ucbpaopjknymyrihzwt5c_mg,리빙플립,남편 뱃살 7kg삭제시킨 간식,1461,2,2026-08-27T10:46:02.680133+00:00,2026-09-04T23:10:02.346310+00:00,2026-09-10T08:10:02.680133+00:00,기타,썰쇼핑,13100,2026-09-09 07:08:49
JseYZHGttpk,https://www.youtube.com/watch?v=JseYZHGttpk,uc5ibeeh_ee8jv5lr9ikkbng,핑크수저,미국에서 바이럴 터져 떡상 중인 제품 정체,1459,1,2026-08-27T01:58:01.358608+00:00,2026-09-08T12:30:44.178691+00:00,2026-09-09T23:10:01.358608+00:00,제품정체형,썰쇼핑,42,2026-09-09 07:08:49
LsqkdR98N6s,https://www.youtube.com/watch?v=LsqkdR98N6s,ucsbp41obff8fsjgcvxut6ga,또왔소,보기만해도 어지러운 모래 위 덤블링 도전 #재밌는영상,1458,1,2026-09-08T23:46:03.000270+00:00,2026-09-09T04:37:54.503187+00:00,2026-09-16T05:10:03.000270+00:00,기타,썰쇼핑,10700,2026-09-09 07:08:49
XfhCPHmyM5U,https://www.youtube.com/watch?v=XfhCPHmyM5U,ucbpaopjknymyrihzwt5c_mg,리빙플립,남편 시키지 마세요! 5분 컷 셀프 타일 복원술,1457,0,2026-09-06T10:46:03.000270+00:00,2026-09-06T23:10:01.282766+00:00,2026-09-16T05:10:03.000270+00:00,홈템,썰쇼핑,13100,2026-09-09 07:08:49
CsWL29mdO-k,https://www.youtube.com/watch?v=CsWL29mdO-k,uclh-_xmcx20mxd8jkqn9ama,템파라치,오븐없이 뚝딱 카페급 망고 무스 케이크,1456,1,2026-09-06T00:34:03.000270+00:00,2026-09-06T23:10:01.282766+00:00,2026-09-16T05:10:03.000270+00:00,기타,썰쇼핑,0,2026-08-19 05:56:25
mbuTrEM-W30,https://www.youtube.com/watch?v=mbuTrEM-W30,ucftoksv4zeitypvhoilopjg,우리살림,다이소템으로 집안 날파리 벌레 싹 차단하는법,1455,0,2026-09-07T09:28:03.000270+00:00,2026-09-07T23:10:02.851021+00:00,2026-09-16T05:10:03.000270+00:00,홈템,썰쇼핑,0,2026-08-19 05:56:25
Qr4TARXfaEc,https://www.youtube.com/watch?v=Qr4TARXfaEc,ucjiyb-pm9ltdsk4a4yw7oia,마미마루,방 가구가 달랑 하나라고?,1453,0,2026-08-26T01:00:44.178691+00:00,2026-09-08T11:10:24.676804+00:00,2026-09-08T12:30:44.178691+00:00,기타,썰쇼핑,507,2026-09-09 07:08:49
KSSibg1nvbM,https://www.youtube.com/watch?v=KSSibg1nvbM,uclh-_xmcx20mxd8jkqn9ama,템파라치,잼도 버터도 필요 없는 홋카이도 인생 식빵 만들기 레시피,1451,1,2026-09-07T00:58:03.000270+00:00,2026-09-07T23:10:02.851021+00:00,2026-09-16T05:10:03.000270+00:00,레시피,썰쇼핑,0,2026-08-19 05:56:25
iYdlNBG55Do,https://www.youtube.com/watch?v=iYdlNBG55Do,ucxteg2lrkvxn8b7umce7qoq,딸기라떼,돈방석 앉은 천재의 아이디어 제품ㄷㄷ 청바지까지 박히는 원터치 핸드미싱기 휴대용 미니재봉틀 🧵#미니재봉틀 #핸드미싱기 #셀프수선 #옷수선 #꿀템추천,1450,1,2026-09-15T11:58:03.000270+00:00,2026-09-15T23:10:03.157352+00:00,2026-09-16T05:10:03.000270+00:00,제품정체형,썰쇼핑,5130,2026-09-09 07:08:49
RzfuuwIt8C8,https://www.youtube.com/watch?v=RzfuuwIt8C8,uc9xfth7mqhbdlju9qzpxiha,쿨냥냥,5천만 팬이쓰는 위버스가 올해만 두 번째 털린 이유,1449,0,2026-09-10T05:46:03.000270+00:00,2026-09-10T08:10:02.680133+00:00,2026-09-16T05:10:03.000270+00:00,기타,썰쇼핑,5630,2026-09-09 07:08:49
yASRuOW5hdg,https://www.youtube.com/watch?v=yASRuOW5hdg,ucjlxkqrjd0pecwp1xkuvoeq,꿀템첵첵,"집에서 고기 구워 먹는 사람들의 필수템, 왜 이제야 알았을까?",1449,0,2026-09-02T02:58:03.157352+00:00,2026-09-04T23:10:02.346310+00:00,2026-09-15T23:10:03.157352+00:00,기타,썰쇼핑,27200,2026-09-09 07:08:49
qFsokzbH56A,https://www.youtube.com/watch?v=qFsokzbH56A,ucwd-1tqabhd8nvczbjhdiwg,유용하데이,다이소도 박수친 천재주부의 활용법,1449,1,2026-08-25T09:04:02.851021+00:00,2026-09-04T23:10:02.346310+00:00,2026-09-07T23:10:02.851021+00:00,홈템,썰쇼핑,56,2026-09-09 07:08:49
cm06jqvsTHM,https://www.youtube.com/watch?v=cm06jqvsTHM,ucbbwhlb1oqkgkzqllrsczva,아스토니쉬코리아,제조사도 예상못한 사용법 변기세정제  #아스토니쉬 #변기세정제 #욕실 #변기 #화장실 #제조사  #청소,1448,0,2026-08-24T23:58:02.851021+00:00,2026-09-04T23:10:02.346310+00:00,2026-09-07T23:10:02.851021+00:00,오용형,썰쇼핑,0,2026-08-19 05:56:25
y4rP994ZWLA,https://www.youtube.com/watch?v=y4rP994ZWLA,ucapo3ngjjmjssseardb1bpw,샤샤홈,일본 천재가 만들어 떼돈 번 정체,1446,0,2026-09-02T10:28:03.000270+00:00,2026-09-08T12:30:44.178691+00:00,2026-09-16T05:10:03.000270+00:00,제품정체형,썰쇼핑,961,2026-09-09 07:08:49
BOUJHPTSw5w,https://www.youtube.com/watch?v=BOUJHPTSw5w,ucwxox_v20iouentjtsfvlsa,와우템픽,직장인 판도 씹어먹을 괴물노트 #직장인 꿀템 #회의록 작성,1446,3,2026-09-08T09:46:03.000270+00:00,2026-09-14T23:10:03.036703+00:00,2026-09-16T05:10:03.000270+00:00,홈템,썰쇼핑,1080,2026-09-14 07:04:05
8PbPq-sKgVc,https://www.youtube.com/watch?v=8PbPq-sKgVc,uc9lbov0bom6xglwla14ovxg,부시리,탈모걱정 날려버린 충격적인 천재발명품,1445,2,2026-09-08T10:58:03.000270+00:00,2026-09-08T12:30:44.178691+00:00,2026-09-16T05:10:03.000270+00:00,제품정체형,썰쇼핑,1040,2026-09-09 07:08:49
YwK1qxLfdsc,https://www.youtube.com/watch?v=YwK1qxLfdsc,ucu-hzvlc1tvab1lrp0cejtg,속으로만,배터리 과충전을 박살낸 천재의 발명품,1444,2,2026-09-03T13:40:03.000270+00:00,2026-09-13T05:10:02.819135+00:00,2026-09-16T05:10:03.000270+00:00,제품정체형,썰쇼핑,0,2026-08-19 05:56:25
ZLW_tuAIWwE,https://www.youtube.com/watch?v=ZLW_tuAIWwE,uczsqdvebdhbskc3vnvwwbkg,살림치트키,전세계 주부들을 구원한 미국 천재의 발명품,1444,3,2026-09-09T21:58:03.000270+00:00,2026-09-09T23:10:01.358608+00:00,2026-09-16T05:10:03.000270+00:00,제품정체형,썰쇼핑,193,2026-09-14 07:04:05
weWZNUeFjCU,https://www.youtube.com/watch?v=weWZNUeFjCU,ucgttnudyop52of_zrxv--aw,리빙픽템,남편 차 긁었는데 안들킴?#차량용품 #자동차기스제거 #스크래치복구 #초보운전 #운전꿀템,1442,1,2026-08-29T09:04:02.660921+00:00,2026-09-04T23:10:02.346310+00:00,2026-09-12T05:10:02.660921+00:00,제품정체형,썰쇼핑,6760,2026-09-09 07:08:49
G9byXUCzKNs,https://www.youtube.com/watch?v=G9byXUCzKNs,uci7bltdlfsal3bodxjkalqw,수미네집,욕실 물때 우리집은 안생겨요,1441,1,2026-08-25T14:30:44.178691+00:00,2026-09-08T11:10:24.676804+00:00,2026-09-08T12:30:44.178691+00:00,기타,썰쇼핑,6030,2026-09-09 07:08:49
U2ta623IYGk,https://www.youtube.com/watch?v=U2ta623IYGk,ucdrpxmsqn83qromdpq0ai6q,톡템,좁은 원룸 화장실 구원한 천재의 발명품,1439,1,2026-09-06T15:34:03.000270+00:00,2026-09-14T23:10:03.036703+00:00,2026-09-16T05:10:03.000270+00:00,뷰티,썰쇼핑,1090,2026-09-14 07:20:43
LeTgcVoUSik,https://www.youtube.com/watch?v=LeTgcVoUSik,ucdzguqgjnb3fd6jgxvn-obq,오리핫템,이케아 직원도 놀란! 꿀템 실리콘 매트 활용법,1438,0,2026-09-04T09:22:03.000270+00:00,2026-09-08T11:10:24.676804+00:00,2026-09-16T05:10:03.000270+00:00,오용형,썰쇼핑,19900,2026-09-09 07:08:49
ga6LsAgzEaM,https://www.youtube.com/watch?v=ga6LsAgzEaM,ucjcbuxcvr7fojmnvzw3haua,상자쿤,신발장을 돌렸더니 신세계가 열렸습니다 ㄷㄷ,1436,0,2026-09-14T22:46:03.000270+00:00,2026-09-14T23:10:03.036703+00:00,2026-09-16T05:10:03.000270+00:00,기타,썰쇼핑,5860,2026-09-09 07:08:49
GiANE45GysQ,https://www.youtube.com/watch?v=GiANE45GysQ,uch6fp7bvc_9bnnfulqfmasw,이거다시바,이케아도 생각 못한 테이블 아이디어 #꿀템 #필수템 #이케아 #테이블 #바그보다 #활용법 #아이디어 #DIY #가구 #꾸미기 #감성 #셀프인테리어 #인테리어,1434,1,2026-09-15T00:16:03.000270+00:00,2026-09-15T05:10:02.238212+00:00,2026-09-16T05:10:03.000270+00:00,홈템,썰쇼핑,0,2026-08-19 05:56:25
hc8UrfA_TMg,https://www.youtube.com/watch?v=hc8UrfA_TMg,ucwgtmho0tsuedduon1fmgrw,순간의픽,한국인이라면 절대 못 참는 선물 #필수템 #3D #입체 #달력 #캘린더 #선물 #소품 #한국인 #감성 #셀프인테리어 #인테리어,1434,5,2026-09-14T09:46:03.000270+00:00,2026-09-14T23:10:03.036703+00:00,2026-09-16T05:10:03.000270+00:00,홈템,썰쇼핑,580,2026-09-09 07:08:49
T2pni9rqsWs,https://www.youtube.com/watch?v=T2pni9rqsWs,ucofzzqsp2bgezadzblfpi4q,헤븐쇼핑,고압세척기도 밀린 천재주부의 신발최애템,1433,1,2026-09-06T06:46:03.000270+00:00,2026-09-08T11:10:24.676804+00:00,2026-09-16T05:10:03.000270+00:00,기타,썰쇼핑,1020,2026-09-09 07:08:49
acNKw_UkWzQ,https://www.youtube.com/watch?v=acNKw_UkWzQ,ucigtymqr64yuejp8swuysog,일단담자,보이는게 싫어서 결국 이렇게 바꿨다고?!,1433,0,2026-09-02T11:16:03.000270+00:00,2026-09-14T23:10:03.036703+00:00,2026-09-16T05:10:03.000270+00:00,기타,썰쇼핑,1240,2026-09-14 07:06:10
bRZgBdysEJo,https://www.youtube.com/watch?v=bRZgBdysEJo,uc4gpegusm1huqjwho9og8fa,와그라노TV,아껴준다던 남편이 꺼내 든 건 글러브ㅋㅋㅋ,1432,0,2026-09-06T09:28:03.000270+00:00,2026-09-06T23:10:01.282766+00:00,2026-09-16T05:10:03.000270+00:00,기타,썰쇼핑,0,2026-08-19 05:56:25
Ui13rg5wciw,https://www.youtube.com/watch?v=Ui13rg5wciw,uczgoriozc_etvvg-o72xjcw,썰n픽,2억 개 팔린 풀이 액체도 고체도 아닌 이유,1432,1,2026-09-01T11:34:02.238212+00:00,2026-09-14T23:10:03.036703+00:00,2026-09-15T05:10:02.238212+00:00,기타,썰쇼핑,1080,2026-09-14 07:04:05
O7M4Ju8lJIU,https://www.youtube.com/watch?v=O7M4Ju8lJIU,uc4gpegusm1huqjwho9og8fa,와그라노TV,100년전 라이터는 전부 예술품이었네요,1431,0,2026-09-04T09:28:03.000270+00:00,2026-09-04T23:10:02.346310+00:00,2026-09-16T05:10:03.000270+00:00,기타,썰쇼핑,0,2026-08-19 05:56:25
Bh3vZKju9d4,https://www.youtube.com/watch?v=Bh3vZKju9d4,uckpphyi5ul6uw-axomcfmia,뽀터언니,게으름에서 시작된 천재주부의 스페인요리,1431,1,2026-09-11T09:58:03.000270+00:00,2026-09-11T23:10:02.319689+00:00,2026-09-16T05:10:03.000270+00:00,레시피,썰쇼핑,1350,2026-09-09 07:08:49
tea5OI7RTx0,https://www.youtube.com/watch?v=tea5OI7RTx0,ucynpgh7_qesow4pbljhmi2q,유머굿템,채썰기 이걸로 끝냈어요,1430,0,2026-09-04T21:58:03.000270+00:00,2026-09-08T11:10:24.676804+00:00,2026-09-16T05:10:03.000270+00:00,기타,썰쇼핑,17500,2026-09-09 07:08:49
G-dOEUhUCzc,https://www.youtube.com/watch?v=G-dOEUhUCzc,ucqxtlmges-nl7ohnfumvyda,sl_pongdang,한국 천재가 만들어 대박난 제품,1430,5,2026-08-26T09:10:02.542305+00:00,2026-09-04T23:10:02.346310+00:00,2026-09-09T05:10:02.542305+00:00,제품정체형,썰쇼핑,276,2026-09-09 07:08:49
Iw7FzooplSo,https://www.youtube.com/watch?v=Iw7FzooplSo,uclh-_xmcx20mxd8jkqn9ama,템파라치,식빵에 '이것' 올려 구웠더니 입에서 사르르! 속 편하고 부드러운 바스크 토스트,1428,1,2026-09-03T00:28:03.000270+00:00,2026-09-04T23:10:02.346310+00:00,2026-09-16T05:10:03.000270+00:00,기타,썰쇼핑,0,2026-08-19 05:56:25
wIeSMsGepYY,https://www.youtube.com/watch?v=wIeSMsGepYY,uctitdnbvhe3k4eufjury8qg,꿀템연구소,이케아 고수 랜턴 활용법,1426,1,2026-09-10T08:58:03.000270+00:00,2026-09-11T02:10:02.367900+00:00,2026-09-16T05:10:03.000270+00:00,홈템,썰쇼핑,10400,2026-09-09 07:08:49
bnFBpB9gGvI,https://www.youtube.com/watch?v=bnFBpB9gGvI,ucwomfgpbfxbehvdxb9j7rsa,살림템바이,12년동안 예상못한 이케아 조명 아이디어|셀프인테리어|조명추천,1426,0,2026-09-05T12:58:03.000270+00:00,2026-09-05T23:10:01.374377+00:00,2026-09-16T05:10:03.000270+00:00,오용형,썰쇼핑,1090,2026-09-09 07:08:49
2GndIX9oxlc,https://www.youtube.com/watch?v=2GndIX9oxlc,uctvonxoqv3-ntqka3lhafnq,담아,작다고 무시했다간 큰코 다쳐요,1425,1,2026-09-09T22:58:03.000270+00:00,2026-09-09T23:10:01.358608+00:00,2026-09-16T05:10:03.000270+00:00,기타,썰쇼핑,187,2026-09-09 07:08:49
r9NOXY5p9K0,https://www.youtube.com/watch?v=r9NOXY5p9K0,ucbbwhlb1oqkgkzqllrsczva,아스토니쉬코리아,이게왜진짜돼 만능클리너제로  #아스토니쉬  #인테리어  #청소  #청소력  #꿀팁 #욕실 #화장실,1423,0,2026-08-27T23:58:02.680133+00:00,2026-09-04T23:10:02.346310+00:00,2026-09-10T08:10:02.680133+00:00,홈템,썰쇼핑,0,2026-08-19 05:56:25
TvQ0fZXadDg,https://www.youtube.com/watch?v=TvQ0fZXadDg,uco3sju4c8apyrhk_dbo8udq,냥냥쿨범,평범한 식탁을 뒤집은 천재의 발명품,1421,2,2026-09-09T11:16:03.000270+00:00,2026-09-09T23:10:01.358608+00:00,2026-09-16T05:10:03.000270+00:00,제품정체형,썰쇼핑,21500,2026-09-09 07:08:49
0sfrJ616gHY,https://www.youtube.com/watch?v=0sfrJ616gHY,ucury26mdc8dmmsffuwlhzda,1분쇼핑,평탄화 필요 없는 마법의 차박 매트 [795번] #차박 #캠핑꿀템,1421,2,2026-09-14T13:04:03.000270+00:00,2026-09-14T23:10:03.036703+00:00,2026-09-16T05:10:03.000270+00:00,차량템,썰쇼핑,32,2026-09-14 07:04:05
vdeam355qiU,https://www.youtube.com/watch?v=vdeam355qiU,ucbbwhlb1oqkgkzqllrsczva,아스토니쉬코리아,왜 이제 알았지  #아스토니쉬 #욕실 #화장실  #청소 #욕실얼룩,1420,0,2026-08-25T23:58:01.332600+00:00,2026-09-04T23:10:02.346310+00:00,2026-09-08T23:10:01.332600+00:00,뷰티,썰쇼핑,0,2026-08-19 05:56:25
8zTg8gdOzio,https://www.youtube.com/watch?v=8zTg8gdOzio,ucycg5luulo-ccdblcw7hdcq,지식배송,반찬통 정리 꿀팁,1419,0,2026-09-14T11:28:03.000270+00:00,2026-09-14T23:10:03.036703+00:00,2026-09-16T05:10:03.000270+00:00,홈템,썰쇼핑,1350,2026-09-09 07:08:49
bKkr3pv_SEo,https://www.youtube.com/watch?v=bKkr3pv_SEo,ucwgtmho0tsuedduon1fmgrw,순간의픽,차량용품 1등은 무조건 이겁니다 #필수템 #차량용품 #자동차 #차량용 #컵홀더 #쓰레기통 #수납 #아이디어 #다이소 #감성 #셀프인테리어 #인테리어,1418,3,2026-09-07T00:58:03.000270+00:00,2026-09-07T23:10:02.851021+00:00,2026-09-16T05:10:03.000270+00:00,홈템,썰쇼핑,580,2026-09-09 07:08:49
4svfFO5dNnA,https://www.youtube.com/watch?v=4svfFO5dNnA,ucftoksv4zeitypvhoilopjg,우리살림,무점착 창문 시트지 추천 사생활 보호,1417,1,2026-09-10T06:04:03.000270+00:00,2026-09-10T08:10:02.680133+00:00,2026-09-16T05:10:03.000270+00:00,홈템,썰쇼핑,0,2026-08-19 05:56:25
J4f9kwFF-MU,https://www.youtube.com/watch?v=J4f9kwFF-MU,ucamzjidsn-e1fi_kpveqt_q,순삭킥,몸을 회전하며 한 방울도 안 흘리고 차 따는 법 #차 #퍼포먼스 #기예 #신기함 #이슈,1417,0,2026-09-11T10:28:03.000270+00:00,2026-09-14T23:10:03.036703+00:00,2026-09-16T05:10:03.000270+00:00,기타,썰쇼핑,8870,2026-09-14 07:06:10
JtaMEkv-L5I,https://www.youtube.com/watch?v=JtaMEkv-L5I,ucl12scb2y7j-kx0_ghaf-xq,썰풀다,아이패드보다 케이스가 더 바쁨ㅋㅋ#아이패드 #아이패드키보드 #키보드케이스 #투명케이스 #태블릿꾸미기,1415,1,2026-09-15T22:28:03.000270+00:00,2026-09-15T23:10:03.157352+00:00,2026-09-16T05:10:03.000270+00:00,기타,썰쇼핑,0,2026-08-19 05:56:25
Dfop30iqnTI,https://www.youtube.com/watch?v=Dfop30iqnTI,uckpphyi5ul6uw-axomcfmia,뽀터언니,레스토랑도 예상못한 맛잘알들의 활용법,1414,1,2026-09-06T08:22:03.000270+00:00,2026-09-06T23:10:01.282766+00:00,2026-09-16T05:10:03.000270+00:00,기타,썰쇼핑,1350,2026-09-09 07:08:49
_qKr9oZelyQ,https://www.youtube.com/watch?v=_qKr9oZelyQ,ucgttnudyop52of_zrxv--aw,리빙픽템,차는 08년식 차키는 26년식,1414,2,2026-08-24T09:58:01.282766+00:00,2026-09-04T23:10:02.346310+00:00,2026-09-06T23:10:01.282766+00:00,제품정체형,썰쇼핑,6760,2026-09-09 07:08:49
dqEx15YA-Sw,https://www.youtube.com/watch?v=dqEx15YA-Sw,uc8wcwts4chdpce-nzqpm04a,인생갓템,양치상태를 직접 보여주는 황당한 칫솔ㄷㄷ,1409,1,2026-09-11T07:22:03.000270+00:00,2026-09-11T23:10:02.319689+00:00,2026-09-16T05:10:03.000270+00:00,기타,썰쇼핑,30700,2026-09-09 07:08:49
JQxVd3akzn0,https://www.youtube.com/watch?v=JQxVd3akzn0,uckpphyi5ul6uw-axomcfmia,뽀터언니,이탈리아가 숨겨온 유리병의 정체,1409,1,2026-09-02T10:28:03.000270+00:00,2026-09-04T23:10:02.346310+00:00,2026-09-16T05:10:03.000270+00:00,제품정체형,썰쇼핑,1350,2026-09-09 07:08:49
7YHHpG21lsg,https://www.youtube.com/watch?v=7YHHpG21lsg,uch6fp7bvc_9bnnfulqfmasw,이거다시바,금손들의 이케아 트롬마 시계 꾸미기 #꿀템 #필수템 #이케아 #트롬마 #시계 #꾸미기 #가성비 #DIY #활용법 #아이 #소품 #감성 #셀프인테리어 #인테리어,1406,1,2026-08-25T00:10:02.851021+00:00,2026-09-04T23:10:02.346310+00:00,2026-09-07T23:10:02.851021+00:00,홈템,썰쇼핑,0,2026-08-19 05:56:25
WxhA4y05-IY,https://www.youtube.com/watch?v=WxhA4y05-IY,uc5ibeeh_ee8jv5lr9ikkbng,핑크수저,곰팡이 생긴 슬리퍼 깨끗하게 관리하는 비법,1405,1,2026-09-04T11:46:03.000270+00:00,2026-09-08T12:30:44.178691+00:00,2026-09-16T05:10:03.000270+00:00,기타,썰쇼핑,42,2026-09-09 07:08:49
yUzQXJ9h_mA,https://www.youtube.com/watch?v=yUzQXJ9h_mA,uc9cpf1vjxwkndwy1jvvdzvw,쇼핑남자,다이소도 놀란 천재의 발명품?,1404,2,2026-09-13T14:10:03.000270+00:00,2026-09-13T23:10:02.300105+00:00,2026-09-16T05:10:03.000270+00:00,제품정체형,썰쇼핑,6370,2026-09-09 07:08:49
lS_niSmvMLY,https://www.youtube.com/watch?v=lS_niSmvMLY,ucycg5luulo-ccdblcw7hdcq,지식배송,할로윈 씹어먹은 반지정체,1404,1,2026-09-09T11:34:03.000270+00:00,2026-09-09T23:10:01.358608+00:00,2026-09-16T05:10:03.000270+00:00,제품정체형,썰쇼핑,1350,2026-09-09 07:08:49
X0LgdlxgMek,https://www.youtube.com/watch?v=X0LgdlxgMek,ucbbwhlb1oqkgkzqllrsczva,아스토니쉬코리아,변기 물때가 계속 생긴다면 여기부터 확인하세요 #변기 #변기청소 #화장실 #욕실 #오염,1404,0,2026-09-01T23:58:03.157352+00:00,2026-09-04T23:10:02.346310+00:00,2026-09-15T23:10:03.157352+00:00,뷰티,썰쇼핑,0,2026-08-19 05:56:25
K1lFD-uir5o,https://www.youtube.com/watch?v=K1lFD-uir5o,ucjdpxmriuriao_4wg9-lxfa,살림픽,다이소 갔을 때 0순위로 사야 할 미친 가성비 꿀템! 아끼는 운동화 3초 만에 살리는 법 👟,1403,1,2026-09-07T22:16:03.000270+00:00,2026-09-08T11:10:24.676804+00:00,2026-09-16T05:10:03.000270+00:00,홈템,썰쇼핑,971,2026-09-09 07:08:49
VwDWpxR3UIk,https://www.youtube.com/watch?v=VwDWpxR3UIk,ucjlxkqrjd0pecwp1xkuvoeq,꿀템첵첵,아직도 비싼 실리콘 써요? 3천원대 소시지 실란트가 답입니다.,1402,1,2026-09-12T09:34:03.000270+00:00,2026-09-12T23:10:03.131380+00:00,2026-09-16T05:10:03.000270+00:00,장비템,썰쇼핑,27200,2026-09-09 07:08:49
JeMSTH2zirs,https://www.youtube.com/watch?v=JeMSTH2zirs,ucssx2crprqprm_uaedxg7ua,꿀팁꿀템,'모기도 과학이다' 독일 천재의 미친 발명품#모기 가려움 삭제#충전도 필요없다#갓난아기#임산부#유아#부작용 제로#벌레 물렸을 때#모기 물렸을 때,1401,0,2026-08-26T12:58:02.542305+00:00,2026-09-04T23:10:02.346310+00:00,2026-09-09T05:10:02.542305+00:00,기타,썰쇼핑,53800,2026-09-09 07:08:49
EjAPnFWU__0,https://www.youtube.com/watch?v=EjAPnFWU__0,uckpphyi5ul6uw-axomcfmia,뽀터언니,공부 고수들이 쓰는 형광펜의 정체,1400,1,2026-09-09T09:58:03.000270+00:00,2026-09-09T23:10:01.358608+00:00,2026-09-16T05:10:03.000270+00:00,제품정체형,썰쇼핑,1350,2026-09-09 07:08:49
nJwnWbOg_U4,https://www.youtube.com/watch?v=nJwnWbOg_U4,ucgttnudyop52of_zrxv--aw,리빙픽템,아버님 밤칼 버리게 만든 정체  밤 까다가 이거 보면 허무합니다 #밤까는기계 #밤까는도구 #추석준비 #제사준비 #주방꿀템,1398,1,2026-09-14T09:04:03.000270+00:00,2026-09-14T23:10:03.036703+00:00,2026-09-16T05:10:03.000270+00:00,제품정체형,썰쇼핑,6760,2026-09-09 07:08:49
GJ1kZZhhIjw,https://www.youtube.com/watch?v=GJ1kZZhhIjw,ucietyncdgcyuhiza5aaohfw,홈노트,이케아 직원도 기절한 역발상 인테리어,1397,1,2026-09-06T16:40:03.000270+00:00,2026-09-06T23:10:01.282766+00:00,2026-09-16T05:10:03.000270+00:00,제품정체형,썰쇼핑,965,2026-09-09 07:08:49
GnWijJC3rsY,https://www.youtube.com/watch?v=GnWijJC3rsY,ucxr-td74un9tpuvlbq3ebxw,상상세계,살림천재들의 절약 방법,1397,2,2026-09-13T11:58:03.000270+00:00,2026-09-13T23:10:02.300105+00:00,2026-09-16T05:10:03.000270+00:00,제품정체형,썰쇼핑,1410,2026-09-09 07:08:49
NzMGTC_Flr8,https://www.youtube.com/watch?v=NzMGTC_Flr8,uc_zfdnlzdtdvq8o_7bvtucq,사아말아,전문가도 당황한 비장의 제품,1397,0,2026-09-03T10:16:03.000270+00:00,2026-09-14T23:10:03.036703+00:00,2026-09-16T05:10:03.000270+00:00,제품정체형,썰쇼핑,1070,2026-09-14 07:04:05
zbgWiZyc2wQ,https://www.youtube.com/watch?v=zbgWiZyc2wQ,ucnjzp1yaah_e7hun6_uiduq,세꿀상점,주부 일손 줄인 일본 천재의 발명품,1396,0,2026-09-09T13:52:03.000270+00:00,2026-09-14T23:10:03.036703+00:00,2026-09-16T05:10:03.000270+00:00,제품정체형,썰쇼핑,10,2026-09-14 07:04:05
uMWnlZCsD1g,https://www.youtube.com/watch?v=uMWnlZCsD1g,uc7rasihu7b9qtjd81ywoymq,아이템홈,모든걸 다 지우는 지우개 ㄷㄷㄷ #생활꿀템 #꿀템 #지우개 #필기구,1392,0,2026-09-03T10:52:03.000270+00:00,2026-09-04T23:10:02.346310+00:00,2026-09-16T05:10:03.000270+00:00,홈템,썰쇼핑,23800,2026-09-09 07:08:49
wIcOzHb6srU,https://www.youtube.com/watch?v=wIcOzHb6srU,ucemc0lajcxtnwftcao3awhq,꿀템,남편이 깜짝 놀란 천재주부의 칼,1391,4,2026-09-01T04:28:03.036703+00:00,2026-09-14T23:10:03.036703+00:00,2026-09-14T23:10:03.036703+00:00,제품정체형,썰쇼핑,1070,2026-09-14 07:04:05
vhF4dfmeCfY,https://www.youtube.com/watch?v=vhF4dfmeCfY,ucmo2rfye0ljbv_m4e5mhz0w,꿀템탐구소,아빠가 좋아하는 전원생활 꿀템,1390,0,2026-09-15T12:10:03.000270+00:00,2026-09-15T23:10:03.157352+00:00,2026-09-16T05:10:03.000270+00:00,홈템,썰쇼핑,4300,2026-09-14 07:04:05
xWJCHq7QldU,https://www.youtube.com/watch?v=xWJCHq7QldU,ucvfde0jxxr9xgjru-wijthw,사길잘했다,얼죽아들이 절대 포기 못 하는 천재발명품,1390,0,2026-08-29T02:34:02.319689+00:00,2026-09-08T11:10:24.676804+00:00,2026-09-11T23:10:02.319689+00:00,제품정체형,썰쇼핑,1960,2026-09-09 07:08:49
C0mtI5fdRgY,https://www.youtube.com/watch?v=C0mtI5fdRgY,uc-jocgjnh8ewwrhzgtxaq8g,별난상점,한국 천재가 만든 기막힌 발명품ㄷㄷ,1390,0,2026-08-26T07:58:02.542305+00:00,2026-09-08T11:10:24.676804+00:00,2026-09-09T05:10:02.542305+00:00,제품정체형,썰쇼핑,1360,2026-09-09 07:08:49
26QfY5gsSmU,https://www.youtube.com/watch?v=26QfY5gsSmU,uch6fp7bvc_9bnnfulqfmasw,이거다시바,이케아 고인물이 추천하는 옷장템 2가지 #꿀템 #필수템 #이케아 #콤플레멘트 #옷장 #살림 #옷걸이 #공간활용 #아이디어 #감성 #셀프인테리어 #인테리어,1390,1,2026-08-25T08:52:02.851021+00:00,2026-09-04T23:10:02.346310+00:00,2026-09-07T23:10:02.851021+00:00,홈템,썰쇼핑,0,2026-08-19 05:56:25
G0q0i0pI6h4,https://www.youtube.com/watch?v=G0q0i0pI6h4,ucl73b511gokm8guqlm9zsbq,먼지잼,센스있다 칭찬듣는 집들이 선물,1389,0,2026-09-06T22:16:03.000270+00:00,2026-09-08T11:10:24.676804+00:00,2026-09-16T05:10:03.000270+00:00,홈템,썰쇼핑,10100,2026-09-09 07:08:49
LKP3IhChtKc,https://www.youtube.com/watch?v=LKP3IhChtKc,ucubpeqak9dgcj93bilzcs-q,마케터의 시선,이케아 주방 선반 미친 활용법,1387,0,2026-09-02T10:28:03.000270+00:00,2026-09-08T11:10:24.676804+00:00,2026-09-16T05:10:03.000270+00:00,오용형,썰쇼핑,69,2026-09-09 07:08:49
731Oni-Zokg,https://www.youtube.com/watch?v=731Oni-Zokg,uc_vnciqax_yorgwxnkb2oua,꿀템박스,제조사도 당황한 떼수건의 대박 활용법#떼수건#떼밀이#실리콘떼수건#목욕떼밀이#목욕용품,1387,1,2026-09-14T09:34:03.000270+00:00,2026-09-14T23:10:03.036703+00:00,2026-09-16T05:10:03.000270+00:00,오용형,썰쇼핑,148,2026-09-14 07:04:05
GKvy5qiFF9k,https://www.youtube.com/watch?v=GKvy5qiFF9k,ucl73b511gokm8guqlm9zsbq,먼지잼,반에서 혼자만 쓴다고 매일 자랑하는 신박한 필통,1387,1,2026-09-01T05:46:02.238212+00:00,2026-09-08T11:10:24.676804+00:00,2026-09-15T05:10:02.238212+00:00,기타,썰쇼핑,10100,2026-09-09 07:08:49
hZqCfOq3Rgc,https://www.youtube.com/watch?v=hZqCfOq3Rgc,uc5gvjoaf9cwonmlvji_bfmq,이거하나,다이소도 감탄한 반전 제품 ㄷㄷ,1386,0,2026-09-07T08:34:03.000270+00:00,2026-09-14T23:10:03.036703+00:00,2026-09-16T05:10:03.000270+00:00,오용형,썰쇼핑,1270,2026-09-14 07:04:05
Ryakid6Uau8,https://www.youtube.com/watch?v=Ryakid6Uau8,ucmy_dsulpkwmomilddbp_8q,그럴줄알았지 : 세상 사는 이야기,신발 누렇게 변하던 우리 집이 달라진 이유,1385,1,2026-09-02T11:34:03.000270+00:00,2026-09-08T11:10:24.676804+00:00,2026-09-16T05:10:03.000270+00:00,기타,썰쇼핑,6960,2026-09-09 07:08:49
0OxHpK1J_w0,https://www.youtube.com/watch?v=0OxHpK1J_w0,ucftoksv4zeitypvhoilopjg,우리살림,다이소가면 무조건 담으세요,1384,1,2026-08-24T09:28:01.282766+00:00,2026-09-04T23:10:02.346310+00:00,2026-09-06T23:10:01.282766+00:00,홈템,썰쇼핑,0,2026-08-19 05:56:25
kpQBM_vlEo4,https://www.youtube.com/watch?v=kpQBM_vlEo4,uckec0idwzpe-sam6su0ztcg,실링홈,씻고 보관까지 한 번에 하는 마법의 용기 #살림 #주방꿀팁 #자취꿀템  #주부꿀템 #살림템 #살림초보,1383,1,2026-09-03T03:16:03.000270+00:00,2026-09-04T23:10:02.346310+00:00,2026-09-16T05:10:03.000270+00:00,홈템,썰쇼핑,0,2026-08-19 05:56:25
dJfQFINpBxg,https://www.youtube.com/watch?v=dJfQFINpBxg,ucvfde0jxxr9xgjru-wijthw,사길잘했다,다이소도 깜짝 놀란 미친 활용법,1383,0,2026-09-07T09:28:03.000270+00:00,2026-09-08T11:10:24.676804+00:00,2026-09-16T05:10:03.000270+00:00,오용형,썰쇼핑,1960,2026-09-09 07:08:49
OYuDsgXPRFc,https://www.youtube.com/watch?v=OYuDsgXPRFc,uc3afdr5jbqxyqrnxarzywsg,elumiaa,캠핑 짐 무게 반으로 줄여주는 텀블러 모양 이것!,1383,0,2026-09-07T01:22:03.000270+00:00,2026-09-08T11:10:24.676804+00:00,2026-09-16T05:10:03.000270+00:00,기타,썰쇼핑,158,2026-09-09 07:08:49
Ua5Niy3KiU4,https://www.youtube.com/watch?v=Ua5Niy3KiU4,uct_k9uncg3axxb8ujj9f2_g,속닥마켓,다이소 본사 직원도 몰래 쟁여두는 천 원짜리 미친 활용법 ㄷㄷ,1382,1,2026-09-07T21:34:03.000270+00:00,2026-09-08T11:10:24.676804+00:00,2026-09-16T05:10:03.000270+00:00,오용형,썰쇼핑,82,2026-09-09 07:08:49
QShiAKbsK4E,https://www.youtube.com/watch?v=QShiAKbsK4E,ucdrpxmsqn83qromdpq0ai6q,톡템,정리 강박증 환자가 작정하고 만든 1초 공중부양템,1381,1,2026-09-10T16:16:03.000270+00:00,2026-09-14T23:10:03.036703+00:00,2026-09-16T05:10:03.000270+00:00,홈템,썰쇼핑,1090,2026-09-14 07:20:43
XqRsJSj8VhY,https://www.youtube.com/watch?v=XqRsJSj8VhY,ucjlxkqrjd0pecwp1xkuvoeq,꿀템첵첵,동네 떡집 사장님들 비상 걸린 역대급 가정용 떡 제조기,1378,3,2026-09-15T09:34:03.000270+00:00,2026-09-15T23:10:03.157352+00:00,2026-09-16T05:10:03.000270+00:00,기타,썰쇼핑,27200,2026-09-09 07:08:49
J557qeiHWM4,https://www.youtube.com/watch?v=J557qeiHWM4,ucwgtmho0tsuedduon1fmgrw,순간의픽,이케아 고수들의 테이블 꾸미는 방법 #필수템 #이케아 #테이블 #바그보다 #활용법 #아이디어 #DIY #가구 #꾸미기 #감성 #셀프인테리어 #인테리어,1378,1,2026-09-15T00:52:03.000270+00:00,2026-09-15T05:10:02.238212+00:00,2026-09-16T05:10:03.000270+00:00,홈템,썰쇼핑,580,2026-09-09 07:08:49
6Ap9PbQVw0M,https://www.youtube.com/watch?v=6Ap9PbQVw0M,ucknyotic61bk0usui1ixavg,으니픽,제조사도 예상못한 사용법 #생활용품 #꿀템 #흡착패드,1378,1,2026-09-06T01:28:03.000270+00:00,2026-09-06T23:10:01.282766+00:00,2026-09-16T05:10:03.000270+00:00,오용형,썰쇼핑,1300,2026-09-09 07:08:49
agMy7fM2m7U,https://www.youtube.com/watch?v=agMy7fM2m7U,ucl73b511gokm8guqlm9zsbq,먼지잼,여행 갈 때 챙겨가면 센스만점 칭찬들어요,1377,0,2026-08-27T05:40:01.358608+00:00,2026-09-08T11:10:24.676804+00:00,2026-09-09T23:10:01.358608+00:00,기타,썰쇼핑,10100,2026-09-09 07:08:49
-0qVexwAZ_c,https://www.youtube.com/watch?v=-0qVexwAZ_c,uc5ibeeh_ee8jv5lr9ikkbng,핑크수저,제모에 진심인 한국이 개발한 미친 성능 제품 #다이소,1376,1,2026-09-01T01:58:03.036703+00:00,2026-09-08T12:30:44.178691+00:00,2026-09-14T23:10:03.036703+00:00,제품정체형,썰쇼핑,42,2026-09-09 07:08:49
IFPQcneD2NU,https://www.youtube.com/watch?v=IFPQcneD2NU,ucyi0vstrxhmnxmz-slp9okg,썰렘톡톡1,일본 천재의 아이디어 하나가 돈이 된 이유?,1375,0,2026-09-09T10:58:03.000270+00:00,2026-09-14T23:10:03.036703+00:00,2026-09-16T05:10:03.000270+00:00,제품정체형,썰쇼핑,2,2026-09-14 07:06:10
24Z1f_Nct6M,https://www.youtube.com/watch?v=24Z1f_Nct6M,ucxfcgk6imynzbexyly8mhiq,코어장바구니,생초보가 만들어낸 매출 1조 생수,1373,1,2026-09-08T09:04:03.000270+00:00,2026-09-08T10:27:51.412064+00:00,2026-09-16T05:10:03.000270+00:00,기타,썰쇼핑,8610,2026-09-09 07:08:49
Disl9QuDQDo,https://www.youtube.com/watch?v=Disl9QuDQDo,uclmlddtl8vprxs4fmpfa8bw,@쿠템헌터3,다이소에도 없는 밀폐용기 뚜껑걸이,1372,0,2026-09-11T10:58:03.000270+00:00,2026-09-11T23:10:02.319689+00:00,2026-09-16T05:10:03.000270+00:00,홈템,썰쇼핑,164000,2026-09-09 07:08:49
st5ZlFCMSXs,https://www.youtube.com/watch?v=st5ZlFCMSXs,uclmlddtl8vprxs4fmpfa8bw,@쿠템헌터3,썩어서 버리는 식재료 90% 줄여주는 미친 아이템,1371,0,2026-09-15T10:58:03.000270+00:00,2026-09-15T23:10:03.157352+00:00,2026-09-16T05:10:03.000270+00:00,기타,썰쇼핑,164000,2026-09-09 07:08:49
rZZCYa_nr6A,https://www.youtube.com/watch?v=rZZCYa_nr6A,ucyeava-eiutdvg_wnlijepq,살림킹,다이소 덕후들 놀란 기막힌 템,1371,1,2026-09-02T14:58:03.000270+00:00,2026-09-08T11:10:24.676804+00:00,2026-09-16T05:10:03.000270+00:00,제품정체형,썰쇼핑,1040,2026-09-09 07:08:49
6VmsoOwYLZc,https://www.youtube.com/watch?v=6VmsoOwYLZc,uctitdnbvhe3k4eufjury8qg,꿀템연구소,이케아 회전 암체어,1370,1,2026-08-28T08:58:02.666924+00:00,2026-09-04T23:10:02.346310+00:00,2026-09-11T05:10:02.666924+00:00,기타,썰쇼핑,10400,2026-09-09 07:08:49
8i2RvXkBTZw,https://www.youtube.com/watch?v=8i2RvXkBTZw,uc963edydyw3xjtuisucdbww,인생굿즈,오랜만에 나타난 대륙의실수?,1369,1,2026-09-14T02:22:03.000270+00:00,2026-09-14T05:10:02.569334+00:00,2026-09-16T05:10:03.000270+00:00,기타,썰쇼핑,15600,2026-09-09 07:08:49
4bBEGDymVyA,https://www.youtube.com/watch?v=4bBEGDymVyA,uco3sju4c8apyrhk_dbo8udq,냥냥쿨범,모조리빨아들이는 미친제품의 정체,1368,2,2026-09-13T11:16:03.000270+00:00,2026-09-13T23:10:02.300105+00:00,2026-09-16T05:10:03.000270+00:00,제품정체형,썰쇼핑,21500,2026-09-09 07:08:49
nBlmm-Ftxxs,https://www.youtube.com/watch?v=nBlmm-Ftxxs,uclshojkcjypr5ok5kaifc3q,고고살림,다이소도 예상 못한 천재 주부의 활용법,1368,1,2026-09-13T11:28:03.000270+00:00,2026-09-13T23:10:02.300105+00:00,2026-09-16T05:10:03.000270+00:00,오용형,썰쇼핑,1,2026-09-09 07:08:49
mg_snvX98Xg,https://www.youtube.com/watch?v=mg_snvX98Xg,ucw-vssbyj4pqqcvfzyqxp5q,쇼컷리뷰,수세미로 박박 닦는 사람만 손해 보는 이유,1368,1,2026-09-08T04:34:03.000270+00:00,2026-09-14T23:10:03.036703+00:00,2026-09-16T05:10:03.000270+00:00,기타,썰쇼핑,605,2026-09-14 07:06:10
jUXv717yJks,https://www.youtube.com/watch?v=jUXv717yJks,ucmbeuonh4nls9qryeeue_gg,쓸모있어,발 각질에 꼭 사야 할 BEST 😍😍,1367,2,2026-09-14T09:58:03.000270+00:00,2026-09-14T23:10:03.036703+00:00,2026-09-16T05:10:03.000270+00:00,기타,썰쇼핑,1240,2026-09-09 07:08:49
1Kxn2gTAPDU,https://www.youtube.com/watch?v=1Kxn2gTAPDU,uc5ibeeh_ee8jv5lr9ikkbng,핑크수저,다이소에 방문하면 무조건 구매해야하는 제품의 정체,1367,1,2026-09-06T01:58:03.000270+00:00,2026-09-08T12:30:44.178691+00:00,2026-09-16T05:10:03.000270+00:00,제품정체형,썰쇼핑,42,2026-09-09 07:08:49
gcO0cWAhzBY,https://www.youtube.com/watch?v=gcO0cWAhzBY,ucdcswue1gcphrrc3wpylicq,오늘줍줍,12월 25일을 준비하는 산타 공장의 정체,1367,1,2026-08-30T04:46:03.131380+00:00,2026-09-08T12:30:44.178691+00:00,2026-09-12T23:10:03.131380+00:00,제품정체형,썰쇼핑,1110,2026-09-09 07:08:49
VC_mVKT-jhw,https://www.youtube.com/watch?v=VC_mVKT-jhw,uctxuvpifjihgl8c8mfzqmoa,나를 위한 발견,도대체 이것까지 넣는 이유가 뭐지,1365,0,2026-09-07T10:16:03.000270+00:00,2026-09-07T23:10:02.851021+00:00,2026-09-16T05:10:03.000270+00:00,기타,썰쇼핑,32,2026-09-14 07:04:05
cjooPTKfx8k,https://www.youtube.com/watch?v=cjooPTKfx8k,ucmssyyqvltkjobcgqdrzmuw,내일 쇼핑,뚜껑 하나로 술까지 사게 만든 마케팅 천재의 제품? #코스트코 #코스트코추천템 #살림템,1364,8,2026-09-08T04:04:03.000270+00:00,2026-09-08T10:27:51.412064+00:00,2026-09-16T05:10:03.000270+00:00,홈템,썰쇼핑,1880,2026-09-09 07:08:49
ykNOF-eZthM,https://www.youtube.com/watch?v=ykNOF-eZthM,ucjlxkqrjd0pecwp1xkuvoeq,꿀템첵첵,장 보다가 다리 아플 때 딱! 1초 만에 의자 되는 장바구니 카트,1363,2,2026-09-10T09:34:03.000270+00:00,2026-09-11T02:10:02.367900+00:00,2026-09-16T05:10:03.000270+00:00,기타,썰쇼핑,27200,2026-09-09 07:08:49
DUj-G_bx6PE,https://www.youtube.com/watch?v=DUj-G_bx6PE,ucwx424nckxuyae44qqqltca,쇼핑하는 김반장,해외서 난리 난 실리콘 브러시 두피 탈모 관리 필수템,1362,0,2026-09-13T08:58:03.000270+00:00,2026-09-14T23:10:03.036703+00:00,2026-09-16T05:10:03.000270+00:00,기타,썰쇼핑,641,2026-09-14 07:04:05
C6XssGYeeVU,https://www.youtube.com/watch?v=C6XssGYeeVU,uc5ibeeh_ee8jv5lr9ikkbng,핑크수저,천재가 개발한 충전 중 발생하는 열방지 비법,1362,1,2026-08-31T01:58:02.300105+00:00,2026-09-08T12:30:44.178691+00:00,2026-09-13T23:10:02.300105+00:00,제품정체형,썰쇼핑,42,2026-09-09 07:08:49
ouzw8_3LO1g,https://www.youtube.com/watch?v=ouzw8_3LO1g,ucftoksv4zeitypvhoilopjg,우리살림,손에 세제 안 묻히고 애벌빨래 하는법,1361,1,2026-09-02T09:52:03.000270+00:00,2026-09-04T23:10:02.346310+00:00,2026-09-16T05:10:03.000270+00:00,홈템,썰쇼핑,0,2026-08-19 05:56:25
1HmERGPCfnk,https://www.youtube.com/watch?v=1HmERGPCfnk,ucsdfcfw-a0ks-7qsdxpbprw,쇼츠킹,옥수수부터 수박까지 한 번에? 농부들 기절할 마법의 자동 파종기 😲,1360,0,2026-09-06T02:58:03.000270+00:00,2026-09-06T23:10:01.282766+00:00,2026-09-16T05:10:03.000270+00:00,장비템,썰쇼핑,72400,2026-09-09 02:35:38
kcRMMGe1Q5E,https://www.youtube.com/watch?v=kcRMMGe1Q5E,ucxqe5br7t3dym4kfsmw_xcw,반디몰,제조사도 놀란 한국 차주의 활용법,1359,0,2026-09-03T08:58:03.000270+00:00,2026-09-08T11:10:24.676804+00:00,2026-09-16T05:10:03.000270+00:00,오용형,썰쇼핑,1050,2026-09-09 07:08:49
rtpLwLdi1CM,https://www.youtube.com/watch?v=rtpLwLdi1CM,uc3afdr5jbqxyqrnxarzywsg,elumiaa,브릭스 200% 사과! 이거 모르고 사과 먹지 마세요 (늦게 알면 손해),1358,0,2026-09-09T23:40:03.000270+00:00,2026-09-10T08:10:02.680133+00:00,2026-09-16T05:10:03.000270+00:00,기타,썰쇼핑,158,2026-09-09 07:08:49
orTT1hBZ5qM,https://www.youtube.com/watch?v=orTT1hBZ5qM,ucdrpxmsqn83qromdpq0ai6q,톡템,안방 분위기 180도 바꿔주는 노을빛 무선 충전 스피커!무선충전+시계+조명+스피커,1358,1,2026-09-12T12:58:03.000270+00:00,2026-09-14T23:10:03.036703+00:00,2026-09-16T05:10:03.000270+00:00,기타,썰쇼핑,1090,2026-09-14 07:20:43
y7ViuISk8rY,https://www.youtube.com/watch?v=y7ViuISk8rY,ucwxox_v20iouentjtsfvlsa,와우템픽,한국인들 욕실에 이거 다 붙여놨다는데? #욕실템 #꿀팁,1357,2,2026-09-07T09:46:03.000270+00:00,2026-09-14T23:10:03.036703+00:00,2026-09-16T05:10:03.000270+00:00,기타,썰쇼핑,1080,2026-09-14 07:04:05
MxGakATnAlY,https://www.youtube.com/watch?v=MxGakATnAlY,uc5gvjoaf9cwonmlvji_bfmq,이거하나,다이소도 예상 못한 천재 주부의 활용법,1357,1,2026-09-01T08:28:02.238212+00:00,2026-09-14T23:10:03.036703+00:00,2026-09-15T05:10:02.238212+00:00,오용형,썰쇼핑,1270,2026-09-14 07:04:05
fomjG93yTy0,https://www.youtube.com/watch?v=fomjG93yTy0,ucury26mdc8dmmsffuwlhzda,1분쇼핑,현장 작업자가 보면 바로 살 수밖에 없는 이유 #작업도구 #건설현장 #추천템,1356,2,2026-09-15T11:22:03.000270+00:00,2026-09-15T23:10:03.157352+00:00,2026-09-16T05:10:03.000270+00:00,기타,썰쇼핑,32,2026-09-14 07:04:05
JGr97znao94,https://www.youtube.com/watch?v=JGr97znao94,ucgeufnhdqws3ajiskctcjcq,포미픽,제조사도 놀란 천재의 반전 보틀,1356,1,2026-08-30T00:58:02.666924+00:00,2026-09-04T23:10:02.346310+00:00,2026-09-11T05:10:02.666924+00:00,오용형,썰쇼핑,3850,2026-09-09 07:08:49
FaVkna7GNys,https://www.youtube.com/watch?v=FaVkna7GNys,uckec0idwzpe-sam6su0ztcg,실링홈,"볶음밥 할 때 필수, 없으면 후회해요 🍚 #살림꿀팁 #주부꿀템 #자취꿀팁  #살림초보",1355,2,2026-09-07T02:46:03.000270+00:00,2026-09-07T23:10:02.851021+00:00,2026-09-16T05:10:03.000270+00:00,홈템,썰쇼핑,0,2026-08-19 05:56:25
ylSb2VIll3w,https://www.youtube.com/watch?v=ylSb2VIll3w,ucnjzp1yaah_e7hun6_uiduq,세꿀상점,아이폰을 실직시킨 콩알 카메라의 정체,1354,0,2026-09-14T03:04:03.000270+00:00,2026-09-14T23:10:03.036703+00:00,2026-09-16T05:10:03.000270+00:00,제품정체형,썰쇼핑,10,2026-09-14 07:04:05
AsVJMna0yJY,https://www.youtube.com/watch?v=AsVJMna0yJY,ucgeufnhdqws3ajiskctcjcq,ヌマヌマ,最初はゆったり？CORTIS「FaSHioN」の振付がハードになった理由,1352,0,2026-09-15T09:28:03.000270+00:00,2026-09-15T23:10:03.157352+00:00,2026-09-16T05:10:03.000270+00:00,기타,썰쇼핑,3850,2026-09-09 07:08:49
sg2RinALXiU,https://www.youtube.com/watch?v=sg2RinALXiU,uc9cpf1vjxwkndwy1jvvdzvw,쇼핑남자,누렁니 없애버린 천재의 발명품,1352,1,2026-09-14T12:34:03.000270+00:00,2026-09-14T23:10:03.036703+00:00,2026-09-16T05:10:03.000270+00:00,제품정체형,썰쇼핑,6370,2026-09-09 07:08:49
1_Aq_siV_ls,https://www.youtube.com/watch?v=1_Aq_siV_ls,uco3sju4c8apyrhk_dbo8udq,냥냥쿨범,텀블러의 한계를 없앤 천재의발명품,1351,2,2026-09-14T11:16:03.000270+00:00,2026-09-14T23:10:03.036703+00:00,2026-09-16T05:10:03.000270+00:00,제품정체형,썰쇼핑,21500,2026-09-09 07:08:49
u8raG06mqzw,https://www.youtube.com/watch?v=u8raG06mqzw,ucpgmvygxrkpjlujlzhth9tg,다람이 썰전,개발자도 감탄한 천재들의 사용법,1350,1,2026-09-14T02:58:03.000270+00:00,2026-09-14T05:10:02.569334+00:00,2026-09-16T05:10:03.000270+00:00,오용형,썰쇼핑,1080,2026-09-09 07:08:49
99aEsyj0-g4,https://www.youtube.com/watch?v=99aEsyj0-g4,uct_k9uncg3axxb8ujj9f2_g,속닥마켓,세탁기 기사들이 15만원 청소 절대 안 부르는 소름돋는 이유,1350,1,2026-09-06T11:28:03.000270+00:00,2026-09-08T11:10:24.676804+00:00,2026-09-16T05:10:03.000270+00:00,홈템,썰쇼핑,82,2026-09-09 07:08:49
irKZvtI4je0,https://www.youtube.com/watch?v=irKZvtI4je0,uclfbmumxshw-8ylwcgp-w3w,Gcar지카,골칫거리 거대 나무밑동을 5초 만에 가루로 갈아버리는 괴물 기계 ㄷㄷ,1350,0,2026-09-15T06:28:03.000270+00:00,2026-09-15T23:10:03.157352+00:00,2026-09-16T05:10:03.000270+00:00,기타,썰쇼핑,75100,2026-09-09 02:35:38
RUkFR7t61Rw,https://www.youtube.com/watch?v=RUkFR7t61Rw,ucdzguqgjnb3fd6jgxvn-obq,오리핫템,"망가진 지퍼, 이젠 버리지 마세요! 1분 셀프 수선 꿀팁",1350,0,2026-08-25T11:34:24.676804+00:00,2026-09-08T11:10:24.676804+00:00,2026-09-08T11:10:24.676804+00:00,홈템,썰쇼핑,19900,2026-09-09 07:08:49
OP-FQHftX98,https://www.youtube.com/watch?v=OP-FQHftX98,ucw5k_x62_is3ccatyi8_pkg,이거뭐야,10미터 풀려 나오는 릴라이트 #꿀템 #살림팁,1347,0,2026-09-13T09:58:03.000270+00:00,2026-09-13T23:10:02.300105+00:00,2026-09-16T05:10:03.000270+00:00,홈템,썰쇼핑,10700,2026-09-09 07:08:49
-uNP6KHnaSc,https://www.youtube.com/watch?v=-uNP6KHnaSc,uc3afdr5jbqxyqrnxarzywsg,elumiaa,Wow 이 초콜릿은 뜯지 마세요. 잘못 먹으면 후회합니다.,1346,0,2026-08-27T23:22:02.680133+00:00,2026-09-08T11:10:24.676804+00:00,2026-09-10T08:10:02.680133+00:00,기타,썰쇼핑,158,2026-09-09 07:08:49
XaZgc8S7KOg,https://www.youtube.com/watch?v=XaZgc8S7KOg,uc4gpegusm1huqjwho9og8fa,와그라노TV,(속보)'신화가 무너지는 겁니다' 유능하다는 그 하나가 흔들릴까,1345,0,2026-09-13T21:46:03.000270+00:00,2026-09-13T23:10:02.300105+00:00,2026-09-16T05:10:03.000270+00:00,기타,썰쇼핑,0,2026-08-19 05:56:25
Z-GraNOEy54,https://www.youtube.com/watch?v=Z-GraNOEy54,uctmchwo4yehl0exsqp_apog,생활꿀템추천샵,"다이소엔 절대 없는 쿠팡 꿀템, 주방 수납장 끝판왕 #슬라이딩수납장 #주방꿀템",1345,1,2026-09-02T03:28:03.157352+00:00,2026-09-08T10:27:51.412064+00:00,2026-09-15T23:10:03.157352+00:00,홈템,썰쇼핑,6830,2026-09-09 07:08:49
8TuJjSK-XHU,https://www.youtube.com/watch?v=8TuJjSK-XHU,uc963edydyw3xjtuisucdbww,인생굿즈,기막힌 원리로 SNS조회수 떡상한 제품,1345,2,2026-08-30T09:04:02.819135+00:00,2026-09-08T11:10:24.676804+00:00,2026-09-13T05:10:02.819135+00:00,기타,썰쇼핑,15600,2026-09-09 07:08:49
5KqSf-UEbX8,https://www.youtube.com/watch?v=5KqSf-UEbX8,ucrbvn94qfocjbtkhepz7heg,전설의레전드,전동 너프건 놀이가 주는역대급 놀라운 효과,1345,0,2026-08-27T14:58:02.680133+00:00,2026-09-08T11:10:24.676804+00:00,2026-09-10T08:10:02.680133+00:00,기타,썰쇼핑,10900,2026-09-09 07:08:49
P62vRJaiW1M,https://www.youtube.com/watch?v=P62vRJaiW1M,uckec0idwzpe-sam6su0ztcg,실링홈,주방 더러워지는 거 싫어하는 사람 필수 #살림꿀팁 #주방용품  #주부꿀템  #살림초보 #살림템,1344,1,2026-09-06T12:52:03.000270+00:00,2026-09-06T23:10:01.282766+00:00,2026-09-16T05:10:03.000270+00:00,홈템,썰쇼핑,0,2026-08-19 05:56:25
cYUyX3n1V5g,https://www.youtube.com/watch?v=cYUyX3n1V5g,ucuqlpkmvlvup_zybdejc0fw,꿀템통,🔥다이소가면 무조건 쟁여오세요! 다이소 꿀템 3가지! #다이소 #다이소품절템 #다이소추천 #다이소추천템 #다이소꿀템 #다이소신상  #살림템 #꿀팁 #다이소,1344,1,2026-08-25T23:58:01.332600+00:00,2026-09-04T23:10:02.346310+00:00,2026-09-08T23:10:01.332600+00:00,홈템,썰쇼핑,0,2026-08-19 05:56:25
CayhBQ6cBUU,https://www.youtube.com/watch?v=CayhBQ6cBUU,ucknyotic61bk0usui1ixavg,으니픽,콧털대신 뽑는 도파민 터지는 제품의 정체 #피젯블록실뽑기 #생활용품,1342,1,2026-09-13T01:22:03.000270+00:00,2026-09-13T05:10:02.819135+00:00,2026-09-16T05:10:03.000270+00:00,제품정체형,썰쇼핑,1300,2026-09-09 07:08:49
u7FeZ-p0Vaw,https://www.youtube.com/watch?v=u7FeZ-p0Vaw,ucbpaopjknymyrihzwt5c_mg,리빙플립,잡동사니 지옥 탈출! 내 맘대로 칸 조절하는 만능 서랍 정리템,1342,0,2026-09-12T23:16:03.000270+00:00,2026-09-13T05:10:02.819135+00:00,2026-09-16T05:10:03.000270+00:00,홈템,썰쇼핑,13100,2026-09-09 07:08:49
Fxdj_mwcUEU,https://www.youtube.com/watch?v=Fxdj_mwcUEU,ucqnbrrb-zbu_7o5ksr27l6g,리치쇼핑,무선 미니 진공포장기,1342,1,2026-09-10T00:58:03.000270+00:00,2026-09-10T08:10:02.680133+00:00,2026-09-16T05:10:03.000270+00:00,제품정체형,썰쇼핑,3050,2026-09-14 07:04:05
YutFWSE1wig,https://www.youtube.com/watch?v=YutFWSE1wig,uc5ibeeh_ee8jv5lr9ikkbng,핑크수저,화장에 진심인 한국이 개발한 미친 성능 제품,1342,1,2026-09-02T01:58:03.157352+00:00,2026-09-08T12:30:44.178691+00:00,2026-09-15T23:10:03.157352+00:00,뷰티,썰쇼핑,42,2026-09-09 07:08:49
dMSk_Hfgjbk,https://www.youtube.com/watch?v=dMSk_Hfgjbk,ucbx5cgjqdhqxdk4fn6ltj3g,찐리뷰 클라쓰,넓이 조절되는 틈새 수납 트롤리! 좁은 공간 활용 꿀템!,1341,1,2026-09-14T08:58:03.000270+00:00,2026-09-14T23:10:03.036703+00:00,2026-09-16T05:10:03.000270+00:00,홈템,썰쇼핑,23700,2026-09-09 07:08:49
dJqYhsaGoC0,https://www.youtube.com/watch?v=dJqYhsaGoC0,uc_zfdnlzdtdvq8o_7bvtucq,사아말아,천재적 편의성을 넣은 카드형 이어폰,1341,0,2026-09-01T09:46:02.238212+00:00,2026-09-14T23:10:03.036703+00:00,2026-09-15T05:10:02.238212+00:00,제품정체형,썰쇼핑,1070,2026-09-14 07:04:05
A7O_QNUfd-4,https://www.youtube.com/watch?v=A7O_QNUfd-4,ucz-slgdofm414lil2nz0qea,장바구니 털기,상사 때문에 퇴사할 뻔한 직장인이 꺼낸 물건,1339,1,2026-09-12T01:58:03.000270+00:00,2026-09-14T23:10:03.036703+00:00,2026-09-16T05:10:03.000270+00:00,기타,썰쇼핑,1020,2026-09-14 07:04:05
0sy-8fkfui0,https://www.youtube.com/watch?v=0sy-8fkfui0,uc-jocgjnh8ewwrhzgtxaq8g,별난상점,똥손도 성공하는 레전드 아이템 ㄷㄷ,1339,0,2026-08-30T04:16:03.131380+00:00,2026-09-08T11:10:24.676804+00:00,2026-09-12T23:10:03.131380+00:00,기타,썰쇼핑,1360,2026-09-09 07:08:49
IU-VdkgkQno,https://www.youtube.com/watch?v=IU-VdkgkQno,uctgtq10wqqxfeortrnn5vha,뭐길래? | 생활 꿀템 쇼츠,간병할 때 진짜 필요한 건 이런 거였음,1339,0,2026-08-27T23:46:02.680133+00:00,2026-09-08T11:10:24.676804+00:00,2026-09-10T08:10:02.680133+00:00,기타,썰쇼핑,1020,2026-09-09 07:08:49
VsNNq2srGsw,https://www.youtube.com/watch?v=VsNNq2srGsw,ucl73b511gokm8guqlm9zsbq,먼지잼,차 바닥에 짐 굴러다니는 거 이거 하나로 끝냈습니다,1338,0,2026-09-05T13:52:03.000270+00:00,2026-09-08T11:10:24.676804+00:00,2026-09-16T05:10:03.000270+00:00,차량템,썰쇼핑,10100,2026-09-09 07:08:49
dpUrM4BID00,https://www.youtube.com/watch?v=dpUrM4BID00,uccbu4mtnb9zci40hsckmcog,꿀생템,"부모님 손에 들린 검은 봉지, 이걸로 싹 치웠습니다(광고)👉제품보기는 프로필을 링크에서 89번 검색해 주세요👉",1338,0,2026-08-26T21:22:02.542305+00:00,2026-09-08T12:30:44.178691+00:00,2026-09-09T05:10:02.542305+00:00,기타,썰쇼핑,95,2026-09-09 07:08:49
ov6j3RMjQYU,https://www.youtube.com/watch?v=ov6j3RMjQYU,uc_2n09uyqrzul678tb6p7aa,살림꿀템,다이소도 놀란 미친 활용법,1337,1,2026-09-02T14:22:03.000270+00:00,2026-09-04T23:10:02.346310+00:00,2026-09-16T05:10:03.000270+00:00,오용형,썰쇼핑,12000,2026-09-09 07:08:49
y43wzJQ_zvc,https://www.youtube.com/watch?v=y43wzJQ_zvc,ucdvrwmwmqjhagagpphxzlda,살림라디오,다이소 가면 무조건 담아야 하는 후크 활용법 #LifeHacks #HomeHacks #Shorts,1337,1,2026-09-02T07:46:03.000270+00:00,2026-09-04T23:10:02.346310+00:00,2026-09-16T05:10:03.000270+00:00,홈템,썰쇼핑,22,2026-09-09 07:08:49
sJCfSChN0Zs,https://www.youtube.com/watch?v=sJCfSChN0Zs,ucsevfs9sqzl_tuzrqzsu1yq,쇼츠룸,치즈 하나 얻으려고 산에서 구르는 광기  #치즈굴리기 #영국축제 #몸개그 #이색스포츠 #광기,1337,0,2026-09-12T04:58:03.000270+00:00,2026-09-14T23:10:03.036703+00:00,2026-09-16T05:10:03.000270+00:00,기타,썰쇼핑,1150,2026-09-14 07:04:05
rb1Tl--uC3k,https://www.youtube.com/watch?v=rb1Tl--uC3k,ucjcbuxcvr7fojmnvzw3haua,상자쿤,랜턴 하나 꺼냈는데 가로등이 됐습니다,1334,0,2026-09-13T22:46:03.000270+00:00,2026-09-13T23:10:02.300105+00:00,2026-09-16T05:10:03.000270+00:00,기타,썰쇼핑,5860,2026-09-09 07:08:49
43S7ZScXUzY,https://www.youtube.com/watch?v=43S7ZScXUzY,ucw5k_x62_is3ccatyi8_pkg,이거뭐야,변기 뚜껑에 붙여 떡상한 후크 #꿀템 #인테리어,1334,0,2026-09-08T09:58:03.000270+00:00,2026-09-08T11:10:24.676804+00:00,2026-09-16T05:10:03.000270+00:00,홈템,썰쇼핑,10700,2026-09-09 07:08:49
baLeVZRpQkQ,https://www.youtube.com/watch?v=baLeVZRpQkQ,uc4fczuxwwbj0rsvbtvay3bg,숏팡,숙박비를 없애버린 천재의 발명품,1333,0,2026-09-15T08:16:03.000270+00:00,2026-09-15T23:10:03.157352+00:00,2026-09-16T05:10:03.000270+00:00,제품정체형,썰쇼핑,43100,2026-09-09 07:08:49
lSvHE7JRNuc,https://www.youtube.com/watch?v=lSvHE7JRNuc,uc_zfdnlzdtdvq8o_7bvtucq,사아말아,매장 접고 떼돈 번 도넛자판기,1333,0,2026-09-06T08:28:03.000270+00:00,2026-09-14T23:10:03.036703+00:00,2026-09-16T05:10:03.000270+00:00,제품정체형,썰쇼핑,1070,2026-09-14 07:04:05
Td-z04E2bR8,https://www.youtube.com/watch?v=Td-z04E2bR8,ucamzjidsn-e1fi_kpveqt_q,순삭킥,게임 속에서 방금 튀어나온 듯한 비주얼의 강아지 #게임캐릭터 #강아지 #귀여운짤 #이색영상 #꿀잼,1332,0,2026-09-06T10:58:03.000270+00:00,2026-09-14T23:10:03.036703+00:00,2026-09-16T05:10:03.000270+00:00,기타,썰쇼핑,8870,2026-09-14 07:06:10
5_xnaME7UFc,https://www.youtube.com/watch?v=5_xnaME7UFc,uckkeqaxjmev8w7gd4h5kcaw,이상한철물점,4만원이면 주방 후드 완성,1332,3,2026-08-31T23:10:03.036703+00:00,2026-09-04T23:10:02.346310+00:00,2026-09-14T23:10:03.036703+00:00,홈템,썰쇼핑,0,2026-08-19 05:56:25
Ktn2D600Lko,https://www.youtube.com/watch?v=Ktn2D600Lko,uclmlddtl8vprxs4fmpfa8bw,@쿠템헌터3,발상의 전환으로 부자된 기발한 발명품,1331,0,2026-09-08T10:58:03.000270+00:00,2026-09-08T11:10:24.676804+00:00,2026-09-16T05:10:03.000270+00:00,제품정체형,썰쇼핑,164000,2026-09-09 07:08:49
jmVJCCIiRdY,https://www.youtube.com/watch?v=jmVJCCIiRdY,uc_vnciqax_yorgwxnkb2oua,꿀템박스,2026년 9월 15일,1331,1,2026-09-15T08:58:03.000270+00:00,2026-09-15T23:10:03.157352+00:00,2026-09-16T05:10:03.000270+00:00,기타,썰쇼핑,148,2026-09-14 07:04:05
jF4h4V1xrLI,https://www.youtube.com/watch?v=jF4h4V1xrLI,uclmlddtl8vprxs4fmpfa8bw,@쿠템헌터3,한 천재 개발자가 만들어 부자가 된 제품의 정체,1330,0,2026-09-03T10:58:03.000270+00:00,2026-09-04T23:10:02.346310+00:00,2026-09-16T05:10:03.000270+00:00,제품정체형,썰쇼핑,164000,2026-09-09 07:08:49
1b4LXnZiASM,https://www.youtube.com/watch?v=1b4LXnZiASM,uc4iyryt1y1d5_cdjaocsk6q,설렘픽,샵 원장님이 알려준 1초 속눈썹✨,1329,1,2026-09-01T22:46:02.238212+00:00,2026-09-04T23:10:02.346310+00:00,2026-09-15T05:10:02.238212+00:00,기타,썰쇼핑,2580,2026-09-09 07:08:49
zLM5dH84wZc,https://www.youtube.com/watch?v=zLM5dH84wZc,uc8xd-qdceh3dtim7_ho4nsg,살림자매,방금 세탁한 수건인데 이 물 뭐죠?😱 워싱소다로 수건 냄새 잡기 #살림꿀팁 #살림템,1329,3,2026-08-25T12:36:44.178691+00:00,2026-09-04T23:10:02.346310+00:00,2026-09-08T12:30:44.178691+00:00,홈템,썰쇼핑,17500,2026-09-09 02:35:38
Lcqhh7_zPu4,https://www.youtube.com/watch?v=Lcqhh7_zPu4,uc4gpegusm1huqjwho9og8fa,와그라노TV,(속보)'대체 뭘 지켰습니까' 11월 데드라인 왜 한국만일까,1328,4,2026-09-14T09:58:03.000270+00:00,2026-09-14T23:10:03.036703+00:00,2026-09-16T05:10:03.000270+00:00,기타,썰쇼핑,0,2026-08-19 05:56:25
v9hmUDKgies,https://www.youtube.com/watch?v=v9hmUDKgies,ucynpgh7_qesow4pbljhmi2q,유머굿템,집에서 유산소 운동하며 스트레스 풀기,1328,0,2026-09-08T09:58:03.000270+00:00,2026-09-08T11:10:24.676804+00:00,2026-09-16T05:10:03.000270+00:00,기타,썰쇼핑,17500,2026-09-09 07:08:49
-5UkLl1HZ_Y,https://www.youtube.com/watch?v=-5UkLl1HZ_Y,ucw-vssbyj4pqqcvfzyqxp5q,쇼컷리뷰,"😄쿠팡파트너스 활동의 일환으로, 수수료를 제공받습니다.",1328,1,2026-09-01T05:16:02.238212+00:00,2026-09-14T23:10:03.036703+00:00,2026-09-15T05:10:02.238212+00:00,기타,썰쇼핑,605,2026-09-14 07:06:10
K9My2uhk5LA,https://www.youtube.com/watch?v=K9My2uhk5LA,ucksqwbppwreyk9sxnodup7w,꿀템튜브,개발한 미국 개발자를 돈방석에 앉게 한 제품,1327,1,2026-08-31T01:58:02.300105+00:00,2026-09-08T11:10:24.676804+00:00,2026-09-13T23:10:02.300105+00:00,제품정체형,썰쇼핑,70,2026-09-09 07:08:49
mVfJUD33_FY,https://www.youtube.com/watch?v=mVfJUD33_FY,uctitdnbvhe3k4eufjury8qg,꿀템연구소,쌓기만 해도 정리 끝 이케아 수납함,1327,1,2026-08-26T08:58:02.542305+00:00,2026-09-04T23:10:02.346310+00:00,2026-09-09T05:10:02.542305+00:00,홈템,썰쇼핑,10400,2026-09-09 07:08:49
Mgypxk0F2YY,https://www.youtube.com/watch?v=Mgypxk0F2YY,ucsevfs9sqzl_tuzrqzsu1yq,쇼츠룸,성질급한 남편과 사는 아내#현실부부 #부부공감 #남편 #웃긴영상 #부부일상,1326,0,2026-09-03T04:58:03.000270+00:00,2026-09-14T23:10:03.036703+00:00,2026-09-16T05:10:03.000270+00:00,기타,썰쇼핑,1150,2026-09-14 07:04:05
pqywW8ksI_8,https://www.youtube.com/watch?v=pqywW8ksI_8,ucw-vssbyj4pqqcvfzyqxp5q,쇼컷리뷰,가스라이터 아직도 쓰는 사람만 손해 보는 이유,1326,1,2026-09-04T14:04:03.000270+00:00,2026-09-14T23:10:03.036703+00:00,2026-09-16T05:10:03.000270+00:00,기타,썰쇼핑,605,2026-09-14 07:06:10
JFYR-4oE-gM,https://www.youtube.com/watch?v=JFYR-4oE-gM,uctxuvpifjihgl8c8mfzqmoa,나를 위한 발견,미대생들이 씹어먹은 이케아 보드,1326,1,2026-09-01T23:10:02.238212+00:00,2026-09-04T23:10:02.346310+00:00,2026-09-15T05:10:02.238212+00:00,기타,썰쇼핑,32,2026-09-14 07:04:05
Ru2QzOCyqjI,https://www.youtube.com/watch?v=Ru2QzOCyqjI,ucbpaopjknymyrihzwt5c_mg,리빙플립,해외 여행갈때 이건 꼭 챙겨가세요,1324,0,2026-09-14T22:58:03.000270+00:00,2026-09-14T23:10:03.036703+00:00,2026-09-16T05:10:03.000270+00:00,홈템,썰쇼핑,13100,2026-09-09 07:08:49
PKbH3S-PtEI,https://www.youtube.com/watch?v=PKbH3S-PtEI,ucbpaopjknymyrihzwt5c_mg,리빙플립,기름때 닦고 물로만 쓱! 평생 하던 행주 삶기 끝내는 법,1322,0,2026-09-15T22:58:03.000270+00:00,2026-09-15T23:10:03.157352+00:00,2026-09-16T05:10:03.000270+00:00,홈템,썰쇼핑,13100,2026-09-09 07:08:49
AvefEZPmpPk,https://www.youtube.com/watch?v=AvefEZPmpPk,ucmyc8jr2jkq5fxuskohc_pq,소장각템,주빙 기름때를 멸종시킨 한국 천재의 발명품 #미니후드 #살림템,1322,0,2026-09-10T22:58:03.000270+00:00,2026-09-14T23:10:03.036703+00:00,2026-09-16T05:10:03.000270+00:00,제품정체형,썰쇼핑,8,2026-09-14 07:04:05
IOg4O1y-ieA,https://www.youtube.com/watch?v=IOg4O1y-ieA,uct_k9uncg3axxb8ujj9f2_g,속닥마켓,50년 동안 살아남은 추억의 과자 비밀,1321,1,2026-08-25T23:00:44.178691+00:00,2026-09-08T11:10:24.676804+00:00,2026-09-08T12:30:44.178691+00:00,제품정체형,썰쇼핑,82,2026-09-09 07:08:49
h-KFzG-3fk8,https://www.youtube.com/watch?v=h-KFzG-3fk8,ucdzguqgjnb3fd6jgxvn-obq,오리핫템,"모자 땀 얼룩, 물만 붓고 누르면 뽀송! 모자 복원기 혁신",1320,0,2026-08-27T10:34:02.680133+00:00,2026-09-08T11:10:24.676804+00:00,2026-09-10T08:10:02.680133+00:00,기타,썰쇼핑,19900,2026-09-09 07:08:49
EXeUo2-nJVQ,https://www.youtube.com/watch?v=EXeUo2-nJVQ,ucury26mdc8dmmsffuwlhzda,1분쇼핑,탐지기는 물고기인지 수초인지 모릅니다 [000번],1319,1,2026-09-12T12:22:03.000270+00:00,2026-09-14T23:10:03.036703+00:00,2026-09-16T05:10:03.000270+00:00,기타,썰쇼핑,32,2026-09-14 07:04:05
0UrvLtQOCb8,https://www.youtube.com/watch?v=0UrvLtQOCb8,ucmeifnqi1f99moxyzgcrp2q,발견상자,좁은 원룸에서 ‘공간’을 통째로 바꿔버린 방법,1318,0,2026-09-10T01:46:03.000270+00:00,2026-09-10T08:10:02.680133+00:00,2026-09-16T05:10:03.000270+00:00,홈템,썰쇼핑,1080,2026-09-09 07:08:49
t4EXEzhRY2U,https://www.youtube.com/watch?v=t4EXEzhRY2U,uclmlddtl8vprxs4fmpfa8bw,@쿠템헌터3,다이소에 나오면 바로 구매할 진짜 필요한 발명품,1318,0,2026-08-25T10:57:51.412064+00:00,2026-09-04T23:10:02.346310+00:00,2026-09-08T10:27:51.412064+00:00,제품정체형,썰쇼핑,164000,2026-09-09 07:08:49
hNgZVAlTlBM,https://www.youtube.com/watch?v=hNgZVAlTlBM,uc4gpegusm1huqjwho9og8fa,와그라노TV,비상금 틀킨 남편ㄷㄷ 아내가 글러브를 꼈다,1317,1,2026-09-05T09:28:03.000270+00:00,2026-09-05T23:10:01.374377+00:00,2026-09-16T05:10:03.000270+00:00,기타,썰쇼핑,0,2026-08-19 05:56:25
8OpTGhHVD70,https://www.youtube.com/watch?v=8OpTGhHVD70,ucubpeqak9dgcj93bilzcs-q,마케터의 시선,다이소야 이거 5천원에 안되겠니 유튜브,1317,0,2026-08-29T11:22:02.660921+00:00,2026-09-08T11:10:24.676804+00:00,2026-09-12T05:10:02.660921+00:00,홈템,썰쇼핑,69,2026-09-09 07:08:49
ON8M40TVOzc,https://www.youtube.com/watch?v=ON8M40TVOzc,uca1sbg9pja6ilneecrbsrlq,별걸다봄,살림 고수들이 몰래 사모으는 스티커,1317,3,2026-08-26T08:52:02.542305+00:00,2026-09-04T23:10:02.346310+00:00,2026-09-09T05:10:02.542305+00:00,제품정체형,썰쇼핑,17700,2026-09-09 07:08:49
uSS6ZqUcQ3Y,https://www.youtube.com/watch?v=uSS6ZqUcQ3Y,uct_k9uncg3axxb8ujj9f2_g,속닥마켓,"기름때 물티슈 공업용 클리너 티슈, 주방 후드 3초 컷 난리난 이유",1316,0,2026-09-03T11:28:03.000270+00:00,2026-09-08T11:10:24.676804+00:00,2026-09-16T05:10:03.000270+00:00,홈템,썰쇼핑,82,2026-09-09 07:08:49
OHnGMOSynAQ,https://www.youtube.com/watch?v=OHnGMOSynAQ,uckpphyi5ul6uw-axomcfmia,뽀터언니,중식당도 예상못한 주부의 새우요리,1315,2,2026-09-13T09:28:03.000270+00:00,2026-09-13T23:10:02.300105+00:00,2026-09-16T05:10:03.000270+00:00,제품정체형,썰쇼핑,1350,2026-09-09 07:08:49
KislFt-5hqE,https://www.youtube.com/watch?v=KislFt-5hqE,ucftoksv4zeitypvhoilopjg,우리살림,비싼시술없이 착색 싹지워주는 뷰티템,1315,2,2026-08-31T09:28:02.569334+00:00,2026-09-04T23:10:02.346310+00:00,2026-09-14T05:10:02.569334+00:00,뷰티,썰쇼핑,0,2026-08-19 05:56:25
oQc2AnwQYj0,https://www.youtube.com/watch?v=oQc2AnwQYj0,ucbpaopjknymyrihzwt5c_mg,리빙플립,가방 고정에 폰 거치까지? 안 사면 손해인 숨은 꿀템,1311,0,2026-09-07T10:46:03.000270+00:00,2026-09-07T23:10:02.851021+00:00,2026-09-16T05:10:03.000270+00:00,홈템,썰쇼핑,13100,2026-09-09 07:08:49
TXyHeKAKX4s,https://www.youtube.com/watch?v=TXyHeKAKX4s,ucxr-td74un9tpuvlbq3ebxw,상상세계,다이소 덕후들의 신박한 압축봉 활용법,1311,0,2026-09-12T07:52:03.000270+00:00,2026-09-12T23:10:03.131380+00:00,2026-09-16T05:10:03.000270+00:00,제품정체형,썰쇼핑,1410,2026-09-09 07:08:49
aLn7Aws91iI,https://www.youtube.com/watch?v=aLn7Aws91iI,uckec0idwzpe-sam6su0ztcg,실링홈,계란판 뜯지 말고 이렇게 쓰세요 #주부꿀팁 #살림 #정리 #냉장고정리 #살림템,1310,1,2026-08-26T10:16:02.542305+00:00,2026-09-04T23:10:02.346310+00:00,2026-09-09T05:10:02.542305+00:00,홈템,썰쇼핑,0,2026-08-19 05:56:25
Kl_XJH3m_Ss,https://www.youtube.com/watch?v=Kl_XJH3m_Ss,ucmeifnqi1f99moxyzgcrp2q,발견상자,부부가 왜 조용해졌는지 알수 있는 장치,1309,0,2026-09-10T15:40:03.000270+00:00,2026-09-11T02:10:02.367900+00:00,2026-09-16T05:10:03.000270+00:00,기타,썰쇼핑,1080,2026-09-09 07:08:49
vbBFcScH9Ng,https://www.youtube.com/watch?v=vbBFcScH9Ng,ucnjzp1yaah_e7hun6_uiduq,세꿀상점,회의실에서 펜을 빼앗아간 발명품,1309,0,2026-09-15T01:34:03.000270+00:00,2026-09-15T05:10:02.238212+00:00,2026-09-16T05:10:03.000270+00:00,제품정체형,썰쇼핑,10,2026-09-14 07:04:05
JIuRdWs5DIA,https://www.youtube.com/watch?v=JIuRdWs5DIA,ucnjzp1yaah_e7hun6_uiduq,세꿀상점,돌돌이 유저가 뒷목 잡는 발명품,1306,0,2026-09-12T03:40:03.000270+00:00,2026-09-14T23:10:03.036703+00:00,2026-09-16T05:10:03.000270+00:00,제품정체형,썰쇼핑,10,2026-09-14 07:04:05
oO3hWexjcoU,https://www.youtube.com/watch?v=oO3hWexjcoU,ucury26mdc8dmmsffuwlhzda,1분쇼핑,에어 텐트로 물 위에 무릉도원을 뚝딱 만드는 방법,1306,1,2026-09-10T07:10:03.000270+00:00,2026-09-14T23:10:03.036703+00:00,2026-09-16T05:10:03.000270+00:00,기타,썰쇼핑,32,2026-09-14 07:04:05
nmspKkebHLs,https://www.youtube.com/watch?v=nmspKkebHLs,uckec0idwzpe-sam6su0ztcg,실링홈,요리 고수들이 기름병 대신 쓰는 이것 #살림템 #주방꿀템 #요리꿀팁  #주부꿀템,1305,1,2026-09-14T01:28:03.000270+00:00,2026-09-14T05:10:02.569334+00:00,2026-09-16T05:10:03.000270+00:00,홈템,썰쇼핑,0,2026-08-19 05:56:25
-axlCSO9keE,https://www.youtube.com/watch?v=-axlCSO9keE,ucw5k_x62_is3ccatyi8_pkg,이거뭐야,목에 걸면 거북목 잡아주는 목밴드 #꿀템 #살림팁,1305,0,2026-09-12T14:16:03.000270+00:00,2026-09-12T23:10:03.131380+00:00,2026-09-16T05:10:03.000270+00:00,홈템,썰쇼핑,10700,2026-09-09 07:08:49
qUs5ACM72u0,https://www.youtube.com/watch?v=qUs5ACM72u0,uc5-un3i3gbzmsce0wofciyq,꽈리 원픽,"굶지 않고 뱃살 쏙 뺐다는,장윤정의 충격적인 관리법",1303,0,2026-09-05T23:58:03.000270+00:00,2026-09-06T23:10:01.282766+00:00,2026-09-16T05:10:03.000270+00:00,기타,썰쇼핑,10100,2026-09-09 07:08:49
4n6Qfl9QsO0,https://www.youtube.com/watch?v=4n6Qfl9QsO0,uc3afdr5jbqxyqrnxarzywsg,elumiaa,가장 똑똑한 개가 파양률 1위인 이유 #강아지 #반려견 #보더콜리 #shortsviral,1300,0,2026-09-14T13:58:03.000270+00:00,2026-09-14T23:10:03.036703+00:00,2026-09-16T05:10:03.000270+00:00,기타,썰쇼핑,158,2026-09-09 07:08:49
XQ_3fO2_x44,https://www.youtube.com/watch?v=XQ_3fO2_x44,uckpphyi5ul6uw-axomcfmia,뽀터언니,세계 기준도 당황한 초콜릿의 정체,1299,1,2026-09-15T09:46:03.000270+00:00,2026-09-15T23:10:03.157352+00:00,2026-09-16T05:10:03.000270+00:00,제품정체형,썰쇼핑,1350,2026-09-09 07:08:49
zT9Ptnh4KiE,https://www.youtube.com/watch?v=zT9Ptnh4KiE,uclh-_xmcx20mxd8jkqn9ama,템파라치,브라우니야? 치즈케이크야? ✨ 역대급 조합 바치케 만들기,1299,1,2026-09-08T01:46:03.000270+00:00,2026-09-08T10:27:51.412064+00:00,2026-09-16T05:10:03.000270+00:00,기타,썰쇼핑,0,2026-08-19 05:56:25
Rz-xUNpLgmM,https://www.youtube.com/watch?v=Rz-xUNpLgmM,ucr7qe2otqgcsffjujlnnjma,다마다마,제조사도 예상못한 의외의 사용법,1299,0,2026-09-02T07:16:03.000270+00:00,2026-09-14T23:10:03.036703+00:00,2026-09-16T05:10:03.000270+00:00,오용형,썰쇼핑,815,2026-09-14 07:04:05
tpz9G0iEoBs,https://www.youtube.com/watch?v=tpz9G0iEoBs,ucee8ue8x00th6esoz0w08eq,살림보고,교도소에서 세척력 대박나 출시된 세탁비누 #shorts,1298,2,2026-09-12T14:58:03.000270+00:00,2026-09-12T23:10:03.131380+00:00,2026-09-16T05:10:03.000270+00:00,홈템,썰쇼핑,10800,2026-09-09 07:08:49
W0_M2WIhKKs,https://www.youtube.com/watch?v=W0_M2WIhKKs,ucmyc8jr2jkq5fxuskohc_pq,소장각템,아직도 쪼그려 빨래해?허리 살리는 세면대 꿈템!!,1298,1,2026-09-01T22:58:02.238212+00:00,2026-09-14T23:10:03.036703+00:00,2026-09-15T05:10:02.238212+00:00,기타,썰쇼핑,8,2026-09-14 07:04:05
5kyG41RFKK0,https://www.youtube.com/watch?v=5kyG41RFKK0,uc-jocgjnh8ewwrhzgtxaq8g,별난상점,쓰자마자 마음의 평화가 온다는 필수템 ㄷㄷ,1297,0,2026-08-27T10:58:02.680133+00:00,2026-09-08T11:10:24.676804+00:00,2026-09-10T08:10:02.680133+00:00,기타,썰쇼핑,1360,2026-09-09 07:08:49
piUTW_KgOZY,https://www.youtube.com/watch?v=piUTW_KgOZY,ucmlj9igwl-abyr83b7upqda,이슈 리뷰어,(ASMR 소곤소곤 썰) 아이가 준 선물이 충격적임 이유 #웃긴이야기,1296,0,2026-09-05T01:46:03.000270+00:00,2026-09-05T04:42:28.257041+00:00,2026-09-16T05:10:03.000270+00:00,기타,썰쇼핑,0,2026-08-19 05:56:25
KyiHwcDvt2s,https://www.youtube.com/watch?v=KyiHwcDvt2s,uc5gvjoaf9cwonmlvji_bfmq,이거하나,엄청난 기능으로 대떡상한 제품 ㄷㄷ,1296,0,2026-09-10T10:58:03.000270+00:00,2026-09-14T23:10:03.036703+00:00,2026-09-16T05:10:03.000270+00:00,기타,썰쇼핑,1270,2026-09-14 07:04:05
vBlXXT3cUdk,https://www.youtube.com/watch?v=vBlXXT3cUdk,ucury26mdc8dmmsffuwlhzda,1분쇼핑,과일 손으로만 문지르는 사람만 손해 보는 이유,1296,1,2026-09-06T22:58:03.000270+00:00,2026-09-14T23:10:03.036703+00:00,2026-09-16T05:10:03.000270+00:00,기타,썰쇼핑,32,2026-09-14 07:04:05
BU4hNn94MsM,https://www.youtube.com/watch?v=BU4hNn94MsM,uct_k9uncg3axxb8ujj9f2_g,속닥마켓,매일유업이 카페 사장들 극대노할 미친 음료를 냈습니다,1295,1,2026-09-15T16:16:03.000270+00:00,2026-09-15T23:10:03.157352+00:00,2026-09-16T05:10:03.000270+00:00,기타,썰쇼핑,82,2026-09-09 07:08:49
Db1jlKBmAZk,https://www.youtube.com/watch?v=Db1jlKBmAZk,ucaz-w-vzcbiuqvjnkbvcung,김마마,송치 스웨이드 공효진 스니커즈,1293,0,2026-09-08T12:58:03.000270+00:00,2026-09-09T04:37:54.503187+00:00,2026-09-16T05:10:03.000270+00:00,기타,썰쇼핑,12900,2026-09-09 07:08:49
Vbk76Pt2anM,https://www.youtube.com/watch?v=Vbk76Pt2anM,uctvonxoqv3-ntqka3lhafnq,담아,절대 사지 마세요 요리가 너무 쉬워집니다,1293,1,2026-08-24T22:58:01.282766+00:00,2026-09-04T23:10:02.346310+00:00,2026-09-06T23:10:01.282766+00:00,레시피,썰쇼핑,187,2026-09-09 07:08:49
xixhrq3ZEGg,https://www.youtube.com/watch?v=xixhrq3ZEGg,ucdrpxmsqn83qromdpq0ai6q,톡템,지저분한 거실 순식간에 쇼룸 만드는 미드센추리 감성 모듈 수납장,1292,3,2026-09-12T08:16:03.000270+00:00,2026-09-14T23:10:03.036703+00:00,2026-09-16T05:10:03.000270+00:00,홈템,썰쇼핑,1090,2026-09-14 07:20:43
OYX9IWwZBtk,https://www.youtube.com/watch?v=OYX9IWwZBtk,uccbu4mtnb9zci40hsckmcog,꿀생템,손가락만한 키링인데... 가방이라고?!(광고)👉제품보기는 프로필을 링크에서 96번 검색해 주세요👉,1291,0,2026-09-09T23:22:03.000270+00:00,2026-09-11T02:10:02.367900+00:00,2026-09-16T05:10:03.000270+00:00,기타,썰쇼핑,95,2026-09-09 07:08:49
73nk9Ybvsv4,https://www.youtube.com/watch?v=73nk9Ybvsv4,uccbu4mtnb9zci40hsckmcog,꿀생템,가방 입구 쩍 벌어져서 민망하셨던 분들 필독!(광고)👉제품보기는 프로필을 링크에서 95번 검색해 주세요👉,1290,0,2026-09-08T22:40:03.000270+00:00,2026-09-09T23:10:01.358608+00:00,2026-09-16T05:10:03.000270+00:00,기타,썰쇼핑,95,2026-09-09 07:08:49
OMnz1vFm7S8,https://www.youtube.com/watch?v=OMnz1vFm7S8,ucksqwbppwreyk9sxnodup7w,꿀템튜브,개발한 천재를 돈방석에 앉게 해준 제품의 정체,1289,1,2026-09-05T07:58:03.000270+00:00,2026-09-08T11:10:24.676804+00:00,2026-09-16T05:10:03.000270+00:00,제품정체형,썰쇼핑,70,2026-09-09 07:08:49
FITFRosznLM,https://www.youtube.com/watch?v=FITFRosznLM,ucnjzp1yaah_e7hun6_uiduq,세꿀상점,음악 터지는 방구석 UFO의 정체,1289,0,2026-09-13T22:10:03.000270+00:00,2026-09-14T23:10:03.036703+00:00,2026-09-16T05:10:03.000270+00:00,제품정체형,썰쇼핑,10,2026-09-14 07:04:05
7qxj747AKoI,https://www.youtube.com/watch?v=7qxj747AKoI,ucxqe5br7t3dym4kfsmw_xcw,반디몰,바느질 없이 1초 만에 단추 다는 법? 수선비 굳혀주는 똑딱이 단추 펜치 🧷✨  #똑딱이단추 #셀프수선 #옷수선 #단추달기 #아기옷수선 #살림꿀템 #바느질꿀템 #수선꿀팁 #생활꿀팁,1288,0,2026-09-14T23:58:03.000270+00:00,2026-09-15T05:10:02.238212+00:00,2026-09-16T05:10:03.000270+00:00,장비템,썰쇼핑,1050,2026-09-09 07:08:49
VY7yqxqB3Z4,https://www.youtube.com/watch?v=VY7yqxqB3Z4,uczsqdvebdhbskc3vnvwwbkg,살림치트키,바삭파들을 구원한 미국 천재의 발명품,1285,1,2026-09-15T13:04:03.000270+00:00,2026-09-15T23:10:03.157352+00:00,2026-09-16T05:10:03.000270+00:00,제품정체형,썰쇼핑,193,2026-09-14 07:04:05
cQy6Ar1pC_s,https://www.youtube.com/watch?v=cQy6Ar1pC_s,uch6fp7bvc_9bnnfulqfmasw,이거다시바,이케아 전등갓으로 열기구 조명 만들기 #꿀템 #필수템 #이케아 #조명 #DIY #열기구 #라탄 #아이 #활용법 #아이디어 #감성 #셀프인테리어 #인테리어,1285,1,2026-08-26T09:22:02.542305+00:00,2026-09-04T23:10:02.346310+00:00,2026-09-09T05:10:02.542305+00:00,홈템,썰쇼핑,0,2026-08-19 05:56:25
_JixA10lTgw,https://www.youtube.com/watch?v=_JixA10lTgw,ucbx5cgjqdhqxdk4fn6ltj3g,찐리뷰 클라쓰,벽에 딱 붙는 슬림 수납장! 좁은 집 공간 활용 꿀템,1284,1,2026-09-15T04:16:03.000270+00:00,2026-09-15T05:10:02.238212+00:00,2026-09-16T05:10:03.000270+00:00,홈템,썰쇼핑,23700,2026-09-09 07:08:49
nRGtUVYDYiQ,https://www.youtube.com/watch?v=nRGtUVYDYiQ,ucury26mdc8dmmsffuwlhzda,1분쇼핑,가스레인지 아직도 쓰는 사람만 손해 보는 이유,1284,1,2026-09-08T03:58:03.000270+00:00,2026-09-14T23:10:03.036703+00:00,2026-09-16T05:10:03.000270+00:00,기타,썰쇼핑,32,2026-09-14 07:04:05
dEy5UOxGPXM,https://www.youtube.com/watch?v=dEy5UOxGPXM,uco5envmkrcuynv6jubsd_7g,긍정템,승무원 친구가 한숨 쉰 이유,1284,1,2026-09-07T08:40:02.319689+00:00,2026-09-07T23:10:02.851021+00:00,2026-09-11T23:10:02.319689+00:00,제품정체형,썰쇼핑,3660,2026-09-09 07:08:49
4dJkZfhPvyo,https://www.youtube.com/watch?v=4dJkZfhPvyo,uckav5c_xgwtehpyk3i-zcfg,오늘꿀템,다이소 천재가 만들어 떼돈번 제품의 정체,1283,0,2026-09-15T08:28:03.000270+00:00,2026-09-15T23:10:03.157352+00:00,2026-09-16T05:10:03.000270+00:00,제품정체형,썰쇼핑,1380,2026-09-09 07:08:49
-tAyWGTCdPc,https://www.youtube.com/watch?v=-tAyWGTCdPc,uc5-un3i3gbzmsce0wofciyq,꽈리 원픽,얼굴이 확 살아나는 최은경의 인생 헤어 컬러 #최은경 #새치염색 #브라운염색 #로레알 #동안비결 #셀프염색 #흰머리 #염색약추천 #50대관리 #고급스러운컬러,1283,0,2026-09-10T08:58:02.666924+00:00,2026-09-11T02:10:02.367900+00:00,2026-09-11T05:10:02.666924+00:00,홈템,썰쇼핑,10100,2026-09-09 07:08:49
aS3QdP9XToI,https://www.youtube.com/watch?v=aS3QdP9XToI,ucavc4gijcbwk1vj2acjvjvw,도잇도잇,전 세계 캠핑판 뒤집어 놓은 한국 천재,1282,0,2026-09-07T10:58:03.000270+00:00,2026-09-14T23:10:03.036703+00:00,2026-09-16T05:10:03.000270+00:00,기타,썰쇼핑,1250,2026-09-14 07:04:05
LMmv_sTs6UU,https://www.youtube.com/watch?v=LMmv_sTs6UU,uc3afdr5jbqxyqrnxarzywsg,elumiaa,일본 천재가 떼돈 벌었다는 가방의 정체,1282,0,2026-08-31T23:28:03.036703+00:00,2026-09-08T11:10:24.676804+00:00,2026-09-14T23:10:03.036703+00:00,제품정체형,썰쇼핑,158,2026-09-09 07:08:49
eBY6rRWw0AI,https://www.youtube.com/watch?v=eBY6rRWw0AI,ucycg5luulo-ccdblcw7hdcq,지식배송,다이소 만능걸이봉 200%활용법,1281,0,2026-09-02T10:34:03.000270+00:00,2026-09-13T05:10:02.819135+00:00,2026-09-16T05:10:03.000270+00:00,제품정체형,썰쇼핑,1350,2026-09-09 07:08:49
2JQNP9vZELw,https://www.youtube.com/watch?v=2JQNP9vZELw,ucubpeqak9dgcj93bilzcs-q,마케터의 시선,꼭 사야하는 다이소 꿀템 유튜브,1281,0,2026-08-28T09:46:02.666924+00:00,2026-09-08T11:10:24.676804+00:00,2026-09-11T05:10:02.666924+00:00,홈템,썰쇼핑,69,2026-09-09 07:08:49
7Oq5bZVyeLk,https://www.youtube.com/watch?v=7Oq5bZVyeLk,uctvonxoqv3-ntqka3lhafnq,담아,기름때 설거지 버튼만 꾹 누르세요,1280,1,2026-09-08T08:58:03.000270+00:00,2026-09-08T10:27:51.412064+00:00,2026-09-16T05:10:03.000270+00:00,기타,썰쇼핑,187,2026-09-09 07:08:49
czhjpAf-hn8,https://www.youtube.com/watch?v=czhjpAf-hn8,ucsevfs9sqzl_tuzrqzsu1yq,쇼츠룸,거친 진흙탕을 가르는 인간의 원초적 본능  #익스트림스포츠 #아드레날린 #도전정신 #영국축제 #이색경험,1280,0,2026-09-12T10:58:03.000270+00:00,2026-09-14T23:10:03.036703+00:00,2026-09-16T05:10:03.000270+00:00,기타,썰쇼핑,1150,2026-09-14 07:04:05
pmU7cVLq7Vg,https://www.youtube.com/watch?v=pmU7cVLq7Vg,uc_zfdnlzdtdvq8o_7bvtucq,사아말아,아이패드유저 열광케한 신박한 케이스,1278,0,2026-09-11T09:16:03.000270+00:00,2026-09-14T23:10:03.036703+00:00,2026-09-16T05:10:03.000270+00:00,기타,썰쇼핑,1070,2026-09-14 07:04:05
OEvz4lUq73M,https://www.youtube.com/watch?v=OEvz4lUq73M,uccc9zk2pbobvrzk8s7v7r1w,홈양품,수박 먹는 방법 바꿔주는 여름 꿀팁✨,1278,0,2026-09-01T07:52:02.238212+00:00,2026-09-08T11:10:24.676804+00:00,2026-09-15T05:10:02.238212+00:00,기타,썰쇼핑,8,2026-09-09 07:08:49
qku7z3fJjrU,https://www.youtube.com/watch?v=qku7z3fJjrU,ucknyotic61bk0usui1ixavg,으니픽,만든사람도 인정한 뜻밖의 활용법 #생활용품,1276,1,2026-09-09T11:22:03.000270+00:00,2026-09-09T23:10:01.358608+00:00,2026-09-16T05:10:03.000270+00:00,제품정체형,썰쇼핑,1300,2026-09-09 07:08:49
6ovCtSjrU6M,https://www.youtube.com/watch?v=6ovCtSjrU6M,ucsevfs9sqzl_tuzrqzsu1yq,쇼츠룸,극한의 균형 감각이 돋보이는 자전거 축구 🔥 #극한스포츠 #아드레날린 #사이클축구 #이색대회 #집념,1276,0,2026-09-13T22:58:03.000270+00:00,2026-09-14T23:10:03.036703+00:00,2026-09-16T05:10:03.000270+00:00,기타,썰쇼핑,1150,2026-09-14 07:04:05
MUlz9VC5IqQ,https://www.youtube.com/watch?v=MUlz9VC5IqQ,uckec0idwzpe-sam6su0ztcg,실링홈,요즘 주방에서 제일 핫한 아이템만 모았다 #주방용품 #살림꿀팁 #인테리어소품  #주부꿀템 #살림초보 #살림템 #레시피 #꿀템,1276,1,2026-08-29T06:46:02.660921+00:00,2026-09-04T23:10:02.346310+00:00,2026-09-12T05:10:02.660921+00:00,홈템,썰쇼핑,0,2026-08-19 05:56:25
6VL5ZdT0Ti0,https://www.youtube.com/watch?v=6VL5ZdT0Ti0,ucmssyyqvltkjobcgqdrzmuw,내일 쇼핑,미용실 매출 떨어뜨린 한국 천재의 발명품? #헤어케어 #꿀템 #트리트먼트,1275,2,2026-09-15T08:28:03.000270+00:00,2026-09-15T23:10:03.157352+00:00,2026-09-16T05:10:03.000270+00:00,홈템,썰쇼핑,1880,2026-09-09 07:08:49
-ibqHjAeZFI,https://www.youtube.com/watch?v=-ibqHjAeZFI,ucz-slgdofm414lil2nz0qea,장바구니 털기,자취방 삼촌도 속은 조카의 마술,1275,2,2026-09-05T09:58:03.000270+00:00,2026-09-14T23:10:03.036703+00:00,2026-09-16T05:10:03.000270+00:00,기타,썰쇼핑,1020,2026-09-14 07:04:05
FWVBDWUgytk,https://www.youtube.com/watch?v=FWVBDWUgytk,uc4gpegusm1huqjwho9og8fa,와그라노TV,(속보)'이게 뉴스거리입니까' 대법원장 발언을 어떻게 볼 것인가,1274,4,2026-09-13T09:46:03.000270+00:00,2026-09-13T23:10:02.300105+00:00,2026-09-16T05:10:03.000270+00:00,기타,썰쇼핑,0,2026-08-19 05:56:25
1dwPI-6L21g,https://www.youtube.com/watch?v=1dwPI-6L21g,uc5ibeeh_ee8jv5lr9ikkbng,핑크수저,한국 주부들이 선택한 주방 용품의 정체,1274,1,2026-09-09T01:58:03.000270+00:00,2026-09-09T04:37:54.503187+00:00,2026-09-16T05:10:03.000270+00:00,제품정체형,썰쇼핑,42,2026-09-09 07:08:49
jRayqxZPdgM,https://www.youtube.com/watch?v=jRayqxZPdgM,ucksqwbppwreyk9sxnodup7w,꿀템튜브,개발자가 떼 돈 벌게 된 미국 매출 1등 제품 정체,1274,1,2026-08-29T01:58:02.319689+00:00,2026-09-08T11:10:24.676804+00:00,2026-09-11T23:10:02.319689+00:00,제품정체형,썰쇼핑,70,2026-09-09 07:08:49
BWljaaaZGPA,https://www.youtube.com/watch?v=BWljaaaZGPA,ucbbwhlb1oqkgkzqllrsczva,아스토니쉬코리아,기름때 클리너 다 비슷할까 직접 비교해봤습니다 #기름때 #실험 #주방용품 #아스토니쉬 #청소 #주방,1273,0,2026-09-13T23:58:03.000270+00:00,2026-09-14T05:10:02.569334+00:00,2026-09-16T05:10:03.000270+00:00,홈템,썰쇼핑,0,2026-08-19 05:56:25
b9SSXvTog3M,https://www.youtube.com/watch?v=b9SSXvTog3M,uctmchwo4yehl0exsqp_apog,생활꿀템추천샵,우리 아이 인기 폭발하게 만든 500원짜리 비밀 #할로윈 #초등학생 #인싸,1272,1,2026-09-09T03:16:03.000270+00:00,2026-09-09T04:37:54.503187+00:00,2026-09-16T05:10:03.000270+00:00,제품정체형,썰쇼핑,6830,2026-09-09 07:08:49
lI8c7eWqESg,https://www.youtube.com/watch?v=lI8c7eWqESg,uc2olkq_zdkl1aiftvhuhf8a,손끝상점,전 세계 비염인들 울게 만든 한국 발명품,1272,0,2026-09-06T22:28:03.000270+00:00,2026-09-06T23:10:01.282766+00:00,2026-09-16T05:10:03.000270+00:00,제품정체형,썰쇼핑,27,2026-09-14 07:04:05
gbEp6neaFJI,https://www.youtube.com/watch?v=gbEp6neaFJI,ucefyc4mx2p-4htfokzo3zug,토란토란,체조 코치들 월급 10배 줘야 하는 이유 쇼츠,1272,0,2026-09-14T10:22:03.157352+00:00,2026-09-14T23:10:03.036703+00:00,2026-09-15T23:10:03.157352+00:00,기타,썰쇼핑,3530,2026-09-09 07:08:49
LUjCmA6d3w4,https://www.youtube.com/watch?v=LUjCmA6d3w4,ucbpaopjknymyrihzwt5c_mg,리빙플립,이게 이케아 모니터 받침대라고?,1271,0,2026-09-05T10:46:03.000270+00:00,2026-09-05T23:10:01.374377+00:00,2026-09-16T05:10:03.000270+00:00,홈템,썰쇼핑,13100,2026-09-09 07:08:49
RjX-zMp2vJU,https://www.youtube.com/watch?v=RjX-zMp2vJU,ucjdpxmriuriao_4wg9-lxfa,살림픽,다이소에서 이거 보이면 무조건 집으세요! 시어머니도 놀란 손 안 베이는 갓성비 만능 채칼 🛒,1271,1,2026-09-10T22:16:03.000270+00:00,2026-09-11T02:10:02.367900+00:00,2026-09-16T05:10:03.000270+00:00,제품정체형,썰쇼핑,971,2026-09-09 07:08:49
cfkvM3QhOZc,https://www.youtube.com/watch?v=cfkvM3QhOZc,ucknyotic61bk0usui1ixavg,으니픽,내 속이 뻥 뚫어버린 제품의 비밀 #주방용품 #생활용품,1269,1,2026-09-03T11:22:03.000270+00:00,2026-09-04T23:10:02.346310+00:00,2026-09-16T05:10:03.000270+00:00,제품정체형,썰쇼핑,1300,2026-09-09 07:08:49
I-pCo-E0ffA,https://www.youtube.com/watch?v=I-pCo-E0ffA,uc4gpegusm1huqjwho9og8fa,와그라노TV,(속보)'항상 절대악을 만들어냅니다' 이 진단 맞는 겁니까?,1268,2,2026-09-11T10:16:03.000270+00:00,2026-09-11T23:10:02.319689+00:00,2026-09-16T05:10:03.000270+00:00,기타,썰쇼핑,0,2026-08-19 05:56:25
iR3zNbiBYSc,https://www.youtube.com/watch?v=iR3zNbiBYSc,ucwmaogosqen98l7nc_4xyga,썰핑,미국 천재가 만들어 떼돈 번 제품 정체,1268,2,2026-09-14T10:28:03.000270+00:00,2026-09-14T23:10:03.036703+00:00,2026-09-16T05:10:03.000270+00:00,제품정체형,썰쇼핑,15600,2026-09-14 07:04:05
QcOQvH1XvKQ,https://www.youtube.com/watch?v=QcOQvH1XvKQ,ucxirsjqetzz4ml6lc-uu5tq,이런호기심,머리를 찧어서 소통한다고? 광기의 흰개미 생존 전략 ㄷㄷ,1268,1,2026-09-15T09:58:03.000270+00:00,2026-09-15T23:10:03.157352+00:00,2026-09-16T05:10:03.000270+00:00,기타,썰쇼핑,14400,2026-09-14 07:04:05
qVLCPTAmaY8,https://www.youtube.com/watch?v=qVLCPTAmaY8,uctvonxoqv3-ntqka3lhafnq,담아,다이소 가면 이거 무조건 사오세요,1267,1,2026-09-15T22:58:03.000270+00:00,2026-09-15T23:10:03.157352+00:00,2026-09-16T05:10:03.000270+00:00,홈템,썰쇼핑,187,2026-09-09 07:08:49
3CKDR3N_Z7I,https://www.youtube.com/watch?v=3CKDR3N_Z7I,uctitdnbvhe3k4eufjury8qg,꿀템연구소,의자를 벽에 붙였더니,1266,3,2026-09-14T08:58:03.000270+00:00,2026-09-14T23:10:03.036703+00:00,2026-09-16T05:10:03.000270+00:00,홈템,썰쇼핑,10400,2026-09-09 07:08:49
QFkDBiwD6sY,https://www.youtube.com/watch?v=QFkDBiwD6sY,uc4gpegusm1huqjwho9og8fa,와그라노TV,(속보)'부동산 정책 몇 점 주시겠습니까' 총리의 답은 무엇이었나,1265,3,2026-09-12T22:46:03.000270+00:00,2026-09-12T23:10:03.131380+00:00,2026-09-16T05:10:03.000270+00:00,기타,썰쇼핑,0,2026-08-19 05:56:25
9BvnF7WVeJ8,https://www.youtube.com/watch?v=9BvnF7WVeJ8,uckec0idwzpe-sam6su0ztcg,실링홈,더러워질 틈이 없는 마법의 감자칼 #살림노하우 #주부꿀템 #자취꿀템  #살림초보 #살림초보 #살림템,1264,1,2026-09-05T02:22:03.000270+00:00,2026-09-05T04:42:28.257041+00:00,2026-09-16T05:10:03.000270+00:00,홈템,썰쇼핑,0,2026-08-19 05:56:25
HwtBdmLXkX8,https://www.youtube.com/watch?v=HwtBdmLXkX8,uc3afdr5jbqxyqrnxarzywsg,elumiaa,다이소 덕후들이 극찬하는 이 막대기의 미친 사용법,1264,0,2026-09-03T23:46:03.000270+00:00,2026-09-08T11:10:24.676804+00:00,2026-09-16T05:10:03.000270+00:00,오용형,썰쇼핑,158,2026-09-09 07:08:49
1g4RosDB1zI,https://www.youtube.com/watch?v=1g4RosDB1zI,ucmeifnqi1f99moxyzgcrp2q,발견상자,엄마를 눈물나게 하는 만능템,1263,0,2026-09-10T05:58:03.000270+00:00,2026-09-10T08:10:02.680133+00:00,2026-09-16T05:10:03.000270+00:00,홈템,썰쇼핑,1080,2026-09-09 07:08:49
Tkb15Pz_8hk,https://www.youtube.com/watch?v=Tkb15Pz_8hk,uckav5c_xgwtehpyk3i-zcfg,오늘꿀템,다이소도 당황한 한국 천재의 활용법,1261,0,2026-09-10T08:28:03.000270+00:00,2026-09-11T02:10:02.367900+00:00,2026-09-16T05:10:03.000270+00:00,오용형,썰쇼핑,1380,2026-09-09 07:08:49
Szaq_ftLtKs,https://www.youtube.com/watch?v=Szaq_ftLtKs,ucksqwbppwreyk9sxnodup7w,꿀템튜브,천재적인 아이디어로 돈방석에 앉은 개발자의 제품,1261,1,2026-09-06T01:58:03.000270+00:00,2026-09-08T11:10:24.676804+00:00,2026-09-16T05:10:03.000270+00:00,제품정체형,썰쇼핑,70,2026-09-09 07:08:49
nO7ImzI-OSg,https://www.youtube.com/watch?v=nO7ImzI-OSg,ucubpeqak9dgcj93bilzcs-q,마케터의 시선,거꾸로 쓰는 이케아 아기 침대,1261,0,2026-09-05T11:34:03.000270+00:00,2026-09-08T11:10:24.676804+00:00,2026-09-16T05:10:03.000270+00:00,기타,썰쇼핑,69,2026-09-09 07:08:49
uHr3-cp7Vc0,https://www.youtube.com/watch?v=uHr3-cp7Vc0,uckec0idwzpe-sam6su0ztcg,실링홈,이거 하나로 욕실 수납 고민 끝 #주부꿀템 #살림노하우 #욕실수납  #주부꿀템 #인테리어 #살림템 #살림템 #꿀템,1260,1,2026-09-04T01:28:03.000270+00:00,2026-09-04T23:10:02.346310+00:00,2026-09-16T05:10:03.000270+00:00,홈템,썰쇼핑,0,2026-08-19 05:56:25
mqnma9XsMGg,https://www.youtube.com/watch?v=mqnma9XsMGg,uckec0idwzpe-sam6su0ztcg,실링홈,공간 확보 200% 하는 역대급 정리템 #살림템 #꿀팁  #주부꿀템 #인테리어 #살림템 #살림초보,1260,1,2026-09-10T03:04:03.000270+00:00,2026-09-10T08:10:02.680133+00:00,2026-09-16T05:10:03.000270+00:00,홈템,썰쇼핑,0,2026-08-19 05:56:25
y1FqkDBS2Y4,https://www.youtube.com/watch?v=y1FqkDBS2Y4,ucpedjalkfwwr4d2xelfykoa,숏딜,전세계가 감탄한 미국 천재 발명품,1260,0,2026-09-12T02:40:03.000270+00:00,2026-09-14T23:10:03.036703+00:00,2026-09-16T05:10:03.000270+00:00,제품정체형,썰쇼핑,15200,2026-09-14 07:04:05
jL7H40BFCX0,https://www.youtube.com/watch?v=jL7H40BFCX0,uc4gpegusm1huqjwho9og8fa,와그라노TV,(속보)'형과 고모까지 특공 찬스' 강신철 일가에 무슨 일이 있었나,1259,0,2026-09-14T20:58:03.000270+00:00,2026-09-14T23:10:03.036703+00:00,2026-09-16T05:10:03.000270+00:00,기타,썰쇼핑,0,2026-08-19 05:56:25
0Z3DcnMBPEU,https://www.youtube.com/watch?v=0Z3DcnMBPEU,uckec0idwzpe-sam6su0ztcg,실링홈,깔끔한 사람들은 절대 안 알려주는 서랍 정리 치트키 #살림꿀팁 #주부생활 #정리정돈,1259,1,2026-09-09T04:58:03.000270+00:00,2026-09-09T05:10:02.542305+00:00,2026-09-16T05:10:03.000270+00:00,홈템,썰쇼핑,0,2026-08-19 05:56:25
optXvwIJ7gk,https://www.youtube.com/watch?v=optXvwIJ7gk,uco3sju4c8apyrhk_dbo8udq,냥냥쿨범,거치대하나로 떼돈번 제품의정체,1259,1,2026-09-11T11:16:03.000270+00:00,2026-09-11T23:10:02.319689+00:00,2026-09-16T05:10:03.000270+00:00,제품정체형,썰쇼핑,21500,2026-09-09 07:08:49
ZXBtZy21r-k,https://www.youtube.com/watch?v=ZXBtZy21r-k,uc5ibeeh_ee8jv5lr9ikkbng,핑크수저,헬스장 다니는 사람들 가방에서 나온 이 병의 정체,1259,1,2026-09-08T01:58:03.000270+00:00,2026-09-08T12:30:44.178691+00:00,2026-09-16T05:10:03.000270+00:00,제품정체형,썰쇼핑,42,2026-09-09 07:08:49
opXjkp9IqlM,https://www.youtube.com/watch?v=opXjkp9IqlM,ucubpeqak9dgcj93bilzcs-q,마케터의 시선,이케아 선반 미친 활용법,1259,0,2026-08-31T10:58:02.569334+00:00,2026-09-08T11:10:24.676804+00:00,2026-09-14T05:10:02.569334+00:00,오용형,썰쇼핑,69,2026-09-09 07:08:49
5ykppNGrGFE,https://www.youtube.com/watch?v=5ykppNGrGFE,uccc9zk2pbobvrzk8s7v7r1w,홈양품,🥒 채소 썰다가 손 다칠까 걱정된다면 꼭 보세요,1257,0,2026-09-03T08:10:03.000270+00:00,2026-09-08T11:10:24.676804+00:00,2026-09-16T05:10:03.000270+00:00,기타,썰쇼핑,8,2026-09-09 07:08:49
tnF3KkD12lA,https://www.youtube.com/watch?v=tnF3KkD12lA,ucury26mdc8dmmsffuwlhzda,1분쇼핑,밀가루랑 파만 있으면 다 될거 같지만 아니라는데...,1257,1,2026-09-09T22:34:03.000270+00:00,2026-09-14T23:10:03.036703+00:00,2026-09-16T05:10:03.000270+00:00,기타,썰쇼핑,32,2026-09-14 07:04:05
_beSjDDEg9A,https://www.youtube.com/watch?v=_beSjDDEg9A,uccbu4mtnb9zci40hsckmcog,꿀생템,정리 고수들이 수건걸이를 온 집안에 끼워 쓰는 이유?(광고)👉제품보기는 프로필을 링크에서 94번 검색해 주세요👉,1254,0,2026-09-07T21:22:03.000270+00:00,2026-09-08T12:30:44.178691+00:00,2026-09-16T05:10:03.000270+00:00,홈템,썰쇼핑,95,2026-09-09 07:08:49
fkBnJIVbzBU,https://www.youtube.com/watch?v=fkBnJIVbzBU,ucwd-1tqabhd8nvczbjhdiwg,유용하데이,고든램지도 기립박수 친 천재적인 제품,1253,3,2026-09-14T06:58:03.000270+00:00,2026-09-14T23:10:03.036703+00:00,2026-09-16T05:10:03.000270+00:00,제품정체형,썰쇼핑,56,2026-09-09 07:08:49
_b5XS5fvv9s,https://www.youtube.com/watch?v=_b5XS5fvv9s,ucxirsjqetzz4ml6lc-uu5tq,이런호기심,하악질 하던 길냥이 3초 만에 개냥이로 만드는 마법의 치트키 🐈‍⬛,1253,0,2026-09-16T01:58:03.000270+00:00,2026-09-16T05:10:03.000270+00:00,2026-09-16T05:10:03.000270+00:00,기타,썰쇼핑,14400,2026-09-14 07:04:05
CRSqQJ2EMLI,https://www.youtube.com/watch?v=CRSqQJ2EMLI,ucyi0vstrxhmnxmz-slp9okg,썰렘톡톡1,요아정 뒷목 잡게 만든 한국 천재의 발명품?,1253,0,2026-09-15T11:34:03.000270+00:00,2026-09-15T23:10:03.157352+00:00,2026-09-16T05:10:03.000270+00:00,제품정체형,썰쇼핑,2,2026-09-14 07:06:10
uoPciI8A7H0,https://www.youtube.com/watch?v=uoPciI8A7H0,uco3sju4c8apyrhk_dbo8udq,냥냥쿨범,미친그립감으로 난리난 천재의 발명품,1253,2,2026-08-30T11:16:02.819135+00:00,2026-09-08T11:10:24.676804+00:00,2026-09-13T05:10:02.819135+00:00,제품정체형,썰쇼핑,21500,2026-09-09 07:08:49
R8khR8APeDg,https://www.youtube.com/watch?v=R8khR8APeDg,ucury26mdc8dmmsffuwlhzda,1분쇼핑,한 번에 한 무더기가 올라옵니다 [799번],1251,2,2026-09-15T23:28:03.000270+00:00,2026-09-16T05:10:03.000270+00:00,2026-09-16T05:10:03.000270+00:00,기타,썰쇼핑,32,2026-09-14 07:04:05
C58RwyTwDDU,https://www.youtube.com/watch?v=C58RwyTwDDU,ucftoksv4zeitypvhoilopjg,우리살림,곰손도 성공하는 주방인테리어,1251,1,2026-08-23T07:10:01.374377+00:00,2026-09-04T23:10:02.346310+00:00,2026-09-05T23:10:01.374377+00:00,홈템,썰쇼핑,0,2026-08-19 05:56:25
WK17akBvREo,https://www.youtube.com/watch?v=WK17akBvREo,uc59ltli8hmrkc1xbgfyutoa,대박살림,다이소도 놀란 한국 천재 발명품,1249,0,2026-08-28T08:28:02.666924+00:00,2026-09-08T11:10:24.676804+00:00,2026-09-11T05:10:02.666924+00:00,제품정체형,썰쇼핑,20600,2026-09-09 07:08:49
PzNRpOH6hr4,https://www.youtube.com/watch?v=PzNRpOH6hr4,ucw-vssbyj4pqqcvfzyqxp5q,쇼컷리뷰,"사 오면 일단 냉장고, 그게 손해였습니다 [754번]",1248,1,2026-09-12T03:58:03.000270+00:00,2026-09-14T23:10:03.036703+00:00,2026-09-16T05:10:03.000270+00:00,홈템,썰쇼핑,605,2026-09-14 07:06:10
407NVie0RXo,https://www.youtube.com/watch?v=407NVie0RXo,uclxapdsavnfqbmbbzs1l_cg,살림덕템,요리 속도 2배 빨라지는 디귿자 선반의 비밀,1247,0,2026-08-31T09:10:02.569334+00:00,2026-09-08T11:10:24.676804+00:00,2026-09-14T05:10:02.569334+00:00,제품정체형,썰쇼핑,22,2026-09-09 07:08:49
ZpwfiXWBPW8,https://www.youtube.com/watch?v=ZpwfiXWBPW8,uc3afdr5jbqxyqrnxarzywsg,elumiaa,이거 끼우는 순간 타이핑 중독 시작됨,1247,2,2026-08-31T00:52:02.300105+00:00,2026-09-08T11:10:24.676804+00:00,2026-09-13T23:10:02.300105+00:00,기타,썰쇼핑,158,2026-09-09 07:08:49
idajhhLcFgI,https://www.youtube.com/watch?v=idajhhLcFgI,uctvonxoqv3-ntqka3lhafnq,담아,전월세 살면 다이소에서 이거,1247,1,2026-08-29T22:58:02.660921+00:00,2026-09-04T23:10:02.346310+00:00,2026-09-12T05:10:02.660921+00:00,홈템,썰쇼핑,187,2026-09-09 07:08:49
wLaQPscOfYM,https://www.youtube.com/watch?v=wLaQPscOfYM,uctmchwo4yehl0exsqp_apog,생활꿀템추천샵,벌초할 때 쇠날 대신 무조건 이거 쓰세요,1246,1,2026-09-13T12:22:03.000270+00:00,2026-09-13T23:10:02.300105+00:00,2026-09-16T05:10:03.000270+00:00,기타,썰쇼핑,6830,2026-09-09 07:08:49
IDiu769hO6g,https://www.youtube.com/watch?v=IDiu769hO6g,ucuqlpkmvlvup_zybdejc0fw,꿀템통,🔥미쳤습니다. 그냥 따라만 해보세요! 99%가 모르는 50원짜리 꿀템의 비밀 #다이소 #다이소추천템 #다이소템 # #살림템 #꿀팁 #꿀템  #인테리어 #살림초보,1246,1,,2026-09-04T23:10:02.346310+00:00,2026-09-04T23:10:02.346310+00:00,홈템,썰쇼핑,0,2026-08-19 05:56:25
K36SzGDUOdk,https://www.youtube.com/watch?v=K36SzGDUOdk,uckec0idwzpe-sam6su0ztcg,실링홈,이거 하나면 여행 준비 끝! 4분할 올인원 용기 #살림로그 #여행준비물  #살림초보 #여행짐싸기 #여행꿀팁,1245,1,2026-09-01T03:22:03.036703+00:00,2026-09-04T23:10:02.346310+00:00,2026-09-14T23:10:03.036703+00:00,홈템,썰쇼핑,0,2026-08-19 05:56:25
7Vju-SZHE0c,https://www.youtube.com/watch?v=7Vju-SZHE0c,uc5ibeeh_ee8jv5lr9ikkbng,핑크수저,애플 듀오보다 더 잘 접히는 물병,1244,2,2026-09-11T01:58:03.000270+00:00,2026-09-11T02:10:02.367900+00:00,2026-09-16T05:10:03.000270+00:00,기타,썰쇼핑,42,2026-09-09 07:08:49
xv27qbYP1Jg,https://www.youtube.com/watch?v=xv27qbYP1Jg,ucmo2rfye0ljbv_m4e5mhz0w,꿀템탐구소,낚시꾼들 마음 사로잡은 일본 천재의 발명품,1244,0,2026-09-04T12:58:03.000270+00:00,2026-09-14T23:10:03.036703+00:00,2026-09-16T05:10:03.000270+00:00,제품정체형,썰쇼핑,4300,2026-09-14 07:04:05
OwPHWO_ik3k,https://www.youtube.com/watch?v=OwPHWO_ik3k,ucamzjidsn-e1fi_kpveqt_q,순삭킥,저 멀리서 엄청난 아우라를 뿜어내며 걸어오는 생명체의 실체 #동물 #아기새 #최종보스 #힐링영상 #귀여운짤,1244,0,2026-09-16T02:58:03.000270+00:00,2026-09-16T05:10:03.000270+00:00,2026-09-16T05:10:03.000270+00:00,기타,썰쇼핑,8870,2026-09-14 07:06:10
q02MZ6pUKnY,https://www.youtube.com/watch?v=q02MZ6pUKnY,ucdrpxmsqn83qromdpq0ai6q,톡템,"요즘 주부들 사이에 유행한다는 소름 끼치는 주방 수납장, 가격 실화?",1244,3,2026-09-07T08:10:03.000270+00:00,2026-09-14T23:10:03.036703+00:00,2026-09-16T05:10:03.000270+00:00,홈템,썰쇼핑,1090,2026-09-14 07:20:43
_N7doAPqZUw,https://www.youtube.com/watch?v=_N7doAPqZUw,ucubpeqak9dgcj93bilzcs-q,마케터의 시선,비싼 스탠바이미 대신 이거 유튜브,1244,0,2026-08-27T08:22:02.680133+00:00,2026-09-08T11:10:24.676804+00:00,2026-09-10T08:10:02.680133+00:00,기타,썰쇼핑,69,2026-09-09 07:08:49
Pyl8ci3FAYs,https://www.youtube.com/watch?v=Pyl8ci3FAYs,ucycg5luulo-ccdblcw7hdcq,지식배송,캠핑고수들도 탐낼 짐줄이는 비밀,1241,0,2026-09-14T03:10:03.000270+00:00,2026-09-14T05:10:02.569334+00:00,2026-09-16T05:10:03.000270+00:00,제품정체형,썰쇼핑,1350,2026-09-09 07:08:49
9HPcvfM-zdQ,https://www.youtube.com/watch?v=9HPcvfM-zdQ,uccc9zk2pbobvrzk8s7v7r1w,홈양품,매일 쓰게 되는 주방 꿀템 TOP1 | 멀티 슬라이서,1241,0,2026-08-27T07:46:01.358608+00:00,2026-09-08T11:10:24.676804+00:00,2026-09-09T23:10:01.358608+00:00,홈템,썰쇼핑,8,2026-09-09 07:08:49
4i8PW0PZEZA,https://www.youtube.com/watch?v=4i8PW0PZEZA,uctgtq10wqqxfeortrnn5vha,뭐길래? | 생활 꿀템 쇼츠,밥 안 먹는 아이한테는 이게 딱임,1241,0,2026-08-25T23:30:44.178691+00:00,2026-09-08T11:10:24.676804+00:00,2026-09-08T12:30:44.178691+00:00,기타,썰쇼핑,1020,2026-09-09 07:08:49
QoUpe5aEQbA,https://www.youtube.com/watch?v=QoUpe5aEQbA,ucjlxkqrjd0pecwp1xkuvoeq,꿀템첵첵,전자레인지 3분이면 겉바속촉 샌드위치 끝!,1240,1,2026-09-09T09:34:03.000270+00:00,2026-09-09T23:10:01.358608+00:00,2026-09-16T05:10:03.000270+00:00,홈템,썰쇼핑,27200,2026-09-09 07:08:49
wQKKIbW3Ys8,https://www.youtube.com/watch?v=wQKKIbW3Ys8,uc4gpegusm1huqjwho9og8fa,와그라노TV,(속보)'전체적인 안정 무슨 안정입니까' 금리와 재정은 왜 엇갈렸나,1240,2,2026-09-11T20:16:03.000270+00:00,2026-09-11T23:10:02.319689+00:00,2026-09-16T05:10:03.000270+00:00,기타,썰쇼핑,0,2026-08-19 05:56:25
ejLHOxWYV88,https://www.youtube.com/watch?v=ejLHOxWYV88,uclmlddtl8vprxs4fmpfa8bw,@쿠템헌터3,전세계 무려 1000만개나 팔린 살림템의 정체,1240,0,2026-08-23T10:58:01.374377+00:00,2026-09-04T23:10:02.346310+00:00,2026-09-05T23:10:01.374377+00:00,제품정체형,썰쇼핑,164000,2026-09-09 07:08:49
OF9fIQafwKU,https://www.youtube.com/watch?v=OF9fIQafwKU,ucury26mdc8dmmsffuwlhzda,1분쇼핑,밥솥보다 맛있는 초간단 누룽지 레시피 #간단요리 #야식,1238,1,2026-09-09T10:04:03.000270+00:00,2026-09-14T23:10:03.036703+00:00,2026-09-16T05:10:03.000270+00:00,레시피,썰쇼핑,32,2026-09-14 07:04:05
f4JLeRYVQpY,https://www.youtube.com/watch?v=f4JLeRYVQpY,uckkeqaxjmev8w7gd4h5kcaw,이상한철물점,이거 집들이 필수템,1238,2,2026-09-01T12:16:02.238212+00:00,2026-09-04T23:10:02.346310+00:00,2026-09-15T05:10:02.238212+00:00,홈템,썰쇼핑,0,2026-08-19 05:56:25
7amz6uIEEH4,https://www.youtube.com/watch?v=7amz6uIEEH4,uc4iyryt1y1d5_cdjaocsk6q,설렘픽,다이소 가면 이거 무조건 사세요! #셀프보수,1237,1,2026-09-14T13:10:03.000270+00:00,2026-09-14T23:10:03.036703+00:00,2026-09-16T05:10:03.000270+00:00,홈템,썰쇼핑,2580,2026-09-09 07:08:49
WCLiRKMr8HA,https://www.youtube.com/watch?v=WCLiRKMr8HA,uc8xd-qdceh3dtim7_ho4nsg,살림자매,지인들이 꼭 물어보는 지금 딱 필요한 꿀템 3가지,1236,0,2026-09-07T11:16:03.000270+00:00,2026-09-07T23:10:02.851021+00:00,2026-09-16T05:10:03.000270+00:00,홈템,썰쇼핑,17500,2026-09-09 02:35:38
idO7dimGKq0,https://www.youtube.com/watch?v=idO7dimGKq0,uct85dcdehmz7m25epyn8rqa,팝콘킥,일본천재가 만들어 떼돈번 제품의 정체,1235,2,2026-08-28T10:52:02.666924+00:00,2026-09-04T23:10:02.346310+00:00,2026-09-11T05:10:02.666924+00:00,제품정체형,썰쇼핑,1070,2026-09-09 07:08:49
uYbz7Vn30bI,https://www.youtube.com/watch?v=uYbz7Vn30bI,uc3afdr5jbqxyqrnxarzywsg,elumiaa,#다이소 #꿀템 #캠핑 붙이는 순간 떼돈 번 개발자의 사운드 혁명템,1234,0,2026-08-26T23:40:01.358608+00:00,2026-09-08T11:10:24.676804+00:00,2026-09-09T23:10:01.358608+00:00,제품정체형,썰쇼핑,158,2026-09-09 07:08:49
M-rSw3Wk_ZY,https://www.youtube.com/watch?v=M-rSw3Wk_ZY,uc4gpegusm1huqjwho9og8fa,와그라노TV,고급 양식당에서 아빠가 꺼낸 것,1230,2,2026-09-03T09:28:03.000270+00:00,2026-09-04T23:10:02.346310+00:00,2026-09-16T05:10:03.000270+00:00,기타,썰쇼핑,0,2026-08-19 05:56:25
kiTqeJH__ZM,https://www.youtube.com/watch?v=kiTqeJH__ZM,uc3afdr5jbqxyqrnxarzywsg,elumiaa,진작 알았으면 요리가 쉬워졌을 주방 만능템,1230,0,2026-09-08T00:04:03.000270+00:00,2026-09-08T11:10:24.676804+00:00,2026-09-16T05:10:03.000270+00:00,홈템,썰쇼핑,158,2026-09-09 07:08:49
Oe973umfxQA,https://www.youtube.com/watch?v=Oe973umfxQA,ucavc4gijcbwk1vj2acjvjvw,도잇도잇,상위 1% 직장인이 몰래 쓴다는 치트키,1230,0,2026-09-08T08:58:03.000270+00:00,2026-09-14T23:10:03.036703+00:00,2026-09-16T05:10:03.000270+00:00,기타,썰쇼핑,1250,2026-09-14 07:04:05
LwKMTwZTuok,https://www.youtube.com/watch?v=LwKMTwZTuok,ucuqlpkmvlvup_zybdejc0fw,꿀템통,"🔥활욥법 미쳤습니다!! 매일 보던 이것, 이렇게까지 된다고?!  #살림템 #꿀팁 #꿀템 #꿀템 #다이소 #살림초보 #인테리어 #다이소꿀템",1229,1,2026-08-23T12:10:01.374377+00:00,2026-09-04T23:10:02.346310+00:00,2026-09-05T23:10:01.374377+00:00,홈템,썰쇼핑,0,2026-08-19 05:56:25
KO5Yvygt0EA,https://www.youtube.com/watch?v=KO5Yvygt0EA,uczgoriozc_etvvg-o72xjcw,썰n픽,공간활용 천재 주부가 대박 낸 제품,1228,1,2026-09-04T10:58:03.000270+00:00,2026-09-14T23:10:03.036703+00:00,2026-09-16T05:10:03.000270+00:00,홈템,썰쇼핑,1080,2026-09-14 07:04:05
98HD2YFnSh8,https://www.youtube.com/watch?v=98HD2YFnSh8,ucury26mdc8dmmsffuwlhzda,1분쇼핑,아직도 면봉으로 귀 파는 사람만 손해 보는 이유,1228,1,2026-09-04T09:46:03.000270+00:00,2026-09-14T23:10:03.036703+00:00,2026-09-16T05:10:03.000270+00:00,기타,썰쇼핑,32,2026-09-14 07:04:05
yaNMmneeMSA,https://www.youtube.com/watch?v=yaNMmneeMSA,uctvonxoqv3-ntqka3lhafnq,담아,다이소도 탐낼 거품의 비밀,1226,1,2026-09-05T22:58:03.000270+00:00,2026-09-05T23:10:01.374377+00:00,2026-09-16T05:10:03.000270+00:00,제품정체형,썰쇼핑,187,2026-09-09 07:08:49
B3l-RW45Yvo,https://www.youtube.com/watch?v=B3l-RW45Yvo,uct_k9uncg3axxb8ujj9f2_g,속닥마켓,대학병원 의사들이 청진기 대신 옷깃에 몰래 꽂는 30만 원짜리 정체 ㄷㄷ,1225,0,2026-09-04T02:28:03.000270+00:00,2026-09-08T11:10:24.676804+00:00,2026-09-16T05:10:03.000270+00:00,제품정체형,썰쇼핑,82,2026-09-09 07:08:49
4bTdujYjPlA,https://www.youtube.com/watch?v=4bTdujYjPlA,uclshojkcjypr5ok5kaifc3q,고고살림,다이소도 생각못한 천재의 채칼 탈수기,1223,1,2026-09-08T08:40:03.000270+00:00,2026-09-08T11:10:24.676804+00:00,2026-09-16T05:10:03.000270+00:00,제품정체형,썰쇼핑,1,2026-09-09 07:08:49
cFQS4_Fw2Q8,https://www.youtube.com/watch?v=cFQS4_Fw2Q8,ucigtymqr64yuejp8swuysog,일단담자,주방장도 놀랄 미친 활용법,1223,0,2026-09-04T10:46:03.000270+00:00,2026-09-14T23:10:03.036703+00:00,2026-09-16T05:10:03.000270+00:00,제품정체형,썰쇼핑,1240,2026-09-14 07:06:10
kO2JsgFItOQ,https://www.youtube.com/watch?v=kO2JsgFItOQ,ucmlj9igwl-abyr83b7upqda,이슈 리뷰어,( ASMR 소곤 소곤 썰 ) 사인펜의 얽힌 웃픈썰,1223,4,2026-09-01T08:58:02.238212+00:00,2026-09-04T23:10:02.346310+00:00,2026-09-15T05:10:02.238212+00:00,기타,썰쇼핑,0,2026-08-19 05:56:25
74gwp-JVIqQ,https://www.youtube.com/watch?v=74gwp-JVIqQ,ucu-hzvlc1tvab1lrp0cejtg,Retro log,머리 복잡할때마다 손끝으로 만지작거리는 키링인데,1223,0,2026-08-23T08:16:01.374377+00:00,2026-09-04T23:10:02.346310+00:00,2026-09-05T23:10:01.374377+00:00,기타,썰쇼핑,0,2026-08-19 05:56:25
q7W4kRaoghE,https://www.youtube.com/watch?v=q7W4kRaoghE,uckec0idwzpe-sam6su0ztcg,실링홈,선물 포장 1초 만에 끝내는 법? ✂️ #살림꿀팁 #아이디어상품 #주부일상,1221,1,2026-09-11T04:04:03.000270+00:00,2026-09-11T05:10:02.666924+00:00,2026-09-16T05:10:03.000270+00:00,홈템,썰쇼핑,0,2026-08-19 05:56:25
R7x523Q2KGg,https://www.youtube.com/watch?v=R7x523Q2KGg,ucbbwhlb1oqkgkzqllrsczva,아스토니쉬코리아,기름 설거지할 때 제일 싫은 이 느낌 #설거지 #기름  #아스토니쉬 #기름때제거  #주방용품,1221,0,2026-09-08T23:58:03.000270+00:00,2026-09-09T04:37:54.503187+00:00,2026-09-16T05:10:03.000270+00:00,홈템,썰쇼핑,0,2026-08-19 05:56:25
WgPkJlgDuUM,https://www.youtube.com/watch?v=WgPkJlgDuUM,uctvonxoqv3-ntqka3lhafnq,담아,버튼 눌렀더니 컵이 알아서 돌아가요,1221,1,2026-09-06T22:58:03.000270+00:00,2026-09-06T23:10:01.282766+00:00,2026-09-16T05:10:03.000270+00:00,기타,썰쇼핑,187,2026-09-09 07:08:49
ECwuNekcMEo,https://www.youtube.com/watch?v=ECwuNekcMEo,uckec0idwzpe-sam6su0ztcg,실링홈,고기 썩어서 버리지 마세요 ❌ 완벽 보관법 #살림 #주부꿀템 #꿀팁,1220,1,2026-09-02T05:40:03.000270+00:00,2026-09-04T23:10:02.346310+00:00,2026-09-16T05:10:03.000270+00:00,홈템,썰쇼핑,0,2026-08-19 05:56:25
-x4x4ao8U4U,https://www.youtube.com/watch?v=-x4x4ao8U4U,uc4gpegusm1huqjwho9og8fa,쉿비밀이야,외국인이 한달 일하고🤦‍♂️국민연금 평생 받는 방법,1220,3,,2026-09-04T23:10:02.346310+00:00,2026-09-05T04:42:28.257041+00:00,기타,썰쇼핑,0,2026-08-19 05:56:25
FSPJkMNTTGw,https://www.youtube.com/watch?v=FSPJkMNTTGw,ucubpeqak9dgcj93bilzcs-q,마케터의 시선,이케아 트롤리 당근 멈춘 이유,1219,0,2026-09-06T10:28:03.000270+00:00,2026-09-08T11:10:24.676804+00:00,2026-09-16T05:10:03.000270+00:00,기타,썰쇼핑,69,2026-09-09 07:08:49
ElBDUqtTobg,https://www.youtube.com/watch?v=ElBDUqtTobg,uctgtq10wqqxfeortrnn5vha,뭐길래? | 생활 꿀템 쇼츠,손 안대고 발씻는 실리콘 매트의 정체,1219,0,2026-08-27T09:28:02.680133+00:00,2026-09-08T11:10:24.676804+00:00,2026-09-10T08:10:02.680133+00:00,제품정체형,썰쇼핑,1020,2026-09-09 07:08:49
YO80ADbpwLA,https://www.youtube.com/watch?v=YO80ADbpwLA,uclmlddtl8vprxs4fmpfa8bw,@쿠템헌터3,확실한 기능하나로 인기만점인 살림템,1219,0,,2026-09-04T23:10:02.346310+00:00,2026-09-05T04:42:28.257041+00:00,홈템,썰쇼핑,164000,2026-09-09 07:08:49
gsoNY1d4PQc,https://www.youtube.com/watch?v=gsoNY1d4PQc,ucof1tzdolqz-odj4r33039g,소소한 리뷰,다이소엔 없는 주방 위생템✨ 도마부터 전자레인지까지 뿌리고 닦으면 끝!,1218,0,2026-09-01T13:58:02.238212+00:00,2026-09-04T23:10:02.346310+00:00,2026-09-15T05:10:02.238212+00:00,홈템,썰쇼핑,11300,2026-09-09 02:35:38
jGkZ-iQcCRk,https://www.youtube.com/watch?v=jGkZ-iQcCRk,uc6cd2qevvm23b0xojjho50q,썰쇼템,욕실 안전을 위한 필수템,1217,1,2026-09-15T02:58:03.000270+00:00,2026-09-15T05:10:02.238212+00:00,2026-09-16T05:10:03.000270+00:00,제품정체형,썰쇼핑,13700,2026-09-09 07:08:49
gioIJ_xamXI,https://www.youtube.com/watch?v=gioIJ_xamXI,ucmlj9igwl-abyr83b7upqda,이슈 리뷰어,(ASMR소곤소곤썰) 바람 난 남친 사이다 썰,1217,0,2026-09-08T08:58:03.000270+00:00,2026-09-08T10:27:51.412064+00:00,2026-09-16T05:10:03.000270+00:00,기타,썰쇼핑,0,2026-08-19 05:56:25
o83N12LTQCQ,https://www.youtube.com/watch?v=o83N12LTQCQ,uccbu4mtnb9zci40hsckmcog,꿀생템,"보부상 친구 파우치가 갑자기 홀쭉해진 이유?(광고)👉제품보기는 프로필을 링크에서 91,92,93번 검색해 주세요👉",1217,0,2026-08-27T22:04:02.680133+00:00,2026-09-08T12:30:44.178691+00:00,2026-09-10T08:10:02.680133+00:00,기타,썰쇼핑,95,2026-09-09 07:08:49
lS0ulUgf-UU,https://www.youtube.com/watch?v=lS0ulUgf-UU,uct_k9uncg3axxb8ujj9f2_g,속닥마켓,루프귀마개 하나로 소음차단 종결하는 이유,1216,1,2026-09-02T09:04:03.000270+00:00,2026-09-08T11:10:24.676804+00:00,2026-09-16T05:10:03.000270+00:00,기타,썰쇼핑,82,2026-09-09 07:08:49
qgzxow7oxZc,https://www.youtube.com/watch?v=qgzxow7oxZc,ucigtymqr64yuejp8swuysog,일단담자,줄 하나 없애고 떼돈번 발명품 정체,1216,0,2026-09-10T11:58:03.000270+00:00,2026-09-14T23:10:03.036703+00:00,2026-09-16T05:10:03.000270+00:00,제품정체형,썰쇼핑,1240,2026-09-14 07:06:10
zeBQU-EWhjE,https://www.youtube.com/watch?v=zeBQU-EWhjE,ucietyncdgcyuhiza5aaohfw,홈노트,전월세 필수품 1위 등극,1216,1,2026-09-01T14:40:02.238212+00:00,2026-09-04T23:10:02.346310+00:00,2026-09-15T05:10:02.238212+00:00,기타,썰쇼핑,965,2026-09-09 07:08:49
x8yuV9NA3SA,https://www.youtube.com/watch?v=x8yuV9NA3SA,uckec0idwzpe-sam6su0ztcg,실링홈,청소의 질이 달라지는 요즘 필수템 #살림템 #살림꿀팁 #주부꿀템 #살림초보 #세균박멸 #청소건,1216,1,2026-08-28T03:04:02.367900+00:00,2026-09-04T23:10:02.346310+00:00,2026-09-11T02:10:02.367900+00:00,홈템,썰쇼핑,0,2026-08-19 05:56:25
cK7jwOOE9Qk,https://www.youtube.com/watch?v=cK7jwOOE9Qk,ucjlxkqrjd0pecwp1xkuvoeq,꿀템첵첵,"급정거 할 때마다 가방 쏟아짐, 이거 안걸면 손해",1215,1,2026-09-08T09:34:03.000270+00:00,2026-09-08T10:27:51.412064+00:00,2026-09-16T05:10:03.000270+00:00,기타,썰쇼핑,27200,2026-09-09 07:08:49
FXGEmrOkfNU,https://www.youtube.com/watch?v=FXGEmrOkfNU,uctd1t12z1qtvalhdd728tsg,우디홈템,요즘 가방에 무조건 넣고 다니는 휴대폰 필수템,1215,1,2026-09-14T22:58:03.000270+00:00,2026-09-14T23:10:03.036703+00:00,2026-09-16T05:10:03.000270+00:00,기타,썰쇼핑,3700,2026-09-09 07:08:49
FerxEHnJ1WQ,https://www.youtube.com/watch?v=FerxEHnJ1WQ,uctgtq10wqqxfeortrnn5vha,뭐길래? | 생활 꿀템 쇼츠,속옷 몇 장 때문에 세탁기 돌렸다면 이거 보세요,1215,0,2026-08-26T23:22:01.358608+00:00,2026-09-08T11:10:24.676804+00:00,2026-09-09T23:10:01.358608+00:00,홈템,썰쇼핑,1020,2026-09-09 07:08:49
-eBl7PNhHno,https://www.youtube.com/watch?v=-eBl7PNhHno,uc5ibeeh_ee8jv5lr9ikkbng,핑크수저,한달만에 3만개나 팔린 칫솔 정체,1213,1,2026-09-12T01:58:03.000270+00:00,2026-09-12T05:10:02.660921+00:00,2026-09-16T05:10:03.000270+00:00,제품정체형,썰쇼핑,42,2026-09-09 07:08:49
VSZhHId3rsw,https://www.youtube.com/watch?v=VSZhHId3rsw,uc3afdr5jbqxyqrnxarzywsg,elumiaa,공간 분리 고민? 이거 하나면 인테리어 끝,1211,0,2026-09-15T03:40:03.000270+00:00,2026-09-15T05:10:02.238212+00:00,2026-09-16T05:10:03.000270+00:00,홈템,썰쇼핑,158,2026-09-09 07:08:49
ZCDr0GwM8O8,https://www.youtube.com/watch?v=ZCDr0GwM8O8,ucvaa_y8pn-ahgsjoqet6h9a,랜더쇼츠,회전교차로 역대급 적반하장 사고 (feat. 100대 0 소송 예고),1210,1,2026-09-15T16:04:03.000270+00:00,2026-09-15T23:10:03.157352+00:00,2026-09-16T05:10:03.000270+00:00,기타,썰쇼핑,1490,2026-09-14 07:04:05
lrMMqUWvbpc,https://www.youtube.com/watch?v=lrMMqUWvbpc,uckqnors9o6zgzjcsge5bd9a,다있슈,제조사도 예상못한 천재주부의 활용법,1209,1,2026-09-14T10:58:03.000270+00:00,2026-09-14T23:10:03.036703+00:00,2026-09-16T05:10:03.000270+00:00,오용형,썰쇼핑,1770,2026-09-09 07:08:49
sjUUT0D3HO4,https://www.youtube.com/watch?v=sjUUT0D3HO4,uc_zfdnlzdtdvq8o_7bvtucq,사아말아,잡스도 예상 못한 폭망한 발명품,1208,0,2026-09-04T09:46:03.000270+00:00,2026-09-14T23:10:03.036703+00:00,2026-09-16T05:10:03.000270+00:00,제품정체형,썰쇼핑,1070,2026-09-14 07:04:05
fazJmR-x3bs,https://www.youtube.com/watch?v=fazJmR-x3bs,uc4gpegusm1huqjwho9og8fa,와그라노TV,(속보)'정치는 히틀러처럼' 이 비유 괜찮은 겁니까?,1207,1,2026-09-09T19:10:03.000270+00:00,2026-09-09T23:10:01.358608+00:00,2026-09-16T05:10:03.000270+00:00,기타,썰쇼핑,0,2026-08-19 05:56:25
TVdM2C_DKWI,https://www.youtube.com/watch?v=TVdM2C_DKWI,uclshojkcjypr5ok5kaifc3q,고고살림,주방 수납 끝판왕 슬라이딩 수납장,1207,0,2026-09-12T08:46:03.000270+00:00,2026-09-12T23:10:03.131380+00:00,2026-09-16T05:10:03.000270+00:00,홈템,썰쇼핑,1,2026-09-09 07:08:49
H7yAsrbNVUU,https://www.youtube.com/watch?v=H7yAsrbNVUU,uc_2n09uyqrzul678tb6p7aa,살림꿀템,제조사도 놀란 기막힌 활용법,1207,1,2026-09-01T14:28:02.238212+00:00,2026-09-04T23:10:02.346310+00:00,2026-09-15T05:10:02.238212+00:00,오용형,썰쇼핑,12000,2026-09-09 07:08:49
Fsoao7A2T-o,https://www.youtube.com/watch?v=Fsoao7A2T-o,uctitdnbvhe3k4eufjury8qg,꿀템연구소,이케아 고수 선발 활용법,1205,1,2026-09-08T08:58:03.000270+00:00,2026-09-08T10:27:51.412064+00:00,2026-09-16T05:10:03.000270+00:00,홈템,썰쇼핑,10400,2026-09-09 07:08:49
aissnpVxrA4,https://www.youtube.com/watch?v=aissnpVxrA4,ucpedjalkfwwr4d2xelfykoa,숏딜,벤츠도 예상못한 천재의 활용법,1205,0,2026-09-11T08:52:03.000270+00:00,2026-09-14T23:10:03.036703+00:00,2026-09-16T05:10:03.000270+00:00,제품정체형,썰쇼핑,15200,2026-09-14 07:04:05
r9g7GQ28628,https://www.youtube.com/watch?v=r9g7GQ28628,ucknyotic61bk0usui1ixavg,으니픽,보법이 남다른 파우치의 비밀 #뷰티 #생활용품,1204,1,2026-09-15T10:58:03.000270+00:00,2026-09-15T23:10:03.157352+00:00,2026-09-16T05:10:03.000270+00:00,제품정체형,썰쇼핑,1300,2026-09-09 07:08:49
Xa3Y89prc5c,https://www.youtube.com/watch?v=Xa3Y89prc5c,ucxirsjqetzz4ml6lc-uu5tq,이런호기심,솔로는 절대 못 낌 ㄷㄷ 두 개를 합쳐야 비로소 완성되는 레전드 커플링,1201,0,2026-09-13T09:58:03.000270+00:00,2026-09-14T23:10:03.036703+00:00,2026-09-16T05:10:03.000270+00:00,기타,썰쇼핑,14400,2026-09-14 07:04:05
ztcp7CDM-qY,https://www.youtube.com/watch?v=ztcp7CDM-qY,ucsevfs9sqzl_tuzrqzsu1yq,쇼츠룸,인형 말 타고 장애물 넘는 광기의 대회  #하비호스 #이색스포츠 #핀란드축제 #몸개그 #승마대회,1201,0,2026-09-12T22:58:03.000270+00:00,2026-09-14T23:10:03.036703+00:00,2026-09-16T05:10:03.000270+00:00,기타,썰쇼핑,1150,2026-09-14 07:04:05
oMB6vsBPePA,https://www.youtube.com/watch?v=oMB6vsBPePA,uccc9zk2pbobvrzk8s7v7r1w,홈양품,달걀 분리 이렇게 쉬웠다고? 주방 필수템 발견!,1201,0,2026-08-30T08:40:02.819135+00:00,2026-09-08T11:10:24.676804+00:00,2026-09-13T05:10:02.819135+00:00,홈템,썰쇼핑,8,2026-09-09 07:08:49
QwT9SQbz9NA,https://www.youtube.com/watch?v=QwT9SQbz9NA,ucvfde0jxxr9xgjru-wijthw,사길잘했다,러닝할 때 절대 포기 못 하는 천재발명품,1200,0,2026-08-27T09:34:02.680133+00:00,2026-09-08T11:10:24.676804+00:00,2026-09-10T08:10:02.680133+00:00,제품정체형,썰쇼핑,1960,2026-09-09 07:08:49
sUZO8eVDTF0,https://www.youtube.com/watch?v=sUZO8eVDTF0,uckkeqaxjmev8w7gd4h5kcaw,이상한철물점,다용도 플라스틱 싱크대,1199,1,2026-09-09T16:04:03.000270+00:00,2026-09-09T23:10:01.358608+00:00,2026-09-16T05:10:03.000270+00:00,기타,썰쇼핑,0,2026-08-19 05:56:25
Y8u_wbnYBJ4,https://www.youtube.com/watch?v=Y8u_wbnYBJ4,ucwomfgpbfxbehvdxb9j7rsa,살림템바이,뜻밖에 활용법으로 대박난 이케아 수납장 |집꾸미기|수납장추천|이케아활용법,1198,0,2026-09-15T09:58:03.000270+00:00,2026-09-15T23:10:03.157352+00:00,2026-09-16T05:10:03.000270+00:00,홈템,썰쇼핑,1090,2026-09-09 07:08:49
GJArnRjvgf4,https://www.youtube.com/watch?v=GJArnRjvgf4,ucjlxkqrjd0pecwp1xkuvoeq,꿀템첵첵,이제 일반 조명은 눈에 안 들어옵니다! 망치로 때려도 안 깨지는 태양광 전구,1197,1,2026-09-14T09:34:03.000270+00:00,2026-09-14T23:10:03.036703+00:00,2026-09-16T05:10:03.000270+00:00,기타,썰쇼핑,27200,2026-09-09 07:08:49
DE2D5AidC-U,https://www.youtube.com/watch?v=DE2D5AidC-U,uctvonxoqv3-ntqka3lhafnq,담아,전세집에 못 박지 마세요  붙였다 떼도 말끔,1197,1,2026-09-10T22:58:03.000270+00:00,2026-09-11T02:10:02.367900+00:00,2026-09-16T05:10:03.000270+00:00,기타,썰쇼핑,187,2026-09-09 07:08:49
x8h6YmCoEEA,https://www.youtube.com/watch?v=x8h6YmCoEEA,uccc9zk2pbobvrzk8s7v7r1w,홈양품,과일 깎기 귀찮았다면 꼭 보세요,1197,0,2026-09-11T06:04:03.000270+00:00,2026-09-11T23:10:02.319689+00:00,2026-09-16T05:10:03.000270+00:00,기타,썰쇼핑,8,2026-09-09 07:08:49
FLB5GlQir1M,https://www.youtube.com/watch?v=FLB5GlQir1M,uclxapdsavnfqbmbbzs1l_cg,살림덕템,"락스로도 안 지워지던 곰팡이, 이걸로 해결! #쿠팡살림템 #쿠팡살림 #쿠팡꿀템",1194,0,2026-09-05T11:28:03.000270+00:00,2026-09-08T11:10:24.676804+00:00,2026-09-16T05:10:03.000270+00:00,홈템,썰쇼핑,22,2026-09-09 07:08:49
K86Hdl4cJns,https://www.youtube.com/watch?v=K86Hdl4cJns,ucsevfs9sqzl_tuzrqzsu1yq,쇼츠룸,원심력 번지점프 후 완벽한 착지(?) 성공  #햄스터일상 #햄스터 #쳇바퀴 #반려동물 #귀여운짤 #심쿵영상 #동물짤 #웃긴영상,1194,0,2026-09-15T21:58:03.000270+00:00,2026-09-15T23:10:03.157352+00:00,2026-09-16T05:10:03.000270+00:00,기타,썰쇼핑,1150,2026-09-14 07:04:05
YiLlNjKPOfc,https://www.youtube.com/watch?v=YiLlNjKPOfc,ucury26mdc8dmmsffuwlhzda,1분쇼핑,인공 방향제 고민인분 꼭 보세요!,1194,1,2026-09-01T00:22:03.036703+00:00,2026-09-14T23:10:03.036703+00:00,2026-09-14T23:10:03.036703+00:00,기타,썰쇼핑,32,2026-09-14 07:04:05
yprqw-GZXGg,https://www.youtube.com/watch?v=yprqw-GZXGg,uc4gpegusm1huqjwho9og8fa,와그라노TV,(속보)'재산권 갖고 장난치면 안 돼요' 이 비판 지나친 겁니까?,1193,1,2026-09-10T09:34:03.000270+00:00,2026-09-11T02:10:02.367900+00:00,2026-09-16T05:10:03.000270+00:00,기타,썰쇼핑,0,2026-08-19 05:56:25
Zx3AdLMFXl4,https://www.youtube.com/watch?v=Zx3AdLMFXl4,ucubpeqak9dgcj93bilzcs-q,마케터의 시선,이케아 선반 이렇게도 쓴다고?,1193,0,2026-09-04T10:28:03.000270+00:00,2026-09-08T11:10:24.676804+00:00,2026-09-16T05:10:03.000270+00:00,기타,썰쇼핑,69,2026-09-09 07:08:49
D_mVGOQJOfo,https://www.youtube.com/watch?v=D_mVGOQJOfo,uc4iyryt1y1d5_cdjaocsk6q,설렘픽,야채 깎을 때 이거 하나면 끝,1192,1,2026-09-10T03:58:03.000270+00:00,2026-09-10T08:10:02.680133+00:00,2026-09-16T05:10:03.000270+00:00,기타,썰쇼핑,2580,2026-09-09 07:08:49
KXg6Y32MDaA,https://www.youtube.com/watch?v=KXg6Y32MDaA,uc5ibeeh_ee8jv5lr9ikkbng,핑크수저,애플도 따라한 스마트폼 제품의 정체,1192,1,2026-09-15T01:58:03.000270+00:00,2026-09-15T05:10:02.238212+00:00,2026-09-16T05:10:03.000270+00:00,제품정체형,썰쇼핑,42,2026-09-09 07:08:49
rDCw7K0rpUY,https://www.youtube.com/watch?v=rDCw7K0rpUY,ucsotpmxx1xe3kwezomrwkxa,리뷰꿀템,아이돌들이 아침마다 마신다는 붓기 관리 차,1192,0,2026-09-01T05:52:02.238212+00:00,2026-09-08T12:30:44.178691+00:00,2026-09-15T05:10:02.238212+00:00,기타,썰쇼핑,353,2026-09-09 07:08:49
c6p3JW2dxZE,https://www.youtube.com/watch?v=c6p3JW2dxZE,ucnd6bgf50o87a92-ik1di8q,살림도사,이케아 디자이너도 반한 미친 아이디어,1191,0,2026-09-14T22:58:03.000270+00:00,2026-09-14T23:10:03.036703+00:00,2026-09-16T05:10:03.000270+00:00,홈템,썰쇼핑,14500,2026-09-09 07:08:49
AEvaNkUx3_w,https://www.youtube.com/watch?v=AEvaNkUx3_w,ucl73b511gokm8guqlm9zsbq,먼지잼,폭 딱 한 뼘인데 수납력 미친 슬림 신발장,1189,0,2026-09-08T06:46:03.000270+00:00,2026-09-08T11:10:24.676804+00:00,2026-09-16T05:10:03.000270+00:00,홈템,썰쇼핑,10100,2026-09-09 07:08:49
_y3TK8VGgr8,https://www.youtube.com/watch?v=_y3TK8VGgr8,ucury26mdc8dmmsffuwlhzda,1분쇼핑,📌세면대에 딱 들어가는 애벌 빨래용 빨래판 #애벌빨래 #손빨래 #미니빨래판,1189,1,2026-09-01T05:28:02.238212+00:00,2026-09-14T23:10:03.036703+00:00,2026-09-15T05:10:02.238212+00:00,기타,썰쇼핑,32,2026-09-14 07:04:05
oKqaIVA6gQs,https://www.youtube.com/watch?v=oKqaIVA6gQs,uctvonxoqv3-ntqka3lhafnq,담아,우리집 냉장고 냄새 싹 잡은 비결,1189,1,2026-08-25T23:00:44.178691+00:00,2026-09-04T23:10:02.346310+00:00,2026-09-08T12:30:44.178691+00:00,홈템,썰쇼핑,187,2026-09-09 07:08:49
a5x5i1y_TyA,https://www.youtube.com/watch?v=a5x5i1y_TyA,uc3afdr5jbqxyqrnxarzywsg,elumiaa,어떤 옷이든 슬림핏 만들어주는 꿀템,1188,0,2026-09-02T23:16:03.000270+00:00,2026-09-08T11:10:24.676804+00:00,2026-09-16T05:10:03.000270+00:00,홈템,썰쇼핑,158,2026-09-09 07:08:49
rkKFYmvaEZI,https://www.youtube.com/watch?v=rkKFYmvaEZI,ucynpgh7_qesow4pbljhmi2q,유머굿템,회사에서 점심먹고 꿀잠자는 방법,1187,0,2026-09-02T21:58:03.000270+00:00,2026-09-08T11:10:24.676804+00:00,2026-09-16T05:10:03.000270+00:00,기타,썰쇼핑,17500,2026-09-09 07:08:49
WzR4NsrdfJM,https://www.youtube.com/watch?v=WzR4NsrdfJM,uctx_l77r2yqat1rszs8fwea,살림체크,제조사도 몰랐던 한국 천재 활용법,1187,1,2026-09-11T08:52:03.000270+00:00,2026-09-14T23:10:03.036703+00:00,2026-09-16T05:10:03.000270+00:00,오용형,썰쇼핑,10600,2026-09-14 07:04:05
8mngkXU_d48,https://www.youtube.com/watch?v=8mngkXU_d48,ucvfde0jxxr9xgjru-wijthw,사길잘했다,안경쟁이들이 절대 포기 못 하는 천재발명품,1186,0,2026-09-03T09:28:03.000270+00:00,2026-09-08T11:10:24.676804+00:00,2026-09-16T05:10:03.000270+00:00,제품정체형,썰쇼핑,1960,2026-09-09 07:08:49
bDm7UKjnNmI,https://www.youtube.com/watch?v=bDm7UKjnNmI,uc5ibeeh_ee8jv5lr9ikkbng,핑크수저,개발자가 떼 돈 벌었다는 제품의 정체,1183,1,2026-09-03T01:58:03.000270+00:00,2026-09-08T12:30:44.178691+00:00,2026-09-16T05:10:03.000270+00:00,제품정체형,썰쇼핑,42,2026-09-09 07:08:49
g5x85WJo_6M,https://www.youtube.com/watch?v=g5x85WJo_6M,ucqnbrrb-zbu_7o5ksr27l6g,리치쇼핑,빨대를 반으로 갈라버린 천재의 발명품,1183,2,2026-08-26T07:58:02.542305+00:00,2026-09-04T23:10:02.346310+00:00,2026-09-09T05:10:02.542305+00:00,제품정체형,썰쇼핑,3050,2026-09-14 07:04:05
c2lCLbcK6RM,https://www.youtube.com/watch?v=c2lCLbcK6RM,uc9lbov0bom6xglwla14ovxg,부시리,미국에서 미친듯이 팔린다는 운동화크림,1182,1,2026-09-12T10:28:03.000270+00:00,2026-09-12T23:10:03.131380+00:00,2026-09-16T05:10:03.000270+00:00,기타,썰쇼핑,1040,2026-09-09 07:08:49
BfMMZtFKWRc,https://www.youtube.com/watch?v=BfMMZtFKWRc,ucdrpxmsqn83qromdpq0ai6q,톡템,한국 살림꾼들이 싹쓸이해서 재고 없다는 미니 세탁기,1182,1,2026-09-04T09:46:03.000270+00:00,2026-09-14T23:10:03.036703+00:00,2026-09-16T05:10:03.000270+00:00,홈템,썰쇼핑,1090,2026-09-14 07:20:43
FSYrpFf92Bc,https://www.youtube.com/watch?v=FSYrpFf92Bc,uc4gpegusm1huqjwho9og8fa,와그라노TV,퇴근한 직장인들 요즘 취미생활,1181,0,2026-09-02T09:58:03.000270+00:00,2026-09-04T23:10:02.346310+00:00,2026-09-16T05:10:03.000270+00:00,기타,썰쇼핑,0,2026-08-19 05:56:25
37V2uHCxXWw,https://www.youtube.com/watch?v=37V2uHCxXWw,uckec0idwzpe-sam6su0ztcg,실링홈,유튜버들이 몰래 쓰는 촬영 필수 아이템 #촬영꿀팁 #꿀템 #촬영준비 #직촬,1181,1,2026-09-15T01:04:03.000270+00:00,2026-09-15T05:10:02.238212+00:00,2026-09-16T05:10:03.000270+00:00,홈템,썰쇼핑,0,2026-08-19 05:56:25
R2sJjfks9Jw,https://www.youtube.com/watch?v=R2sJjfks9Jw,ucksqwbppwreyk9sxnodup7w,꿀템튜브,이제 이걸로 집에서 제모 끝내는 사람들,1181,1,2026-09-03T01:58:03.000270+00:00,2026-09-08T11:10:24.676804+00:00,2026-09-16T05:10:03.000270+00:00,기타,썰쇼핑,70,2026-09-09 07:08:49
HOJWLVc7rwU,https://www.youtube.com/watch?v=HOJWLVc7rwU,uc5gvjoaf9cwonmlvji_bfmq,이거하나,다이소도 예상못한 운전자들 구원템ㄷㄷ,1181,0,2026-09-08T08:28:03.000270+00:00,2026-09-14T23:10:03.036703+00:00,2026-09-16T05:10:03.000270+00:00,제품정체형,썰쇼핑,1270,2026-09-14 07:04:05
EbJVUS2HnaE,https://www.youtube.com/watch?v=EbJVUS2HnaE,ucsevfs9sqzl_tuzrqzsu1yq,쇼츠룸,재택근무의 현실 #재택근무 #유부남 #부부일상 #워라밸,1181,0,2026-09-10T10:58:03.000270+00:00,2026-09-14T23:10:03.036703+00:00,2026-09-16T05:10:03.000270+00:00,기타,썰쇼핑,1150,2026-09-14 07:04:05
Iy4QZc79jTo,https://www.youtube.com/watch?v=Iy4QZc79jTo,uccc9zk2pbobvrzk8s7v7r1w,홈양품,🧲 밋밋한 냉장고가 이렇게 달라집니다,1180,0,2026-09-13T08:10:03.000270+00:00,2026-09-13T23:10:02.300105+00:00,2026-09-16T05:10:03.000270+00:00,홈템,썰쇼핑,8,2026-09-09 07:08:49
CP2Iu0xR6sg,https://www.youtube.com/watch?v=CP2Iu0xR6sg,uch6fp7bvc_9bnnfulqfmasw,이거다시바,한국인들은 절대 못 참는다는 달력 #꿀템 #필수템 #3D #입체 #달력 #캘린더 #선물 #2027 #소품 #감성 #셀프인테리어 #인테리어,1178,3,2026-09-14T09:34:03.000270+00:00,2026-09-14T23:10:03.036703+00:00,2026-09-16T05:10:03.000270+00:00,홈템,썰쇼핑,0,2026-08-19 05:56:25
TORlUTnh6XE,https://www.youtube.com/watch?v=TORlUTnh6XE,ucknyotic61bk0usui1ixavg,으니픽,일본사람들이 오래사는 이유중 한가지 #생활용품,1176,1,2026-09-08T11:22:03.000270+00:00,2026-09-08T12:30:44.178691+00:00,2026-09-16T05:10:03.000270+00:00,홈템,썰쇼핑,1300,2026-09-09 07:08:49
i8Gs3XoTe5g,https://www.youtube.com/watch?v=i8Gs3XoTe5g,ucdrpxmsqn83qromdpq0ai6q,톡템,주방 식중독균 완벽하게 멸종시킨 미친 물건의 정체,1176,1,2026-09-03T14:34:03.000270+00:00,2026-09-14T23:10:03.036703+00:00,2026-09-16T05:10:03.000270+00:00,제품정체형,썰쇼핑,1090,2026-09-14 07:20:43
seEdG5y5Rkg,https://www.youtube.com/watch?v=seEdG5y5Rkg,uc6alxcfrxxxbrc3lzbx1gxg,꿀딜,데이터도 당황한 명절 선물 순위,1176,1,2026-09-11T08:22:03.000270+00:00,2026-09-14T23:10:03.036703+00:00,2026-09-16T05:10:03.000270+00:00,기타,썰쇼핑,235,2026-09-14 07:20:43
1hRZPkvS-HI,https://www.youtube.com/watch?v=1hRZPkvS-HI,ucf7bncknwzsbcmt_zvxdwkw,ヤッホー,サボっている男を見つけた社長,1175,0,2026-09-15T06:40:03.000270+00:00,2026-09-15T23:10:03.157352+00:00,2026-09-16T05:10:03.000270+00:00,기타,썰쇼핑,35500,2026-09-09 07:08:49
Xd7OokjvJV0,https://www.youtube.com/watch?v=Xd7OokjvJV0,uc3afdr5jbqxyqrnxarzywsg,elumiaa,나만 손 소독제로 착각한 거 아니었네ㅎㄷㄷ,1175,0,2026-08-31T10:34:02.569334+00:00,2026-09-08T11:10:24.676804+00:00,2026-09-14T05:10:02.569334+00:00,기타,썰쇼핑,158,2026-09-09 07:08:49
iPhmEKK0SUM,https://www.youtube.com/watch?v=iPhmEKK0SUM,uc3afdr5jbqxyqrnxarzywsg,elumiaa,오~?! 모서리부활지우개가 있다고?!,1174,0,2026-08-28T08:04:02.666924+00:00,2026-09-08T11:10:24.676804+00:00,2026-09-11T05:10:02.666924+00:00,기타,썰쇼핑,158,2026-09-09 07:08:49
pw9SYK_4e9A,https://www.youtube.com/watch?v=pw9SYK_4e9A,uc_zfdnlzdtdvq8o_7bvtucq,사아말아,덕후들만 환장한다는 애플워치 밴드,1173,3,2026-09-07T08:28:03.000270+00:00,2026-09-14T23:10:03.036703+00:00,2026-09-16T05:10:03.000270+00:00,기타,썰쇼핑,1070,2026-09-14 07:04:05
UI82NnmErPY,https://www.youtube.com/watch?v=UI82NnmErPY,ucw-vssbyj4pqqcvfzyqxp5q,쇼컷리뷰,지붕에 아직도 유리 쓰는 사람만 손해 보는 이유,1172,1,2026-09-06T22:40:03.000270+00:00,2026-09-14T23:10:03.036703+00:00,2026-09-16T05:10:03.000270+00:00,기타,썰쇼핑,605,2026-09-14 07:06:10
y9hhghLP9mA,https://www.youtube.com/watch?v=y9hhghLP9mA,ucksqwbppwreyk9sxnodup7w,꿀템튜브,뽑아쓰는 티슈에서 영감받아 떼 돈번 개발자의 정체,1171,1,2026-09-04T11:46:03.000270+00:00,2026-09-08T11:10:24.676804+00:00,2026-09-16T05:10:03.000270+00:00,제품정체형,썰쇼핑,70,2026-09-09 07:08:49
Fx1bydwrePs,https://www.youtube.com/watch?v=Fx1bydwrePs,ucl73b511gokm8guqlm9zsbq,먼지잼,떡만드는 요술 밥솥,1171,0,2026-09-15T07:16:03.000270+00:00,2026-09-15T23:10:03.157352+00:00,2026-09-16T05:10:03.000270+00:00,홈템,썰쇼핑,10100,2026-09-09 07:08:49
z6hxY6M73QM,https://www.youtube.com/watch?v=z6hxY6M73QM,ucsevfs9sqzl_tuzrqzsu1yq,쇼츠룸,와이프 엎고 뛰다 허리 나갈 뻔한 썰  #아내업고달리기 #이색스포츠 #핀란드대회 #세계선수권 #극한스포츠,1171,0,2026-09-11T22:58:03.000270+00:00,2026-09-14T23:10:03.036703+00:00,2026-09-16T05:10:03.000270+00:00,기타,썰쇼핑,1150,2026-09-14 07:04:05
_tbS0WhLYtI,https://www.youtube.com/watch?v=_tbS0WhLYtI,ucgeufnhdqws3ajiskctcjcq,ヌマヌマ,どっちのサビが好き？CORTIS「What You Want」振付比較,1167,0,2026-09-14T09:28:03.000270+00:00,2026-09-14T23:10:03.036703+00:00,2026-09-16T05:10:03.000270+00:00,기타,썰쇼핑,3850,2026-09-09 07:08:49
8UFCYity6wA,https://www.youtube.com/watch?v=8UFCYity6wA,ucyeava-eiutdvg_wnlijepq,살림킹,이케아 직원도 기절한 선반 활용법,1166,1,2026-09-06T16:58:03.000270+00:00,2026-09-08T11:10:24.676804+00:00,2026-09-16T05:10:03.000270+00:00,제품정체형,썰쇼핑,1040,2026-09-09 07:08:49
Kyw4Ncrs0Zw,https://www.youtube.com/watch?v=Kyw4Ncrs0Zw,uc3afdr5jbqxyqrnxarzywsg,elumiaa,못질 없이 3초 만에 방 나누는 특급 비결,1164,0,2026-09-10T13:28:03.000270+00:00,2026-09-11T02:10:02.367900+00:00,2026-09-16T05:10:03.000270+00:00,기타,썰쇼핑,158,2026-09-09 07:08:49
dVMmCsCdKGk,https://www.youtube.com/watch?v=dVMmCsCdKGk,ucw-vssbyj4pqqcvfzyqxp5q,쇼컷리뷰,"책상 밑 본체, 이거 하나로 스트레스 끝 #초슬림PC",1164,1,2026-09-01T12:04:02.238212+00:00,2026-09-14T23:10:03.036703+00:00,2026-09-15T05:10:02.238212+00:00,기타,썰쇼핑,605,2026-09-14 07:06:10
DUAu20snPG8,https://www.youtube.com/watch?v=DUAu20snPG8,ucyi0vstrxhmnxmz-slp9okg,썰렘톡톡1,가구 개발자도 당황한 한국 주부들의 신박한 활용법??,1163,0,2026-09-10T11:04:03.000270+00:00,2026-09-14T23:10:03.036703+00:00,2026-09-16T05:10:03.000270+00:00,오용형,썰쇼핑,2,2026-09-14 07:06:10
rr3xJlBcx4g,https://www.youtube.com/watch?v=rr3xJlBcx4g,uciyteuko_p950a7je7jpixa,루구나,가격보고 놀란 추석선물 순위 정리,1162,0,2026-09-05T22:46:03.000270+00:00,2026-09-05T23:10:01.374377+00:00,2026-09-16T05:10:03.000270+00:00,홈템,썰쇼핑,19600,2026-09-09 07:08:49
c4pgiTvtG3g,https://www.youtube.com/watch?v=c4pgiTvtG3g,ucxeyhz8xitvlxhdduxy6zca,리뷰남 ,초밥을 가성비 있게 먹을 수 있는 일본 천재의 발명품,1161,1,2026-09-15T09:10:03.000270+00:00,2026-09-15T23:10:03.157352+00:00,2026-09-16T05:10:03.000270+00:00,제품정체형,썰쇼핑,16100,2026-09-09 07:08:49
uw2eq-wzP5g,https://www.youtube.com/watch?v=uw2eq-wzP5g,ucbx5cgjqdhqxdk4fn6ltj3g,찐리뷰 클라쓰,이젠 내리세요! 좁은 주방 수납 선반 꿀템,1161,1,2026-09-15T09:16:03.000270+00:00,2026-09-15T23:10:03.157352+00:00,2026-09-16T05:10:03.000270+00:00,홈템,썰쇼핑,23700,2026-09-09 07:08:49
rE1t0fckvwQ,https://www.youtube.com/watch?v=rE1t0fckvwQ,uczgoriozc_etvvg-o72xjcw,썰n픽,추석 택배 대란에 주부들이 품절 낸 제품의 정체,1161,1,2026-09-09T10:58:03.000270+00:00,2026-09-14T23:10:03.036703+00:00,2026-09-16T05:10:03.000270+00:00,제품정체형,썰쇼핑,1080,2026-09-14 07:04:05
NifvVsQP2K4,https://www.youtube.com/watch?v=NifvVsQP2K4,ucury26mdc8dmmsffuwlhzda,1분쇼핑,"매번 짐 올리려고 사다리차 부르던 사람들, 이걸 왜 이제 알았냐고요",1161,1,2026-09-02T08:52:03.000270+00:00,2026-09-14T23:10:03.036703+00:00,2026-09-16T05:10:03.000270+00:00,장비템,썰쇼핑,32,2026-09-14 07:04:05
q-YiAuFePJs,https://www.youtube.com/watch?v=q-YiAuFePJs,ucynpgh7_qesow4pbljhmi2q,유머굿템,밤에 더 찾게 된다는 LED 마그네틱 조명,1159,2,2026-09-02T09:58:03.000270+00:00,2026-09-08T11:10:24.676804+00:00,2026-09-16T05:10:03.000270+00:00,기타,썰쇼핑,17500,2026-09-09 07:08:49
h3VraoZ5gU0,https://www.youtube.com/watch?v=h3VraoZ5gU0,ucbpaopjknymyrihzwt5c_mg,리빙플립,물때 딱기 싫으면 무조건 이거 하세요,1159,0,2026-08-26T10:46:02.542305+00:00,2026-09-04T23:10:02.346310+00:00,2026-09-09T05:10:02.542305+00:00,기타,썰쇼핑,13100,2026-09-09 07:08:49
zYvKPBrpvrg,https://www.youtube.com/watch?v=zYvKPBrpvrg,uc7fjlnge2czyi2lppje9hxw,써니네,장바구니가 이렇게까지 늘어난다고? #살림꿀팁 #살림꿀팁 #꿀팁 #꿀팁 #꿀템 #꿀템 #생활꿀팁,1158,0,2026-09-03T00:58:03.000270+00:00,2026-09-04T23:10:02.346310+00:00,2026-09-16T05:10:03.000270+00:00,홈템,썰쇼핑,0,2026-08-19 05:56:25
FnQQV_gu1mc,https://www.youtube.com/watch?v=FnQQV_gu1mc,ucynpgh7_qesow4pbljhmi2q,유머굿템,셔츠 때문에 회사 지각하는 직장인들을 위한 선택 스팀 다리미,1158,0,2026-08-30T09:58:02.819135+00:00,2026-09-08T11:10:24.676804+00:00,2026-09-13T05:10:02.819135+00:00,기타,썰쇼핑,17500,2026-09-09 07:08:49
ezlZ92yhJzo,https://www.youtube.com/watch?v=ezlZ92yhJzo,ucyi0vstrxhmnxmz-slp9okg,썰렘톡톡1,외국인들이 미친듯이 사가는 한국화장품?!,1157,0,2026-09-12T11:46:03.000270+00:00,2026-09-14T23:10:03.036703+00:00,2026-09-16T05:10:03.000270+00:00,뷰티,썰쇼핑,2,2026-09-14 07:06:10
XQ8yDZ_KfR8,https://www.youtube.com/watch?v=XQ8yDZ_KfR8,ucacjyzv8sszopdmi_punhyw,느좋스냅,넷플릭스 씹어먹고 전세계 1위 찍은 K드라마PPL #짧은영상,1156,4,2026-09-15T08:40:03.000270+00:00,2026-09-15T23:10:03.157352+00:00,2026-09-16T05:10:03.000270+00:00,기타,썰쇼핑,42300,2026-09-09 07:08:49
NTwCu043yYk,https://www.youtube.com/watch?v=NTwCu043yYk,uc4gpegusm1huqjwho9og8fa,와그라노TV,(속보)'본인 앞에서만 예외입니까' 이 물음 어떻게 보십니까?,1155,2,2026-09-09T07:10:03.000270+00:00,2026-09-09T23:10:01.358608+00:00,2026-09-16T05:10:03.000270+00:00,기타,썰쇼핑,0,2026-08-19 05:56:25
5UrG5wOf66g,https://www.youtube.com/watch?v=5UrG5wOf66g,uca1sbg9pja6ilneecrbsrlq,별걸다봄,라면 끓이는데 무쇠키티가 왜 나와??,1155,1,2026-09-14T08:58:03.000270+00:00,2026-09-14T23:10:03.036703+00:00,2026-09-16T05:10:03.000270+00:00,제품정체형,썰쇼핑,17700,2026-09-09 07:08:49
EDctSu4zGeY,https://www.youtube.com/watch?v=EDctSu4zGeY,uciyteuko_p950a7je7jpixa,루구나,청소업체도 놀란 예상밖의 만능템,1155,1,2026-08-26T22:58:02.542305+00:00,2026-09-04T23:10:02.346310+00:00,2026-09-09T05:10:02.542305+00:00,제품정체형,썰쇼핑,19600,2026-09-09 07:08:49
AztfecfUMuY,https://www.youtube.com/watch?v=AztfecfUMuY,uc5-un3i3gbzmsce0wofciyq,꽈리 살림템,비 맞던 육아맘 구한 일본 천재 발명품,1154,1,,2026-09-04T23:10:02.346310+00:00,2026-09-04T23:10:02.346310+00:00,제품정체형,썰쇼핑,10100,2026-09-09 07:08:49
QSkLivr2c-k,https://www.youtube.com/watch?v=QSkLivr2c-k,ucwgtmho0tsuedduon1fmgrw,순간의픽,선글라스는 이제 여기에 보관하세요 #필수템 #안경 #선글라스 #케이스 #파우치 #안경닦기 #일체형 #여행 #선물 #아이디어 #감성 #셀프인테리어 #인테리어,1152,1,2026-09-04T00:40:03.000270+00:00,2026-09-04T23:10:02.346310+00:00,2026-09-16T05:10:03.000270+00:00,홈템,썰쇼핑,580,2026-09-09 07:08:49
swv4sBgBI5I,https://www.youtube.com/watch?v=swv4sBgBI5I,ucw-vssbyj4pqqcvfzyqxp5q,쇼컷리뷰,세차할 때 아직도 큰 세척기 꺼내는 사람만 손해 보는 이유,1152,2,2026-09-10T13:58:03.000270+00:00,2026-09-14T23:10:03.036703+00:00,2026-09-16T05:10:03.000270+00:00,기타,썰쇼핑,605,2026-09-14 07:06:10
rabw3mSjByM,https://www.youtube.com/watch?v=rabw3mSjByM,ucdrpxmsqn83qromdpq0ai6q,톡템,"무거운 세탁기, 냉장고 밑 묵은 먼지 청소! 더 이상 허리 부러져라 고생하지 마세요",1152,1,2026-09-09T11:16:03.000270+00:00,2026-09-14T23:10:03.036703+00:00,2026-09-16T05:10:03.000270+00:00,홈템,썰쇼핑,1090,2026-09-14 07:20:43
SKoeSDCHIHA,https://www.youtube.com/watch?v=SKoeSDCHIHA,ucksqwbppwreyk9sxnodup7w,꿀템튜브,평범한 책상에 이걸 꽂았더니 벌어진 일,1152,1,2026-09-02T01:58:03.157352+00:00,2026-09-08T11:10:24.676804+00:00,2026-09-15T23:10:03.157352+00:00,기타,썰쇼핑,70,2026-09-09 07:08:49
0sw-1osZIXs,https://www.youtube.com/watch?v=0sw-1osZIXs,ucycg5luulo-ccdblcw7hdcq,지식배송,엄마들 눈물나게 하는 액자 정체,1152,2,2026-08-30T04:58:03.131380+00:00,2026-09-08T12:30:44.178691+00:00,2026-09-12T23:10:03.131380+00:00,제품정체형,썰쇼핑,1350,2026-09-09 07:08:49
QbWFlnuDoD8,https://www.youtube.com/watch?v=QbWFlnuDoD8,ucu-hzvlc1tvab1lrp0cejtg,속으로만,거치대 고민을 박살내버린 천재의 발명품,1151,0,2026-09-01T16:40:02.238212+00:00,2026-09-13T05:10:02.819135+00:00,2026-09-15T05:10:02.238212+00:00,제품정체형,썰쇼핑,0,2026-08-19 05:56:25
aFS43V_QeDw,https://www.youtube.com/watch?v=aFS43V_QeDw,uc_axlecdgpvawgimuyuvluq,더 홈 에디토리,역대급 아이디어 하나로 난리난 제품#국자,1151,1,2026-09-01T03:22:03.036703+00:00,2026-09-14T23:10:03.036703+00:00,2026-09-14T23:10:03.036703+00:00,기타,썰쇼핑,11000,2026-09-14 07:04:05
TEF-7m7aDaQ,https://www.youtube.com/watch?v=TEF-7m7aDaQ,ucbbwhlb1oqkgkzqllrsczva,아스토니쉬코리아,화장실청소 자신감 업 #화장실 #화장실청소 #자신감  #꿀팁 #아스토니쉬,1151,0,2026-08-23T23:58:01.282766+00:00,2026-09-04T23:10:02.346310+00:00,2026-09-06T23:10:01.282766+00:00,뷰티,썰쇼핑,0,2026-08-19 05:56:25
dHQFTHMgglo,https://www.youtube.com/watch?v=dHQFTHMgglo,ucynpgh7_qesow4pbljhmi2q,유머굿템,86세 아빠의 스트레칭을 보고 놀란 강주은,1150,0,2026-09-05T09:58:03.000270+00:00,2026-09-08T11:10:24.676804+00:00,2026-09-16T05:10:03.000270+00:00,기타,썰쇼핑,17500,2026-09-09 07:08:49
wwV6ohJyOGM,https://www.youtube.com/watch?v=wwV6ohJyOGM,ucz-slgdofm414lil2nz0qea,장바구니 털기,아이 셋 키운 이모가 운동화 때문에 만든 미친 발명품,1150,1,2026-09-10T21:58:03.000270+00:00,2026-09-14T23:10:03.036703+00:00,2026-09-16T05:10:03.000270+00:00,제품정체형,썰쇼핑,1020,2026-09-14 07:04:05
R27C416xja8,https://www.youtube.com/watch?v=R27C416xja8,ucmy_dsulpkwmomilddbp_8q,그럴줄알았지 : 세상 사는 이야기,우리 집 냉장고엔 비닐랩이 없는 이유,1149,0,2026-09-03T08:40:03.000270+00:00,2026-09-08T11:10:24.676804+00:00,2026-09-16T05:10:03.000270+00:00,홈템,썰쇼핑,6960,2026-09-09 07:08:49
jGF73PhJZ7Q,https://www.youtube.com/watch?v=jGF73PhJZ7Q,ucgeufnhdqws3ajiskctcjcq,포미픽,해외주부들 오열한 천재의 아이템,1147,0,2026-08-26T09:16:02.542305+00:00,2026-09-04T23:10:02.346310+00:00,2026-09-09T05:10:02.542305+00:00,제품정체형,썰쇼핑,3850,2026-09-09 07:08:49
1lKlOXXeri4,https://www.youtube.com/watch?v=1lKlOXXeri4,uccc9zk2pbobvrzk8s7v7r1w,홈양품,"🧽 아무리 닦아도 안 지워지는 때, 이렇게 해보세요",1146,0,2026-09-07T06:52:03.000270+00:00,2026-09-08T11:10:24.676804+00:00,2026-09-16T05:10:03.000270+00:00,기타,썰쇼핑,8,2026-09-09 07:08:49
KLBQiMCsGQM,https://www.youtube.com/watch?v=KLBQiMCsGQM,uc4gpegusm1huqjwho9og8fa,와그라노TV,(속보)'선 사고 후 조치입니다' 간담회에서 나온 직격은,1144,1,2026-09-15T09:16:03.000270+00:00,2026-09-15T23:10:03.157352+00:00,2026-09-16T05:10:03.000270+00:00,기타,썰쇼핑,0,2026-08-19 05:56:25
XqWheg3KeXo,https://www.youtube.com/watch?v=XqWheg3KeXo,uckav5c_xgwtehpyk3i-zcfg,오늘꿀템,제조사도 예상못한 천재주부의 활용법,1144,0,2026-09-13T08:28:03.000270+00:00,2026-09-13T23:10:02.300105+00:00,2026-09-16T05:10:03.000270+00:00,오용형,썰쇼핑,1380,2026-09-09 07:08:49
k20aMvCScJY,https://www.youtube.com/watch?v=k20aMvCScJY,uctvonxoqv3-ntqka3lhafnq,담아,냉장고에 착 붙여두세요,1143,1,2026-09-11T22:58:03.000270+00:00,2026-09-11T23:10:02.319689+00:00,2026-09-16T05:10:03.000270+00:00,홈템,썰쇼핑,187,2026-09-09 07:08:49
iVHEP48xGI8,https://www.youtube.com/watch?v=iVHEP48xGI8,ucmlj9igwl-abyr83b7upqda,이슈 리뷰어,(ASMR소곤소곤)레전드썰:남편이 저녁상 사진을 매일 찍었던 이유는?,1142,0,2026-09-14T08:58:03.000270+00:00,2026-09-14T23:10:03.036703+00:00,2026-09-16T05:10:03.000270+00:00,기타,썰쇼핑,0,2026-08-19 05:56:25
8jLsFNRsZPM,https://www.youtube.com/watch?v=8jLsFNRsZPM,ucbbwhlb1oqkgkzqllrsczva,아스토니쉬코리아,잘 될 줄 몰랐던 제품 #예상치못한  #아스토니쉬 #변기 #욕실  #청소,1141,0,2026-08-26T23:58:01.358608+00:00,2026-09-04T23:10:02.346310+00:00,2026-09-09T23:10:01.358608+00:00,기타,썰쇼핑,0,2026-08-19 05:56:25
9wTAoOUoCXA,https://www.youtube.com/watch?v=9wTAoOUoCXA,ucwgtmho0tsuedduon1fmgrw,순간의픽,이케아 고인물들 옷장엔 이게 꼭 있대요 #필수템 #이케아 #콤플레멘트 #옷장 #살림 #옷걸이 #공간활용 #아이디어 #감성 #셀프인테리어 #인테리어,1140,1,2026-08-25T09:04:02.851021+00:00,2026-09-04T23:10:02.346310+00:00,2026-09-07T23:10:02.851021+00:00,홈템,썰쇼핑,580,2026-09-09 07:08:49
3fbBlHVkmIM,https://www.youtube.com/watch?v=3fbBlHVkmIM,uch6fp7bvc_9bnnfulqfmasw,이거다시바,엄마들이 감탄한 이케아 커튼링 활용법 #꿀템 #필수템 #이케아 #커튼링 #쉴리그 #활용법 #아기 #옷 #옷걸이 #정리 #살림 #아이디어 #감성 #셀프인테리어 #인테리어,1138,1,2026-09-15T12:28:03.000270+00:00,2026-09-15T23:10:03.157352+00:00,2026-09-16T05:10:03.000270+00:00,오용형,썰쇼핑,0,2026-08-19 05:56:25
v5qTQWDeHOo,https://www.youtube.com/watch?v=v5qTQWDeHOo,uc4gpegusm1huqjwho9og8fa,와그라노TV,(속보)'중진들이 기회주의적이다' 이 쓴소리 맞는 겁니까?,1136,0,2026-09-10T20:16:03.000270+00:00,2026-09-11T02:10:02.367900+00:00,2026-09-16T05:10:03.000270+00:00,기타,썰쇼핑,0,2026-08-19 05:56:25
LDq8T3pe8hY,https://www.youtube.com/watch?v=LDq8T3pe8hY,uct_k9uncg3axxb8ujj9f2_g,속닥마켓,문 닫으면 감쪽같이 사라지는 비밀 카페의 정체,1136,0,2026-09-08T12:04:03.000270+00:00,2026-09-08T12:30:44.178691+00:00,2026-09-16T05:10:03.000270+00:00,제품정체형,썰쇼핑,82,2026-09-09 07:08:49
LOxjNTpXZu0,https://www.youtube.com/watch?v=LOxjNTpXZu0,ucvfde0jxxr9xgjru-wijthw,사길잘했다,무인양품도 절대 포기 못 하는 천재발명품,1136,0,2026-08-26T09:34:02.542305+00:00,2026-09-08T11:10:24.676804+00:00,2026-09-09T05:10:02.542305+00:00,제품정체형,썰쇼핑,1960,2026-09-09 07:08:49
FoocMACqOlY,https://www.youtube.com/watch?v=FoocMACqOlY,ucw-vssbyj4pqqcvfzyqxp5q,쇼컷리뷰,발끝 걸리는 걸 그냥 참는 사람만 손해 보는 이유,1135,1,2026-09-11T12:40:03.000270+00:00,2026-09-14T23:10:03.036703+00:00,2026-09-16T05:10:03.000270+00:00,기타,썰쇼핑,605,2026-09-14 07:06:10
Y4p6GJqWoSY,https://www.youtube.com/watch?v=Y4p6GJqWoSY,uc3afdr5jbqxyqrnxarzywsg,elumiaa,"겉바속촉 샌드위치 3분 완성, 아침 식사 풍경이 바뀝니다.",1134,0,2026-09-01T23:04:02.238212+00:00,2026-09-08T11:10:24.676804+00:00,2026-09-15T05:10:02.238212+00:00,기타,썰쇼핑,158,2026-09-09 07:08:49
HGF1z2eCVhs,https://www.youtube.com/watch?v=HGF1z2eCVhs,uc4gpegusm1huqjwho9og8fa,쉿비밀이야,42년 동안 묶여 있던 게 풀리자마자🚩 한국이 꺼낸 게 있음,1134,2,2026-08-23T09:52:01.374377+00:00,2026-09-04T23:10:02.346310+00:00,2026-09-05T23:10:01.374377+00:00,기타,썰쇼핑,0,2026-08-19 05:56:25
46vM7EF6Pcg,https://www.youtube.com/watch?v=46vM7EF6Pcg,ucsevfs9sqzl_tuzrqzsu1yq,쇼츠룸,무중력 상태에서 족구하는 고인물들 ㄷㄷ 😱 #세팍타크로 #이색스포츠 #액션영화 #발차기 #기인열전,1129,0,2026-09-14T04:58:03.000270+00:00,2026-09-14T23:10:03.036703+00:00,2026-09-16T05:10:03.000270+00:00,기타,썰쇼핑,1150,2026-09-14 07:04:05
--IkaGN3hFU,https://www.youtube.com/watch?v=--IkaGN3hFU,ucmeifnqi1f99moxyzgcrp2q,발견상자,명절에 식용유 그냥 버렸다간 큰 코 다치는 이유,1128,0,2026-09-10T14:10:03.000270+00:00,2026-09-12T23:10:03.131380+00:00,2026-09-16T05:10:03.000270+00:00,기타,썰쇼핑,1080,2026-09-09 07:08:49
aM5vJsSYhck,https://www.youtube.com/watch?v=aM5vJsSYhck,uc5ibeeh_ee8jv5lr9ikkbng,핑크수저,세면대를 개조해버린 제품의 정체,1126,1,2026-09-14T01:58:03.000270+00:00,2026-09-14T05:10:02.569334+00:00,2026-09-16T05:10:03.000270+00:00,제품정체형,썰쇼핑,42,2026-09-09 07:08:49
O4dgd8SMxM0,https://www.youtube.com/watch?v=O4dgd8SMxM0,uc4gpegusm1huqjwho9og8fa,와그라노TV,(속보)'국민 암장 정부입니다' 빈틈 없다던 치안 수사공백 경고 왜 나왔나,1125,0,2026-09-15T20:58:03.000270+00:00,2026-09-15T23:10:03.157352+00:00,2026-09-16T05:10:03.000270+00:00,기타,썰쇼핑,0,2026-08-19 05:56:25
f-7-9HELdcg,https://www.youtube.com/watch?v=f-7-9HELdcg,ucu-hzvlc1tvab1lrp0cejtg,Retro log,가성비있게 낭만 즐기는 법,1125,0,2026-08-24T10:40:01.374377+00:00,2026-09-04T23:10:02.346310+00:00,2026-09-05T23:10:01.374377+00:00,기타,썰쇼핑,0,2026-08-19 05:56:25
wNZKtRo2vfM,https://www.youtube.com/watch?v=wNZKtRo2vfM,ucwgtmho0tsuedduon1fmgrw,순간의픽,이케아 커튼링 이렇게 써보세요 #필수템 #이케아 #커튼링 #쉴리그 #활용법 #아기 #옷 #옷걸이 #정리 #살림 #아이디어 #감성 #셀프인테리어 #인테리어,1124,1,2026-09-15T10:28:03.000270+00:00,2026-09-15T23:10:03.157352+00:00,2026-09-16T05:10:03.000270+00:00,홈템,썰쇼핑,580,2026-09-09 07:08:49
eV6LeMf70wY,https://www.youtube.com/watch?v=eV6LeMf70wY,ucmeifnqi1f99moxyzgcrp2q,발견상자,다이소도 탐내는 40년전 발명품,1124,1,2026-09-12T08:16:03.000270+00:00,2026-09-12T23:10:03.131380+00:00,2026-09-16T05:10:03.000270+00:00,제품정체형,썰쇼핑,1080,2026-09-09 07:08:49
NSxL9lysTC8,https://www.youtube.com/watch?v=NSxL9lysTC8,uch6fp7bvc_9bnnfulqfmasw,이거다시바,나만 몰랐던 여행 필수템 #꿀템 #필수템 #안경 #선글라스 #케이스 #파우치 #안경닦기 #일체형 #여행 #선물 #아이디어 #감성 #셀프인테리어 #인테리어,1123,1,2026-09-03T23:58:03.000270+00:00,2026-09-04T23:10:02.346310+00:00,2026-09-16T05:10:03.000270+00:00,홈템,썰쇼핑,0,2026-08-19 05:56:25
RBFyVTSQNXQ,https://www.youtube.com/watch?v=RBFyVTSQNXQ,uclmlddtl8vprxs4fmpfa8bw,@쿠템헌터3,다이소도 탐내는 수납함의 정체,1122,0,2026-09-12T10:58:03.000270+00:00,2026-09-12T23:10:03.131380+00:00,2026-09-16T05:10:03.000270+00:00,제품정체형,썰쇼핑,164000,2026-09-09 07:08:49
e9GgKsUKrIQ,https://www.youtube.com/watch?v=e9GgKsUKrIQ,uc4gpegusm1huqjwho9og8fa,와그라노TV,새벽 4시 환경미화원 커피마셨다고 신고당함.,1122,0,2026-08-26T09:52:02.542305+00:00,2026-09-04T23:10:02.346310+00:00,2026-09-09T05:10:02.542305+00:00,기타,썰쇼핑,0,2026-08-19 05:56:25
NKuGc2FYqGE,https://www.youtube.com/watch?v=NKuGc2FYqGE,uctitdnbvhe3k4eufjury8qg,꿀템연구소,이케아 회전 트레이,1121,1,2026-08-27T08:58:02.680133+00:00,2026-09-04T23:10:02.346310+00:00,2026-09-10T08:10:02.680133+00:00,기타,썰쇼핑,10400,2026-09-09 07:08:49
uUrN16tcRUQ,https://www.youtube.com/watch?v=uUrN16tcRUQ,ucidv5xotd-tom-6lqw3slnq,집꾸,심도 없는데 종이가 붙는다고,1120,0,2026-09-07T10:58:02.819135+00:00,2026-09-08T11:10:24.676804+00:00,2026-09-13T05:10:02.819135+00:00,홈템,썰쇼핑,30200,2026-09-09 07:08:49
tNbsLqRaEkM,https://www.youtube.com/watch?v=tNbsLqRaEkM,uciyteuko_p950a7je7jpixa,루구나,미용실 원장님도 깜짝 놀란 5점 셀프펌템,1119,1,2026-08-25T22:42:44.178691+00:00,2026-09-04T23:10:02.346310+00:00,2026-09-08T12:30:44.178691+00:00,홈템,썰쇼핑,19600,2026-09-09 07:08:49
FalFLQdbLic,https://www.youtube.com/watch?v=FalFLQdbLic,ucbbwhlb1oqkgkzqllrsczva,아스토니쉬코리아,하루중에 가장많이 씻는 곳 #핸드워시 #핸드워시추천 #손세정제 #손씻기 #아스토니쉬 #생활용품 #살림템추천 #생활꿀팁 #shorts,1118,0,2026-09-09T23:58:03.000270+00:00,2026-09-10T08:10:02.680133+00:00,2026-09-16T05:10:03.000270+00:00,홈템,썰쇼핑,0,2026-08-19 05:56:25
_Wp9WdLmocw,https://www.youtube.com/watch?v=_Wp9WdLmocw,uc3afdr5jbqxyqrnxarzywsg,elumiaa,"Wow""이걸 모르고 빵을 썰었다니..."" 해외 난리 난 천재   발명품",1118,0,2026-08-25T23:48:44.178691+00:00,2026-09-08T11:10:24.676804+00:00,2026-09-08T12:30:44.178691+00:00,제품정체형,썰쇼핑,158,2026-09-09 07:08:49
ytCJF07_QEQ,https://www.youtube.com/watch?v=ytCJF07_QEQ,uco3sju4c8apyrhk_dbo8udq,냥냥쿨범,평범함을 뒤집은 케이블의 정체,1117,2,2026-09-15T11:16:03.000270+00:00,2026-09-15T23:10:03.157352+00:00,2026-09-16T05:10:03.000270+00:00,제품정체형,썰쇼핑,21500,2026-09-09 07:08:49
VmZ_S86unH4,https://www.youtube.com/watch?v=VmZ_S86unH4,uc7fjlnge2czyi2lppje9hxw,써니네,"2,000원 짜리 다이소 제품의 정체?#다이소 #살림꿀팁 #꿀팁 #꿀템 #꿀템 #살림초보 #음식 #레시피 #생활꿀팁 #이슈",1117,0,2026-08-27T07:28:01.358608+00:00,2026-09-04T23:10:02.346310+00:00,2026-09-09T23:10:01.358608+00:00,홈템,썰쇼핑,0,2026-08-19 05:56:25
gr3gKT0rZs4,https://www.youtube.com/watch?v=gr3gKT0rZs4,uct_k9uncg3axxb8ujj9f2_g,속닥마켓,안경 위에 그대로 덧씌우는 모자 캡 선글라스 추천 꿀템,1116,0,2026-09-01T09:40:02.238212+00:00,2026-09-08T11:10:24.676804+00:00,2026-09-15T05:10:02.238212+00:00,홈템,썰쇼핑,82,2026-09-09 07:08:49
T2zt5Tr44_U,https://www.youtube.com/watch?v=T2zt5Tr44_U,ucw-vssbyj4pqqcvfzyqxp5q,쇼컷리뷰,밋밋한 가죽 키케이스 아직도 쓰는 사람만 손해 보는 이유,1114,1,2026-09-03T01:40:03.000270+00:00,2026-09-14T23:10:03.036703+00:00,2026-09-16T05:10:03.000270+00:00,기타,썰쇼핑,605,2026-09-14 07:06:10
8CgjnnEyfGI,https://www.youtube.com/watch?v=8CgjnnEyfGI,ucycg5luulo-ccdblcw7hdcq,지식배송,아빠때문에 눈물터진 이유,1114,0,2026-09-15T10:10:03.157352+00:00,2026-09-15T23:10:03.157352+00:00,2026-09-15T23:10:03.157352+00:00,기타,썰쇼핑,1350,2026-09-09 07:08:49
XuFCJV1nJdw,https://www.youtube.com/watch?v=XuFCJV1nJdw,uctgtq10wqqxfeortrnn5vha,뭐길래? | 생활 꿀템 쇼츠,"마우스가 이렇게 납작해진다고?🐱쓸 땐 접고, 안 쓸 땐 책 사이에 쏙!#접이식마우스 #무선마우스 #노트북마우스 #휴대용마우스 #초경량마우스",1112,0,2026-09-02T09:28:03.000270+00:00,2026-09-08T11:10:24.676804+00:00,2026-09-16T05:10:03.000270+00:00,기타,썰쇼핑,1020,2026-09-09 07:08:49
eI7GFA06oUc,https://www.youtube.com/watch?v=eI7GFA06oUc,uci7bltdlfsal3bodxjkalqw,수미네집,쿠팡에서 찾은 100원짜리 정리￼꿀템,1111,1,2026-09-13T11:58:03.000270+00:00,2026-09-13T23:10:02.300105+00:00,2026-09-16T05:10:03.000270+00:00,홈템,썰쇼핑,6030,2026-09-09 07:08:49
8YPKAizjp5A,https://www.youtube.com/watch?v=8YPKAizjp5A,uctmchwo4yehl0exsqp_apog,생활꿀템추천샵,부모님 등 가려움 한 방에 해결해 준 벽걸이 바디브러시,1111,1,2026-09-10T10:22:03.000270+00:00,2026-09-11T02:10:02.367900+00:00,2026-09-16T05:10:03.000270+00:00,기타,썰쇼핑,6830,2026-09-09 07:08:49
o6V5ulMHUhA,https://www.youtube.com/watch?v=o6V5ulMHUhA,ucxeyhz8xitvlxhdduxy6zca,리뷰남 ,양치질을 시험처럼 채점해버린 천재적인 아이디어,1110,1,2026-09-15T03:58:03.000270+00:00,2026-09-15T05:10:02.238212+00:00,2026-09-16T05:10:03.000270+00:00,제품정체형,썰쇼핑,16100,2026-09-09 07:08:49
XWvey3rjYj0,https://www.youtube.com/watch?v=XWvey3rjYj0,ucxqe5br7t3dym4kfsmw_xcw,반디몰,"사용하기 편한 향수공병 향수 리필, 흘리지 않고 깔끔하게 하는 꿀팁! #향수공병 #향수공병추천 #살림꿀팁 #생활용품 #꿀템",1110,0,2026-09-02T08:58:03.000270+00:00,2026-09-08T11:10:24.676804+00:00,2026-09-16T05:10:03.000270+00:00,홈템,썰쇼핑,1050,2026-09-09 07:08:49
em82lDcUhTE,https://www.youtube.com/watch?v=em82lDcUhTE,ucw5k_x62_is3ccatyi8_pkg,이거뭐야,무타공 액자걸이 스티커 #꿀템,1110,0,2026-09-03T09:58:03.000270+00:00,2026-09-08T11:10:24.676804+00:00,2026-09-16T05:10:03.000270+00:00,홈템,썰쇼핑,10700,2026-09-09 07:08:49
gC7IQKkVMOY,https://www.youtube.com/watch?v=gC7IQKkVMOY,ucycg5luulo-ccdblcw7hdcq,지식배송,먼지가 싹다붙어버리는 괴물스펀지,1109,0,2026-09-13T03:52:03.000270+00:00,2026-09-13T05:10:02.819135+00:00,2026-09-16T05:10:03.000270+00:00,기타,썰쇼핑,1350,2026-09-09 07:08:49
Pi9rVfc6ZcM,https://www.youtube.com/watch?v=Pi9rVfc6ZcM,ucbbwhlb1oqkgkzqllrsczva,아스토니쉬코리아,1500만 반려인 시대 온돌바닥에 꼭 필요한 이거 #반려견 #강아지 #댕댕이  #아스토니쉬,1106,1,2026-08-31T23:58:03.036703+00:00,2026-09-04T23:10:02.346310+00:00,2026-09-14T23:10:03.036703+00:00,기타,썰쇼핑,0,2026-08-19 05:56:25
-Tu_zwnGciM,https://www.youtube.com/watch?v=-Tu_zwnGciM,ucbpaopjknymyrihzwt5c_mg,리빙플립,"""장거리 운전 지옥 끝!"" 뒷자리 평화 찾아준 차량용 거치대",1105,0,2026-08-31T10:46:02.569334+00:00,2026-09-04T23:10:02.346310+00:00,2026-09-14T05:10:02.569334+00:00,차량템,썰쇼핑,13100,2026-09-09 07:08:49
4KVOtd4fWJY,https://www.youtube.com/watch?v=4KVOtd4fWJY,ucuqlpkmvlvup_zybdejc0fw,꿀템통,🔥절대 버리지마세요! 쓸모없다고 버리던 이것의 진짜 활용법!! #다이소 #다이어트 #다이소추천템 #꿀템 #꿀팁 #쿠팡추천 #쿠팡꿀템 #인테이러,1105,1,2026-08-23T00:10:01.374377+00:00,2026-09-04T23:10:02.346310+00:00,2026-09-05T23:10:01.374377+00:00,홈템,썰쇼핑,0,2026-08-19 05:56:25
k26NVw8HtU8,https://www.youtube.com/watch?v=k26NVw8HtU8,uc4gpegusm1huqjwho9og8fa,쉿비밀이야,국토부 레전드 발표🤦‍♂️ 고시원에 욕조 설치 한다고?,1105,4,,2026-09-04T23:10:02.346310+00:00,2026-09-04T23:10:02.346310+00:00,기타,썰쇼핑,0,2026-08-19 05:56:25
WvpydPx0LBQ,https://www.youtube.com/watch?v=WvpydPx0LBQ,ucw-vssbyj4pqqcvfzyqxp5q,쇼컷리뷰,이거 펴면 텐트가 극장 됩니다 [783번],1102,0,2026-09-12T13:28:03.000270+00:00,2026-09-14T23:10:03.036703+00:00,2026-09-16T05:10:03.000270+00:00,기타,썰쇼핑,605,2026-09-14 07:06:10
w5qfaCk3vT4,https://www.youtube.com/watch?v=w5qfaCk3vT4,uci7bltdlfsal3bodxjkalqw,수미네집,친구한테 이거 사줬더니 치킨 쏜다네요,1100,0,2026-09-14T12:52:03.000270+00:00,2026-09-14T23:10:03.036703+00:00,2026-09-16T05:10:03.000270+00:00,기타,썰쇼핑,6030,2026-09-09 07:08:49
f9ea4yTUl8g,https://www.youtube.com/watch?v=f9ea4yTUl8g,ucw-vssbyj4pqqcvfzyqxp5q,쇼컷리뷰,무거운 알루미늄 사다리만 쓰는 사람만 손해 보는 이유,1100,0,2026-09-11T08:40:03.000270+00:00,2026-09-14T23:10:03.036703+00:00,2026-09-16T05:10:03.000270+00:00,장비템,썰쇼핑,605,2026-09-14 07:06:10
7a9tZNNKEik,https://www.youtube.com/watch?v=7a9tZNNKEik,uc_zfdnlzdtdvq8o_7bvtucq,사아말아,지구종말 대비용이라는 다이슨헤드폰,1098,0,2026-09-13T09:28:03.000270+00:00,2026-09-14T23:10:03.036703+00:00,2026-09-16T05:10:03.000270+00:00,기타,썰쇼핑,1070,2026-09-14 07:04:05
LmsxwoCaZGk,https://www.youtube.com/watch?v=LmsxwoCaZGk,uc4gpegusm1huqjwho9og8fa,와그라노TV,한 달만 일한 외국인이 평생 연금을 받아 가고 있음,1098,0,2026-08-27T09:58:02.680133+00:00,2026-09-04T23:10:02.346310+00:00,2026-09-10T08:10:02.680133+00:00,기타,썰쇼핑,0,2026-08-19 05:56:25
2DO8H3-BL6U,https://www.youtube.com/watch?v=2DO8H3-BL6U,ucw5k_x62_is3ccatyi8_pkg,이거뭐야,주부들이 서류꽂이 싹 쓸어간 이유 #꿀템 #살림팁 #인테리어,1097,0,2026-09-15T09:58:03.000270+00:00,2026-09-15T23:10:03.157352+00:00,2026-09-16T05:10:03.000270+00:00,홈템,썰쇼핑,10700,2026-09-09 07:08:49
VgBITad_9mo,https://www.youtube.com/watch?v=VgBITad_9mo,ucmlj9igwl-abyr83b7upqda,이슈 리뷰어,( 시간순삭 / 중독주의 )ASMR _ 사인펜에 얽힌 웃픈 썰,1097,3,2026-08-31T08:46:02.569334+00:00,2026-09-04T23:10:02.346310+00:00,2026-09-14T05:10:02.569334+00:00,기타,썰쇼핑,0,2026-08-19 05:56:25
Qi_nlSZExTU,https://www.youtube.com/watch?v=Qi_nlSZExTU,ucsevfs9sqzl_tuzrqzsu1yq,쇼츠룸,체스를 두다 말고 갑자기 주먹을 휘두른 이유 #이슈영상 #해외스포츠 #기상천외 #스포츠이슈 #체스대회,1096,0,2026-09-13T04:58:03.000270+00:00,2026-09-14T23:10:03.036703+00:00,2026-09-16T05:10:03.000270+00:00,기타,썰쇼핑,1150,2026-09-14 07:04:05
MKTWPzPk_aw,https://www.youtube.com/watch?v=MKTWPzPk_aw,uc_zfdnlzdtdvq8o_7bvtucq,사아말아,핸드폰 도파민 차단 악세사리의 정체,1094,0,2026-09-05T09:46:03.000270+00:00,2026-09-14T23:10:03.036703+00:00,2026-09-16T05:10:03.000270+00:00,기타,썰쇼핑,1070,2026-09-14 07:04:05
M_U-K07Xpjw,https://www.youtube.com/watch?v=M_U-K07Xpjw,ucbbwhlb1oqkgkzqllrsczva,아스토니쉬코리아,이거 변기 세정제인데 저는 다른 이유로 씁니다 #변기 #변기세정제 #사용꿀팁  #아스토니쉬,1092,0,2026-09-02T23:58:03.000270+00:00,2026-09-04T23:10:02.346310+00:00,2026-09-16T05:10:03.000270+00:00,기타,썰쇼핑,0,2026-08-19 05:56:25
AlezRlv7H30,https://www.youtube.com/watch?v=AlezRlv7H30,uc5gvjoaf9cwonmlvji_bfmq,이거하나,바지핏에 미쳐버린 미국천재의 발명품,1090,1,2026-09-15T21:58:03.000270+00:00,2026-09-15T23:10:03.157352+00:00,2026-09-16T05:10:03.000270+00:00,제품정체형,썰쇼핑,1270,2026-09-14 07:04:05
evNdOuA4Kxw,https://www.youtube.com/watch?v=evNdOuA4Kxw,uch6fp7bvc_9bnnfulqfmasw,이거다시바,살림 고수들만 쓴다는 세탁 필수템 #꿀템 #필수템 #드럼 #세탁기 #건조기 #빨래 #낙하방지망 #그물 #살림 #아이디어 #감성 #셀프인테리어 #인테리어,1088,1,2026-09-11T04:58:03.000270+00:00,2026-09-11T05:10:02.666924+00:00,2026-09-16T05:10:03.000270+00:00,홈템,썰쇼핑,0,2026-08-19 05:56:25
YrTFhKMJiVc,https://www.youtube.com/watch?v=YrTFhKMJiVc,uc3afdr5jbqxyqrnxarzywsg,elumiaa,Wow 친구 집에서 보고 바로 주문한 상부장 비밀,1085,0,2026-08-26T12:16:02.542305+00:00,2026-09-08T11:10:24.676804+00:00,2026-09-09T05:10:02.542305+00:00,제품정체형,썰쇼핑,158,2026-09-09 07:08:49
Ksj2UUiUv98,https://www.youtube.com/watch?v=Ksj2UUiUv98,uc2olkq_zdkl1aiftvhuhf8a,손끝상점,삼성도 당황환 한국 천재의 발명품,1085,0,2026-08-26T15:46:02.542305+00:00,2026-09-04T23:10:02.346310+00:00,2026-09-09T05:10:02.542305+00:00,제품정체형,썰쇼핑,27,2026-09-14 07:04:05
7doo1WsdIkM,https://www.youtube.com/watch?v=7doo1WsdIkM,ucksqwbppwreyk9sxnodup7w,꿀템튜브,다이소에서도 출시 예정인 한구주부들이 선택한 제품의 정체,1084,1,2026-09-09T01:58:03.000270+00:00,2026-09-09T04:37:54.503187+00:00,2026-09-16T05:10:03.000270+00:00,제품정체형,썰쇼핑,70,2026-09-09 07:08:49
ng_OzsO2lpE,https://www.youtube.com/watch?v=ng_OzsO2lpE,ucacjyzv8sszopdmi_punhyw,느좋스냅,외국인들이 기겁한 한국인들만의 숨은 초능력 #짧은영상 #이슈,1084,0,2026-09-15T21:58:03.000270+00:00,2026-09-15T23:10:03.157352+00:00,2026-09-16T05:10:03.000270+00:00,기타,썰쇼핑,42300,2026-09-09 07:08:49
Nb5I_cm_Bxg,https://www.youtube.com/watch?v=Nb5I_cm_Bxg,ucjcbuxcvr7fojmnvzw3haua,상자쿤,거리 도파민 끝판왕 장난감 찾음 ㅋㅋㅋ,1084,0,2026-09-15T22:46:03.000270+00:00,2026-09-15T23:10:03.157352+00:00,2026-09-16T05:10:03.000270+00:00,기타,썰쇼핑,5860,2026-09-09 07:08:49
auKAkfalEdk,https://www.youtube.com/watch?v=auKAkfalEdk,ucvfde0jxxr9xgjru-wijthw,사길잘했다,유리관절이 절대 포기 못 하는 천재발명품,1084,0,2026-09-02T09:34:03.000270+00:00,2026-09-08T11:10:24.676804+00:00,2026-09-16T05:10:03.000270+00:00,제품정체형,썰쇼핑,1960,2026-09-09 07:08:49
ftEgPXwmCmA,https://www.youtube.com/watch?v=ftEgPXwmCmA,ucbbwhlb1oqkgkzqllrsczva,아스토니쉬코리아,주방이 자꾸 끈적거린다면 여기 한번 닦아보세요 #주방용품 #주방 #기름때 #기름때제거  #아스토니쉬,1083,0,2026-09-14T23:58:03.000270+00:00,2026-09-15T05:10:02.238212+00:00,2026-09-16T05:10:03.000270+00:00,홈템,썰쇼핑,0,2026-08-19 05:56:25
B3xcfVGEATI,https://www.youtube.com/watch?v=B3xcfVGEATI,uc3afdr5jbqxyqrnxarzywsg,elumiaa,서서 하는 애벌빨래! 허리 아플 일 이젠 없습니다.,1082,0,2026-09-11T01:10:03.000270+00:00,2026-09-11T02:10:02.367900+00:00,2026-09-16T05:10:03.000270+00:00,기타,썰쇼핑,158,2026-09-09 07:08:49
i9owKXjd7oE,https://www.youtube.com/watch?v=i9owKXjd7oE,ucxfcgk6imynzbexyly8mhiq,코어장바구니,전국민 세뇌시켜버린 억지 유행의 정체,1080,1,2026-09-10T09:22:03.000270+00:00,2026-09-11T02:10:02.367900+00:00,2026-09-16T05:10:03.000270+00:00,제품정체형,썰쇼핑,8610,2026-09-09 07:08:49
uBHlyd6yjdo,https://www.youtube.com/watch?v=uBHlyd6yjdo,ucbbwhlb1oqkgkzqllrsczva,아스토니쉬코리아,이거 버리려고 했는데 잠깐만요 #주방용품 #주방 #청소  #아스토니쉬,1079,0,2026-09-06T23:58:03.000270+00:00,2026-09-07T23:10:02.851021+00:00,2026-09-16T05:10:03.000270+00:00,홈템,썰쇼핑,0,2026-08-19 05:56:25
Hm-pmP6JydI,https://www.youtube.com/watch?v=Hm-pmP6JydI,ucw-vssbyj4pqqcvfzyqxp5q,쇼컷리뷰,장바구니만 들고 다니는 사람만 손해 보는 이유,1078,0,2026-09-11T04:40:03.000270+00:00,2026-09-14T23:10:03.036703+00:00,2026-09-16T05:10:03.000270+00:00,기타,썰쇼핑,605,2026-09-14 07:06:10
SQsijVN_NgY,https://www.youtube.com/watch?v=SQsijVN_NgY,ucacjyzv8sszopdmi_punhyw,느좋스냅,애엄마들 3초만에 삶의질 수직상승 #짧은영상 #각종유머,1077,0,2026-09-12T13:28:03.000270+00:00,2026-09-12T23:10:03.131380+00:00,2026-09-16T05:10:03.000270+00:00,기타,썰쇼핑,42300,2026-09-09 07:08:49
Ak_Loolg-9s,https://www.youtube.com/watch?v=Ak_Loolg-9s,ucl73b511gokm8guqlm9zsbq,먼지잼,이케아 고수들만 쓰는 서랍장의 미친 활용버,1077,0,2026-09-12T11:40:03.000270+00:00,2026-09-12T23:10:03.131380+00:00,2026-09-16T05:10:03.000270+00:00,제품정체형,썰쇼핑,10100,2026-09-09 07:08:49
TERlxwg5g_k,https://www.youtube.com/watch?v=TERlxwg5g_k,uc5gvjoaf9cwonmlvji_bfmq,이거하나,일의 능률 10배 올려준다는 미친제품,1076,0,2026-09-09T10:22:03.000270+00:00,2026-09-14T23:10:03.036703+00:00,2026-09-16T05:10:03.000270+00:00,기타,썰쇼핑,1270,2026-09-14 07:04:05
md8xOg2Q15I,https://www.youtube.com/watch?v=md8xOg2Q15I,uc5-un3i3gbzmsce0wofciyq,꽈리 원픽,최은경이 집에서 쓰는 100년 전통 인생 컬러 염색약 #최은경 #염색약추천 #셀프염색 #새치염색 #100년염색약,1075,0,2026-09-15T11:34:03.000270+00:00,2026-09-15T23:10:03.157352+00:00,2026-09-16T05:10:03.000270+00:00,홈템,썰쇼핑,10100,2026-09-09 07:08:49
JsX3ulwGWI0,https://www.youtube.com/watch?v=JsX3ulwGWI0,ucl73b511gokm8guqlm9zsbq,먼지잼,아직도 손으로 쌀 막으면서 물 버리세요? 진작 쓸 걸,1075,0,2026-09-04T06:46:03.000270+00:00,2026-09-08T11:10:24.676804+00:00,2026-09-16T05:10:03.000270+00:00,기타,썰쇼핑,10100,2026-09-09 07:08:49
TraCZew0j6s,https://www.youtube.com/watch?v=TraCZew0j6s,ucsotpmxx1xe3kwezomrwkxa,리뷰꿀템,"소유가 셀룰라이트 관리할때.,",1075,1,2026-08-27T14:34:02.680133+00:00,2026-09-08T12:30:44.178691+00:00,2026-09-10T08:10:02.680133+00:00,기타,썰쇼핑,353,2026-09-09 07:08:49
v3UEyCjSglY,https://www.youtube.com/watch?v=v3UEyCjSglY,uc4gpegusm1huqjwho9og8fa,와그라노TV,(속보)'숫자가 많다고 정의가 아니다' 이 반박 통할까요?,1074,2,2026-09-08T20:28:03.000270+00:00,2026-09-08T23:10:01.332600+00:00,2026-09-16T05:10:03.000270+00:00,기타,썰쇼핑,0,2026-08-19 05:56:25
CKIcPcMMCps,https://www.youtube.com/watch?v=CKIcPcMMCps,ucsevfs9sqzl_tuzrqzsu1yq,쇼츠룸,정강이 까이면 무조건 앓아눕는 끔찍한 대회 😱 #신키킹 #영국축제 #몸개그 #이색대회 #해외이슈,1074,0,2026-09-14T10:58:03.000270+00:00,2026-09-14T23:10:03.036703+00:00,2026-09-16T05:10:03.000270+00:00,기타,썰쇼핑,1150,2026-09-14 07:04:05
XPILWWj0q8U,https://www.youtube.com/watch?v=XPILWWj0q8U,ucw-vssbyj4pqqcvfzyqxp5q,쇼컷리뷰,못 하나 없이 이불까지 넙니다 [794번],1074,2,2026-09-14T09:40:03.000270+00:00,2026-09-14T23:10:03.036703+00:00,2026-09-16T05:10:03.000270+00:00,기타,썰쇼핑,605,2026-09-14 07:06:10
xUHEOJstUxU,https://www.youtube.com/watch?v=xUHEOJstUxU,ucksqwbppwreyk9sxnodup7w,꿀템튜브,청소? 화장실? 10만원 절약하는 제품의 정체,1073,1,2026-09-13T02:46:03.000270+00:00,2026-09-13T05:10:02.819135+00:00,2026-09-16T05:10:03.000270+00:00,뷰티,썰쇼핑,70,2026-09-09 07:08:49
R1KeL7tzlK4,https://www.youtube.com/watch?v=R1KeL7tzlK4,ucdrpxmsqn83qromdpq0ai6q,톡템,죽은 공간 살려내는 미친 가구의 정체 #쇼츠,1073,1,2026-09-08T11:22:03.000270+00:00,2026-09-14T23:10:03.036703+00:00,2026-09-16T05:10:03.000270+00:00,제품정체형,썰쇼핑,1090,2026-09-14 07:20:43
sotHGCtEmkE,https://www.youtube.com/watch?v=sotHGCtEmkE,ucu-hzvlc1tvab1lrp0cejtg,속으로만,물리치료사도 놀란 한국 천재의 발명품,1072,1,2026-09-13T08:34:03.000270+00:00,2026-09-13T23:10:02.300105+00:00,2026-09-16T05:10:03.000270+00:00,제품정체형,썰쇼핑,0,2026-08-19 05:56:25
5U6HT7re1XI,https://www.youtube.com/watch?v=5U6HT7re1XI,ucacjyzv8sszopdmi_punhyw,느좋스냅,이재용회장 쉿! 삼성이 꽃병을 뿌린 이유 #짧은영상,1072,2,2026-09-14T14:46:03.000270+00:00,2026-09-14T23:10:03.036703+00:00,2026-09-16T05:10:03.000270+00:00,기타,썰쇼핑,42300,2026-09-09 07:08:49
7JDckGwQb0E,https://www.youtube.com/watch?v=7JDckGwQb0E,ucw5k_x62_is3ccatyi8_pkg,이거뭐야,카페 사장님들이 집에 몰래 둔 것 #꿀템 #살림팁 #인테리어,1071,0,2026-09-14T09:58:03.000270+00:00,2026-09-14T23:10:03.036703+00:00,2026-09-16T05:10:03.000270+00:00,제품정체형,썰쇼핑,10700,2026-09-09 07:08:49
o-EjgT0C_-U,https://www.youtube.com/watch?v=o-EjgT0C_-U,ucjiyb-pm9ltdsk4a4yw7oia,마미마루,알록달록 부피만 큰 장난감 대신에 #원못정글짐,1070,2,2026-09-15T13:52:03.000270+00:00,2026-09-15T23:10:03.157352+00:00,2026-09-16T05:10:03.000270+00:00,기타,썰쇼핑,507,2026-09-09 07:08:49
8OwsH9wfDT0,https://www.youtube.com/watch?v=8OwsH9wfDT0,ucjlxkqrjd0pecwp1xkuvoeq,꿀템첵첵,덤벨 내려쳐도 튕겨 나오는 괴물 내구성의 홈짐 고무매트,1068,1,2026-09-13T09:34:03.000270+00:00,2026-09-13T23:10:02.300105+00:00,2026-09-16T05:10:03.000270+00:00,기타,썰쇼핑,27200,2026-09-09 07:08:49
DDX6HufIH3I,https://www.youtube.com/watch?v=DDX6HufIH3I,uc7fjlnge2czyi2lppje9hxw,써니네,문콕 방지가 이렇게 귀엽다고? #살림꿀팁 #꿀팁 #꿀템 #꿀템 #생활꿀팁,1068,0,2026-09-15T20:58:03.000270+00:00,2026-09-15T23:10:03.157352+00:00,2026-09-16T05:10:03.000270+00:00,홈템,썰쇼핑,0,2026-08-19 05:56:25
J3fsofND09w,https://www.youtube.com/watch?v=J3fsofND09w,uct_k9uncg3axxb8ujj9f2_g,속닥마켓,맘카페에서 전색상 쓸어 담더니 어린이집 쌤들까지 오열한 이유,1068,1,2026-09-09T14:10:03.000270+00:00,2026-09-09T23:10:01.358608+00:00,2026-09-16T05:10:03.000270+00:00,기타,썰쇼핑,82,2026-09-09 07:08:49
707njicitg0,https://www.youtube.com/watch?v=707njicitg0,ucsevfs9sqzl_tuzrqzsu1yq,쇼츠룸,숨 막혀서 강제 기권각인 수중하키 ㅋㅋㅋ 🤿 #수중하키 #이색스포츠 #극한스포츠 #수영장이슈 #숨참기,1068,0,2026-09-13T10:58:03.000270+00:00,2026-09-14T23:10:03.036703+00:00,2026-09-16T05:10:03.000270+00:00,기타,썰쇼핑,1150,2026-09-14 07:04:05
6jmhl96fPUc,https://www.youtube.com/watch?v=6jmhl96fPUc,uc3afdr5jbqxyqrnxarzywsg,elumiaa,"굴러다니는 비닐봉투, 3초 만에 깔끔한 디스펜서로 변신",1066,0,2026-09-04T08:22:03.000270+00:00,2026-09-08T11:10:24.676804+00:00,2026-09-16T05:10:03.000270+00:00,기타,썰쇼핑,158,2026-09-09 07:08:49
-VW6k2bqjzo,https://www.youtube.com/watch?v=-VW6k2bqjzo,uc4gpegusm1huqjwho9og8fa,쉿비밀이야,이재용 회장이 느끼는 물가 💴치킨 한 마리가 4원임,1065,0,2026-08-23T02:40:01.374377+00:00,2026-09-04T23:10:02.346310+00:00,2026-09-05T23:10:01.374377+00:00,기타,썰쇼핑,0,2026-08-19 05:56:25
8FvHZ8dIukk,https://www.youtube.com/watch?v=8FvHZ8dIukk,ucw-vssbyj4pqqcvfzyqxp5q,쇼컷리뷰,전선 껍질 안 까고 연결됩니다 [797번],1063,2,2026-09-15T11:46:03.000270+00:00,2026-09-15T23:10:03.157352+00:00,2026-09-16T05:10:03.000270+00:00,기타,썰쇼핑,605,2026-09-14 07:06:10
tJ-n_cCS2lk,https://www.youtube.com/watch?v=tJ-n_cCS2lk,uci7bltdlfsal3bodxjkalqw,수미네집,좁은 옷장에 걸어만 주세요,1062,0,2026-09-15T13:46:03.000270+00:00,2026-09-15T23:10:03.157352+00:00,2026-09-16T05:10:03.000270+00:00,기타,썰쇼핑,6030,2026-09-09 07:08:49
zPQF45o6h-4,https://www.youtube.com/watch?v=zPQF45o6h-4,uc4gpegusm1huqjwho9og8fa,쉿비밀이야,강남 3억에 20년 살고 만기되자 벌어진 일 ㄷㄷ,1061,1,2026-08-25T09:28:02.851021+00:00,2026-09-04T23:10:02.346310+00:00,2026-09-07T23:10:02.851021+00:00,기타,썰쇼핑,0,2026-08-19 05:56:25
veASkqoM0Aw,https://www.youtube.com/watch?v=veASkqoM0Aw,ucw-vssbyj4pqqcvfzyqxp5q,쇼컷리뷰,풀 발라 도배하는 방식 아직도 쓰는 사람만 손해 보는 이유,1060,1,2026-09-05T02:52:03.000270+00:00,2026-09-14T23:10:03.036703+00:00,2026-09-16T05:10:03.000270+00:00,기타,썰쇼핑,605,2026-09-14 07:06:10
-0GbBOEJfxg,https://www.youtube.com/watch?v=-0GbBOEJfxg,uclshojkcjypr5ok5kaifc3q,고고살림,제조사도 예상 못한 천재 주부의 필름,1058,1,2026-09-12T00:28:03.000270+00:00,2026-09-12T05:10:02.660921+00:00,2026-09-16T05:10:03.000270+00:00,제품정체형,썰쇼핑,1,2026-09-09 07:08:49
kNhhB00DhrQ,https://www.youtube.com/watch?v=kNhhB00DhrQ,ucidv5xotd-tom-6lqw3slnq,집꾸,머리카락 한 올도 아까워서 산 빗,1057,0,2026-09-12T10:58:02.819135+00:00,2026-09-12T23:10:03.131380+00:00,2026-09-13T05:10:02.819135+00:00,홈템,썰쇼핑,30200,2026-09-09 07:08:49
x8VFP1enVWk,https://www.youtube.com/watch?v=x8VFP1enVWk,uct_k9uncg3axxb8ujj9f2_g,속닥마켓,마트 잼 먹고 극대노한 베테랑 농부가 직접 만든 수제 딸기잼의 비밀은?,1057,0,2026-08-30T22:16:02.819135+00:00,2026-09-08T11:10:24.676804+00:00,2026-09-13T05:10:02.819135+00:00,제품정체형,썰쇼핑,82,2026-09-09 07:08:49
psMWnVB81rc,https://www.youtube.com/watch?v=psMWnVB81rc,ucksqwbppwreyk9sxnodup7w,꿀템튜브,일본 전통기업이 꾸준이 성장할 수 있었던 이유,1057,1,2026-08-30T01:58:03.131380+00:00,2026-09-08T11:10:24.676804+00:00,2026-09-12T23:10:03.131380+00:00,기타,썰쇼핑,70,2026-09-09 07:08:49
xgU67ehUxps,https://www.youtube.com/watch?v=xgU67ehUxps,ucbbwhlb1oqkgkzqllrsczva,아스토니쉬코리아,계속 생기는 물때  #아스토니쉬 #변기 #욕실 #화장실 #청소 #물때,1056,0,2026-09-03T23:58:03.000270+00:00,2026-09-04T23:10:02.346310+00:00,2026-09-16T05:10:03.000270+00:00,뷰티,썰쇼핑,0,2026-08-19 05:56:25
zFnPygNqKjk,https://www.youtube.com/watch?v=zFnPygNqKjk,ucrbvn94qfocjbtkhepz7heg,전설의레전드,게임하느라 양치 안하는 아이 이거 사주면 바로 해결됨ㅋ,1056,0,2026-09-08T02:04:03.000270+00:00,2026-09-08T11:10:24.676804+00:00,2026-09-16T05:10:03.000270+00:00,기타,썰쇼핑,10900,2026-09-09 07:08:49
aGqX7sit2Mg,https://www.youtube.com/watch?v=aGqX7sit2Mg,uc3afdr5jbqxyqrnxarzywsg,elumiaa,Wow전 세계가 뒤집어진 한국 천재의 발명품,1056,0,2026-08-27T12:04:02.680133+00:00,2026-09-08T11:10:24.676804+00:00,2026-09-10T08:10:02.680133+00:00,제품정체형,썰쇼핑,158,2026-09-09 07:08:49
Rz82Tj_fYQo,https://www.youtube.com/watch?v=Rz82Tj_fYQo,ucjlxkqrjd0pecwp1xkuvoeq,꿀템첵첵,끈 묶을 필요 없어요! 1초 만에 착용하는 주방 혁명템,1055,1,2026-09-07T10:10:03.000270+00:00,2026-09-07T23:10:02.851021+00:00,2026-09-16T05:10:03.000270+00:00,홈템,썰쇼핑,27200,2026-09-09 07:08:49
oGzCQqO4GkM,https://www.youtube.com/watch?v=oGzCQqO4GkM,ucjcbuxcvr7fojmnvzw3haua,상자쿤,야외주차 차주들 보면 환장하는 아이템 특,1054,0,2026-09-15T09:46:03.000270+00:00,2026-09-15T23:10:03.157352+00:00,2026-09-16T05:10:03.000270+00:00,기타,썰쇼핑,5860,2026-09-09 07:08:49
1AQbUX37n-o,https://www.youtube.com/watch?v=1AQbUX37n-o,uctvonxoqv3-ntqka3lhafnq,담아,다이소에서 발견한 냉장고 꽃잎의 정체,1054,1,2026-09-14T22:58:03.000270+00:00,2026-09-14T23:10:03.036703+00:00,2026-09-16T05:10:03.000270+00:00,홈템,썰쇼핑,187,2026-09-09 07:08:49
MAmO4FIApVA,https://www.youtube.com/watch?v=MAmO4FIApVA,ucyu2fsk_auhf4v14mqvv0la,천만템노트 ,지갑 털린 다이어터들이 열광하는 이유,1052,1,2026-09-04T17:34:03.000270+00:00,2026-09-14T23:10:03.036703+00:00,2026-09-16T05:10:03.000270+00:00,기타,썰쇼핑,1070,2026-09-14 07:04:05
1sybUyuSDlU,https://www.youtube.com/watch?v=1sybUyuSDlU,ucw-vssbyj4pqqcvfzyqxp5q,쇼컷리뷰,고무 한 장에 트럭 십 년 더 [796번],1048,1,2026-09-15T07:52:03.000270+00:00,2026-09-15T23:10:03.157352+00:00,2026-09-16T05:10:03.000270+00:00,기타,썰쇼핑,605,2026-09-14 07:06:10
sktPsxIqd4c,https://www.youtube.com/watch?v=sktPsxIqd4c,ucigtymqr64yuejp8swuysog,일단담자,환절기 코막힘을 해결해줄 제품 정체,1044,0,2026-09-12T07:16:03.000270+00:00,2026-09-14T23:10:03.036703+00:00,2026-09-16T05:10:03.000270+00:00,제품정체형,썰쇼핑,1240,2026-09-14 07:06:10
ElHP3Jf1xhY,https://www.youtube.com/watch?v=ElHP3Jf1xhY,uct_k9uncg3axxb8ujj9f2_g,속닥마켓,매장 다 문 닫았는데 매출은 역대급 찍은 레전드 도넛,1042,0,2026-09-03T22:16:03.000270+00:00,2026-09-08T11:10:24.676804+00:00,2026-09-16T05:10:03.000270+00:00,기타,썰쇼핑,82,2026-09-09 07:08:49
hyjyoDcn4aU,https://www.youtube.com/watch?v=hyjyoDcn4aU,ucsevfs9sqzl_tuzrqzsu1yq,쇼츠룸,합성인 줄 아는 스포츠#익스트림아이어닝 #이색스포츠 #다림질 #유머 #꿀잼,1042,0,2026-09-15T04:58:03.000270+00:00,2026-09-15T05:10:02.238212+00:00,2026-09-16T05:10:03.000270+00:00,기타,썰쇼핑,1150,2026-09-14 07:04:05
wi2ZaX1u0b0,https://www.youtube.com/watch?v=wi2ZaX1u0b0,ucq2jfiz_likmrmv3dxckjhq,뭐야템,이거하나로 쌍둥이얼굴까지 바꾸는 입밴드?!,1042,1,2026-08-30T14:58:02.819135+00:00,2026-09-08T11:10:24.676804+00:00,2026-09-13T05:10:02.819135+00:00,기타,썰쇼핑,12700,2026-09-09 07:08:49
3Y13YTCYIZY,https://www.youtube.com/watch?v=3Y13YTCYIZY,ucksqwbppwreyk9sxnodup7w,꿀템튜브,스마트홈으로 만들어버린 역대급 제품의 정체,1037,1,2026-09-10T01:58:03.000270+00:00,2026-09-10T08:10:02.680133+00:00,2026-09-16T05:10:03.000270+00:00,제품정체형,썰쇼핑,70,2026-09-09 07:08:49
707Y8Trp7vc,https://www.youtube.com/watch?v=707Y8Trp7vc,ucw-vssbyj4pqqcvfzyqxp5q,쇼컷리뷰,풍절음 때문에 스트레스받는 사람 필독 #자동차관리 #차량용품추천,1035,1,2026-09-12T09:10:03.000270+00:00,2026-09-14T23:10:03.036703+00:00,2026-09-16T05:10:03.000270+00:00,차량템,썰쇼핑,605,2026-09-14 07:06:10
4BONktRaErY,https://www.youtube.com/watch?v=4BONktRaErY,uctvonxoqv3-ntqka3lhafnq,담아,운동화 빨지 마세요,1034,1,2026-08-23T22:58:01.374377+00:00,2026-09-04T23:10:02.346310+00:00,2026-09-05T23:10:01.374377+00:00,기타,썰쇼핑,187,2026-09-09 07:08:49
3fD661-XAZ8,https://www.youtube.com/watch?v=3fD661-XAZ8,uc4gpegusm1huqjwho9og8fa,쉿비밀이야,초등학교 운동회에 경찰 345번 출동함.,1032,0,2026-08-24T08:52:01.282766+00:00,2026-09-04T23:10:02.346310+00:00,2026-09-06T23:10:01.282766+00:00,기타,썰쇼핑,0,2026-08-19 05:56:25
xvWer3aXdWk,https://www.youtube.com/watch?v=xvWer3aXdWk,ucu-hzvlc1tvab1lrp0cejtg,Retro log,It Actually Works as a Desk Console,1032,0,2026-09-05T11:34:01.374377+00:00,2026-09-05T23:10:01.374377+00:00,2026-09-05T23:10:01.374377+00:00,기타,썰쇼핑,0,2026-08-19 05:56:25
ZIvyKPMzXkY,https://www.youtube.com/watch?v=ZIvyKPMzXkY,ucjlxkqrjd0pecwp1xkuvoeq,꿀템첵첵,버튼 하나면 살균 끝! 칫솔모가 쏙 들어가는 자동 전동 칫솔,1031,1,2026-09-03T02:58:03.000270+00:00,2026-09-04T23:10:02.346310+00:00,2026-09-16T05:10:03.000270+00:00,기타,썰쇼핑,27200,2026-09-09 07:08:49
gi5xs8998d0,https://www.youtube.com/watch?v=gi5xs8998d0,ucwgtmho0tsuedduon1fmgrw,순간의픽,드럼세탁기의 유일한 단점 해결법 #필수템 #드럼 #세탁기 #건조기 #빨래 #낙하방지망 #그물 #살림 #아이디어 #감성 #셀프인테리어 #인테리어,1031,1,2026-09-11T05:04:03.000270+00:00,2026-09-11T05:10:02.666924+00:00,2026-09-16T05:10:03.000270+00:00,홈템,썰쇼핑,580,2026-09-09 07:08:49
Ft5-zl2TUOQ,https://www.youtube.com/watch?v=Ft5-zl2TUOQ,uc7fjlnge2czyi2lppje9hxw,써니네,이거 하나로 청소 끝? 전문가가 인정한 대박 아이템 #살림템 #청소전문가 #생활꿀팁,1028,0,2026-08-25T07:58:02.851021+00:00,2026-09-04T23:10:02.346310+00:00,2026-09-07T23:10:02.851021+00:00,제품정체형,썰쇼핑,0,2026-08-19 05:56:25
dGz4_P8dVlo,https://www.youtube.com/watch?v=dGz4_P8dVlo,ucubpeqak9dgcj93bilzcs-q,마케터의 시선,다이소 울고 갈 이케아 수납함 유튜브,1024,0,2026-09-01T08:58:02.238212+00:00,2026-09-08T11:10:24.676804+00:00,2026-09-15T05:10:02.238212+00:00,홈템,썰쇼핑,69,2026-09-09 07:08:49
GB3PtfGNqfg,https://www.youtube.com/watch?v=GB3PtfGNqfg,ucwx424nckxuyae44qqqltca,쇼핑하는 김반장,해외서 난리 난 특허받은 시리얼 텀블러 자취생 아침 치트키 꿀템,1022,0,2026-09-15T11:22:03.000270+00:00,2026-09-15T23:10:03.157352+00:00,2026-09-16T05:10:03.000270+00:00,홈템,썰쇼핑,641,2026-09-14 07:04:05
R9-O8QZrh-8,https://www.youtube.com/watch?v=R9-O8QZrh-8,ucw-vssbyj4pqqcvfzyqxp5q,쇼컷리뷰,창고 바닥에 장판 까는 사람만 손해 보는 이유,1022,1,2026-09-11T00:16:03.000270+00:00,2026-09-14T23:10:03.036703+00:00,2026-09-16T05:10:03.000270+00:00,기타,썰쇼핑,605,2026-09-14 07:06:10
3YsxVzsb5C4,https://www.youtube.com/watch?v=3YsxVzsb5C4,ucksqwbppwreyk9sxnodup7w,꿀템튜브,너무 간단해서 한국 주부들이 픽한 제품의 정체,1020,1,2026-09-14T01:58:03.000270+00:00,2026-09-14T05:10:02.569334+00:00,2026-09-16T05:10:03.000270+00:00,제품정체형,썰쇼핑,70,2026-09-09 07:08:49
QJSs_Bp9QHE,https://www.youtube.com/watch?v=QJSs_Bp9QHE,ucidv5xotd-tom-6lqw3slnq,집꾸,달력을 이렇게 만들 생각을 하네,1020,0,2026-09-11T10:58:02.819135+00:00,2026-09-11T23:10:02.319689+00:00,2026-09-13T05:10:02.819135+00:00,홈템,썰쇼핑,30200,2026-09-09 07:08:49
xfU8cZhgyKg,https://www.youtube.com/watch?v=xfU8cZhgyKg,uccc9zk2pbobvrzk8s7v7r1w,홈양품,자취생 필수템! 무선 멀티쿠커 활용법✨,1018,0,2026-09-08T08:28:03.000270+00:00,2026-09-08T11:10:24.676804+00:00,2026-09-16T05:10:03.000270+00:00,제품정체형,썰쇼핑,8,2026-09-09 07:08:49
NM8XW86N1ec,https://www.youtube.com/watch?v=NM8XW86N1ec,uc3afdr5jbqxyqrnxarzywsg,elumiaa,낚시 손맛 부족할 때마다 찾는 바로 이것!,1014,0,2026-09-02T11:58:03.000270+00:00,2026-09-08T11:10:24.676804+00:00,2026-09-16T05:10:03.000270+00:00,기타,썰쇼핑,158,2026-09-09 07:08:49
ZtEmrGejfaI,https://www.youtube.com/watch?v=ZtEmrGejfaI,ucvfde0jxxr9xgjru-wijthw,사길잘했다,기름때 잡는 미친 만능티슈,1013,0,2026-09-14T09:34:03.000270+00:00,2026-09-14T23:10:03.036703+00:00,2026-09-16T05:10:03.000270+00:00,기타,썰쇼핑,1960,2026-09-09 07:08:49
LlEpdK2XsOI,https://www.youtube.com/watch?v=LlEpdK2XsOI,ucycg5luulo-ccdblcw7hdcq,지식배송,대부분 모르는 차량 필수템,1009,0,2026-09-11T10:04:03.000270+00:00,2026-09-11T23:10:02.319689+00:00,2026-09-16T05:10:03.000270+00:00,기타,썰쇼핑,1350,2026-09-09 07:08:49
zG0_OLwNn2I,https://www.youtube.com/watch?v=zG0_OLwNn2I,ucsevfs9sqzl_tuzrqzsu1yq,쇼츠룸,손 대신 발가락으로 싸운다고?#발가락씨름 #토레슬링 #이색스포츠 #유머 #꿀잼,1006,0,2026-09-14T22:58:03.000270+00:00,2026-09-14T23:10:03.036703+00:00,2026-09-16T05:10:03.000270+00:00,기타,썰쇼핑,1150,2026-09-14 07:04:05
BdNpbQWyQHQ,https://www.youtube.com/watch?v=BdNpbQWyQHQ,ucksqwbppwreyk9sxnodup7w,꿀템튜브,천재적인 아이템을 개발한 사람이 돈방석에 앉은 제품의 정체,1004,1,2026-09-08T01:58:03.000270+00:00,2026-09-08T11:10:24.676804+00:00,2026-09-16T05:10:03.000270+00:00,제품정체형,썰쇼핑,70,2026-09-09 07:08:49
S3bOTCx1HKo,https://www.youtube.com/watch?v=S3bOTCx1HKo,uc5-un3i3gbzmsce0wofciyq,꽈리 원픽,74세 윤미라 수십억 써보고 정착한 저렴이 세럼의 정체#화장품#인생세럼,1001,0,2026-09-13T04:46:03.000270+00:00,2026-09-13T05:10:02.819135+00:00,2026-09-16T05:10:03.000270+00:00,뷰티,썰쇼핑,10100,2026-09-09 07:08:49
hmmuEvqmDHU,https://www.youtube.com/watch?v=hmmuEvqmDHU,uco3sju4c8apyrhk_dbo8udq,냥냥쿨범,제조사도 예상못한 살림천재의 활용법,1001,2,2026-09-12T11:16:03.000270+00:00,2026-09-12T23:10:03.131380+00:00,2026-09-16T05:10:03.000270+00:00,오용형,썰쇼핑,21500,2026-09-09 07:08:49
cK08WA_S2SA,https://www.youtube.com/watch?v=cK08WA_S2SA,ucw5k_x62_is3ccatyi8_pkg,이거뭐야,빈 와인병을 명푸 조명 만드는법 #꿀템,998,0,2026-09-01T09:58:02.238212+00:00,2026-09-08T11:10:24.676804+00:00,2026-09-15T05:10:02.238212+00:00,홈템,썰쇼핑,10700,2026-09-09 07:08:49
L011vRguLs0,https://www.youtube.com/watch?v=L011vRguLs0,uciyteuko_p950a7je7jpixa,루구나,조향사도 놀란 뜻밖의 천연디퓨저,992,1,,2026-09-04T23:10:02.346310+00:00,2026-09-05T04:42:28.257041+00:00,기타,썰쇼핑,19600,2026-09-09 07:08:49
9KdEcgalIoA,https://www.youtube.com/watch?v=9KdEcgalIoA,uc3afdr5jbqxyqrnxarzywsg,elumiaa,Wow가전 수리기사도 자기 것 챙겨 다니는 얼룩 지우개의 정체,989,0,2026-08-25T11:46:24.676804+00:00,2026-09-08T11:10:24.676804+00:00,2026-09-08T11:10:24.676804+00:00,제품정체형,썰쇼핑,158,2026-09-09 07:08:49
gskZdyvWn-E,https://www.youtube.com/watch?v=gskZdyvWn-E,uc963edydyw3xjtuisucdbww,인생굿즈,한국이 세계에서 제일 잘만든거?,986,3,2026-09-16T04:10:03.000270+00:00,2026-09-16T05:10:03.000270+00:00,2026-09-16T05:10:03.000270+00:00,기타,썰쇼핑,15600,2026-09-09 07:08:49
G7TzzwYuPCQ,https://www.youtube.com/watch?v=G7TzzwYuPCQ,ucycg5luulo-ccdblcw7hdcq,지식배송,협탁이야?화장대야?,983,0,2026-09-15T05:34:03.000270+00:00,2026-09-15T23:10:03.157352+00:00,2026-09-16T05:10:03.000270+00:00,뷰티,썰쇼핑,1350,2026-09-09 07:08:49
vFw_NPArT3k,https://www.youtube.com/watch?v=vFw_NPArT3k,uc3afdr5jbqxyqrnxarzywsg,elumiaa,딸이 학교에서 핵인싸 됐다는 반전 필통의 정체,973,0,2026-09-01T10:46:02.238212+00:00,2026-09-08T11:10:24.676804+00:00,2026-09-15T05:10:02.238212+00:00,제품정체형,썰쇼핑,158,2026-09-09 07:08:49
VlerZjKy8TA,https://www.youtube.com/watch?v=VlerZjKy8TA,ucxqe5br7t3dym4kfsmw_xcw,반디몰,흔들리는 가구 이렇게 해보세요. #가구흔들림방지 #침대흔들림방지 #가구고정기 #책상흔들림 #침대소음 #살림꿀템 #자취꿀템 #집꾸미기 #인테리어꿀템,923,0,2026-09-08T08:58:03.000270+00:00,2026-09-08T11:10:24.676804+00:00,2026-09-16T05:10:03.000270+00:00,홈템,썰쇼핑,1050,2026-09-09 07:08:49
Em5pLNxko-c,https://www.youtube.com/watch?v=Em5pLNxko-c,uc6alxcfrxxxbrc3lzbx1gxg,꿀딜,10초만에 어울리는 모자 확인하는 방법,908,1,2026-09-07T08:58:03.000270+00:00,2026-09-14T23:10:03.036703+00:00,2026-09-16T05:10:03.000270+00:00,기타,썰쇼핑,235,2026-09-14 07:20:43
PTO36L1e7jk,https://www.youtube.com/watch?v=PTO36L1e7jk,ucxirsjqetzz4ml6lc-uu5tq,이런호기심,기생벌 퇴치용! 애벌레들이 뭉쳐서 거대 괴물인 척하는 소름 돋는 이유,896,0,2026-09-14T09:58:03.000270+00:00,2026-09-14T23:10:03.036703+00:00,2026-09-16T05:10:03.000270+00:00,기타,썰쇼핑,14400,2026-09-14 07:04:05
JbgNjtgN9YQ,https://www.youtube.com/watch?v=JbgNjtgN9YQ,ucbbwhlb1oqkgkzqllrsczva,아스토니쉬코리아,요즘 발 세정제로 바닥 닦는다는데 #발세정제 #풋샴푸 #바닥청소 #바닥  #아스토니쉬 #바닥클리너,878,0,2026-09-15T23:58:03.000270+00:00,2026-09-16T05:10:03.000270+00:00,2026-09-16T05:10:03.000270+00:00,기타,썰쇼핑,0,2026-08-19 05:56:25
yoJwo-TONTs,https://www.youtube.com/watch?v=yoJwo-TONTs,ucrocrwdkppy1we0hubv9drw,홈꾸미,질레트 이겨버린 천재의 발명품,877,1,2026-08-29T12:58:02.319689+00:00,2026-09-09T04:37:54.503187+00:00,2026-09-11T23:10:02.319689+00:00,제품정체형,썰쇼핑,15600,2026-09-09 07:08:49
rhUfnOWCL0Q,https://www.youtube.com/watch?v=rhUfnOWCL0Q,ucvaa_y8pn-ahgsjoqet6h9a,랜더쇼츠,점프가 3배가 되는 등에 메는 드론 #드론 #비행기 #지식,871,1,2026-09-02T14:16:03.000270+00:00,2026-09-14T23:10:03.036703+00:00,2026-09-16T05:10:03.000270+00:00,기타,썰쇼핑,1490,2026-09-14 07:04:05
xfi2kfdHcdo,https://www.youtube.com/watch?v=xfi2kfdHcdo,ucbbwhlb1oqkgkzqllrsczva,아스토니쉬코리아,탄냄비 #탄냄비 #주방 #탄자국  #아스토니쉬,858,0,2026-09-07T23:58:03.000270+00:00,2026-09-08T10:27:51.412064+00:00,2026-09-16T05:10:03.000270+00:00,홈템,썰쇼핑,0,2026-08-19 05:56:25
K9OIlmJyXu0,https://www.youtube.com/watch?v=K9OIlmJyXu0,ucyqinyt44mk8u06nlz5n2-g,갓성비스토리,참교육 당했다는 불닭치즈근황?,827,1,2026-09-16T03:10:03.000270+00:00,2026-09-16T05:10:03.000270+00:00,2026-09-16T05:10:03.000270+00:00,기타,썰쇼핑,10300,2026-09-09 07:08:49
o-lafak-m_I,https://www.youtube.com/watch?v=o-lafak-m_I,ucxirsjqetzz4ml6lc-uu5tq,이런호기심,알에서 갓 태어난 도마뱀에게 물부터 냅다 뿌려야 하는 이유 🦎,826,0,2026-09-15T21:58:03.000270+00:00,2026-09-15T23:10:03.157352+00:00,2026-09-16T05:10:03.000270+00:00,기타,썰쇼핑,14400,2026-09-14 07:04:05
3_B7xhB8p28,https://www.youtube.com/watch?v=3_B7xhB8p28,ucqccuxzpl3snkehlhbti2hg,갓성비추천템,압도적 반전으로 매출1위 찍은제품,795,1,2026-09-09T03:10:02.542305+00:00,2026-09-09T04:37:54.503187+00:00,2026-09-09T05:10:02.542305+00:00,제품정체형,썰쇼핑,29800,2026-09-09 07:08:49
wANNkV7zcH0,https://www.youtube.com/watch?v=wANNkV7zcH0,ucw-vssbyj4pqqcvfzyqxp5q,쇼컷리뷰,너네 아직도 부모님 손으로 녹 벗기게 냅둠? ㅋㅋㅋ,794,1,2026-09-16T02:40:03.000270+00:00,2026-09-16T05:10:03.000270+00:00,2026-09-16T05:10:03.000270+00:00,기타,썰쇼핑,605,2026-09-14 07:06:10
7YIOnrxCjC4,https://www.youtube.com/watch?v=7YIOnrxCjC4,ucsbp41obff8fsjgcvxut6ga,또왔소,도대체 얼마나 맛있었으면...,770,0,2026-09-15T23:22:03.000270+00:00,2026-09-16T05:10:03.000270+00:00,2026-09-16T05:10:03.000270+00:00,기타,썰쇼핑,10700,2026-09-09 07:08:49
HKfCERao0KE,https://www.youtube.com/watch?v=HKfCERao0KE,uch6fp7bvc_9bnnfulqfmasw,이거다시바,조명에 꽂았더니 대박난 이케아 꽃병 #꿀템 #필수템 #이케아 #셸라르할스 #꽃병 #활용법 #아이디어 #조명 #감성 #셀프인테리어 #인테리어,755,1,2026-09-16T00:04:03.000270+00:00,2026-09-16T05:10:03.000270+00:00,2026-09-16T05:10:03.000270+00:00,홈템,썰쇼핑,0,2026-08-19 05:56:25
bIXKCmiXziM,https://www.youtube.com/watch?v=bIXKCmiXziM,ucwgtmho0tsuedduon1fmgrw,순간의픽,이케아 꽃병을 뒤집었더니 #필수템 #이케아 #셸라르할스 #꽃병 #활용법 #아이디어 #조명 #감성 #셀프인테리어 #인테리어,752,2,2026-09-16T00:40:03.000270+00:00,2026-09-16T05:10:03.000270+00:00,2026-09-16T05:10:03.000270+00:00,홈템,썰쇼핑,580,2026-09-09 07:08:49
EJvZwzppGys,https://www.youtube.com/watch?v=EJvZwzppGys,ucxunuiivb1w3mchfbrzxy-a,도파민모음집,홈런 치고 배트 플립 날렸는데 심판이 원핸드로 잡아버림 ㄷㄷ #야구,751,0,2026-09-16T03:58:03.000270+00:00,2026-09-16T05:10:03.000270+00:00,2026-09-16T05:10:03.000270+00:00,기타,썰쇼핑,78600,2026-09-14 07:04:05
AniC0_uJRiw,https://www.youtube.com/watch?v=AniC0_uJRiw,ucvaa_y8pn-ahgsjoqet6h9a,랜더쇼츠,여객기에 낙하산이 없는 진짜 이유 #과학,747,0,2026-09-08T15:16:03.000270+00:00,2026-09-14T23:10:03.036703+00:00,2026-09-16T05:10:03.000270+00:00,기타,썰쇼핑,1490,2026-09-14 07:04:05
_snhLtxu_XM,https://www.youtube.com/watch?v=_snhLtxu_XM,ucsord3ilyzlndabbmiihcog,썰칩12,전기 없이 작동하는 확대스크린,718,0,2026-09-16T03:58:03.000270+00:00,2026-09-16T05:10:03.000270+00:00,2026-09-16T05:10:03.000270+00:00,기타,썰쇼핑,22700,2026-09-09 07:08:49
glEiw_LVTPU,https://www.youtube.com/watch?v=glEiw_LVTPU,ucksqwbppwreyk9sxnodup7w,꿀템튜브,음식물을 완벽하게 수거하는 방법으로 난리난 제품의 정체,673,1,2026-09-07T01:58:03.000270+00:00,2026-09-08T11:10:24.676804+00:00,2026-09-16T05:10:03.000270+00:00,제품정체형,썰쇼핑,70,2026-09-09 07:08:49
TF1JcnEoEWE,https://www.youtube.com/watch?v=TF1JcnEoEWE,ucefyc4mx2p-4htfokzo3zug,토란토란,수면 소음 문제 드디어 해결 됐다는 최신 근황,664,1,2026-09-16T02:28:03.000270+00:00,2026-09-16T05:10:03.000270+00:00,2026-09-16T05:10:03.000270+00:00,기타,썰쇼핑,3530,2026-09-09 07:08:49
uKow1g40J6M,https://www.youtube.com/watch?v=uKow1g40J6M,uckec0idwzpe-sam6su0ztcg,실링홈,다들 이거 왜 이제 알았죠 #살림꿀팁 #주부스타그램 #필수템 #주부꿀템 #인테리어 #살림템 #살림템 #꿀템,659,1,2026-09-16T04:28:03.000270+00:00,2026-09-16T05:10:03.000270+00:00,2026-09-16T05:10:03.000270+00:00,홈템,썰쇼핑,0,2026-08-19 05:56:25
Kzj-st0IFUI,https://www.youtube.com/watch?v=Kzj-st0IFUI,ucury26mdc8dmmsffuwlhzda,1분쇼핑,시끄러운 밥솥 아직도 쓰는 사람만 손해 보는 이유,618,0,2026-09-08T07:58:03.000270+00:00,2026-09-14T23:10:03.036703+00:00,2026-09-16T05:10:03.000270+00:00,홈템,썰쇼핑,32,2026-09-14 07:04:05
q_HpGnIWIXo,https://www.youtube.com/watch?v=q_HpGnIWIXo,ucftoksv4zeitypvhoilopjg,우리살림,전세집 벽에 못 박지 마세요! 자석스티커벽지,589,0,2026-09-14T08:34:03.000270+00:00,2026-09-14T23:10:03.036703+00:00,2026-09-16T05:10:03.000270+00:00,홈템,썰쇼핑,0,2026-08-19 05:56:25
sK687I__rJ8,https://www.youtube.com/watch?v=sK687I__rJ8,ucjiyb-pm9ltdsk4a4yw7oia,마미마루,거대한 장난감의 반전 #어린이책상,549,1,2026-09-04T04:04:03.000270+00:00,2026-09-08T11:10:24.676804+00:00,2026-09-16T05:10:03.000270+00:00,제품정체형,썰쇼핑,507,2026-09-09 07:08:49
cW41dHuTYM8,https://www.youtube.com/watch?v=cW41dHuTYM8,ucury26mdc8dmmsffuwlhzda,1분쇼핑,무거운 청소기 아직도 쓰는 사람만 손해 보는 이유,545,1,2026-09-07T23:58:03.000270+00:00,2026-09-14T23:10:03.036703+00:00,2026-09-16T05:10:03.000270+00:00,홈템,썰쇼핑,32,2026-09-14 07:04:05
qBkOcocr5q8,https://www.youtube.com/watch?v=qBkOcocr5q8,ucbx5cgjqdhqxdk4fn6ltj3g,찐리뷰 클라쓰,이케아엔 없는👻할로윈 파티 소품 치트키!🎃손가락 조명 빔!,466,1,2026-09-09T08:58:02.819135+00:00,2026-09-09T23:10:01.358608+00:00,2026-09-13T05:10:02.819135+00:00,기타,썰쇼핑,23700,2026-09-09 07:08:49
UfUSKXbsGcU,https://www.youtube.com/watch?v=UfUSKXbsGcU,uccc9zk2pbobvrzk8s7v7r1w,홈양품,"😱 매일 받는 택배, 개인정보 그대로 노출되고 있었다?",463,0,2026-08-28T08:46:02.666924+00:00,2026-09-08T11:10:24.676804+00:00,2026-09-11T05:10:02.666924+00:00,기타,썰쇼핑,8,2026-09-09 07:08:49
6-4f7LLH6fM,https://www.youtube.com/watch?v=6-4f7LLH6fM,ucjiyb-pm9ltdsk4a4yw7oia,마미마루,책상+의자+수납 이거 하나면! #책상의자,445,4,2026-09-12T06:28:03.000270+00:00,2026-09-12T23:10:03.131380+00:00,2026-09-16T05:10:03.000270+00:00,홈템,썰쇼핑,507,2026-09-09 07:08:49
eBcOL0aEIL0,https://www.youtube.com/watch?v=eBcOL0aEIL0,uc9xfth7mqhbdlju9qzpxiha,쿨냥냥,BTS가 북미투어만으로 192만관객을 동원한 뒤 벌어진 일,425,0,2026-09-12T07:40:03.000270+00:00,2026-09-12T23:10:03.131380+00:00,2026-09-16T05:10:03.000270+00:00,기타,썰쇼핑,5630,2026-09-09 07:08:49
oygOCjCa2aw,https://www.youtube.com/watch?v=oygOCjCa2aw,ucmo2rfye0ljbv_m4e5mhz0w,꿀템탐구소,집돌이들 환장하는 미국천재의 발명품,423,0,2026-09-14T12:22:03.000270+00:00,2026-09-14T23:10:03.036703+00:00,2026-09-16T05:10:03.000270+00:00,제품정체형,썰쇼핑,4300,2026-09-14 07:04:05
Yz8REceHV74,https://www.youtube.com/watch?v=Yz8REceHV74,uclmlddtl8vprxs4fmpfa8bw,@쿠템헌터3,허리 아픈 사람들만 몰래 바꾼다는 살림템의 정체,418,0,2026-09-14T10:58:03.000270+00:00,2026-09-14T23:10:03.036703+00:00,2026-09-16T05:10:03.000270+00:00,제품정체형,썰쇼핑,164000,2026-09-09 07:08:49
oxwv1SOa7G8,https://www.youtube.com/watch?v=oxwv1SOa7G8,uccc9zk2pbobvrzk8s7v7r1w,홈양품,차량용 무선 청소기 하나로 차가 달라집니다✨,415,0,2026-09-02T08:58:03.000270+00:00,2026-09-08T11:10:24.676804+00:00,2026-09-16T05:10:03.000270+00:00,차량템,썰쇼핑,8,2026-09-09 07:08:49
pD05e_bmGBE,https://www.youtube.com/watch?v=pD05e_bmGBE,ucubpeqak9dgcj93bilzcs-q,마케터의 시선,이케아 스툴 활용법 종결 유튜브,407,0,2026-08-30T06:40:02.819135+00:00,2026-09-08T11:10:24.676804+00:00,2026-09-13T05:10:02.819135+00:00,제품정체형,썰쇼핑,69,2026-09-09 07:08:49
3_FXOQM_W0g,https://www.youtube.com/watch?v=3_FXOQM_W0g,ucksqwbppwreyk9sxnodup7w,꿀템튜브,월세?전세? 보증금 수리비 300만원 절약하는 방법,392,1,2026-09-12T01:58:03.000270+00:00,2026-09-12T05:10:02.660921+00:00,2026-09-16T05:10:03.000270+00:00,기타,썰쇼핑,70,2026-09-09 07:08:49
c5REl_oWBns,https://www.youtube.com/watch?v=c5REl_oWBns,uc6alxcfrxxxbrc3lzbx1gxg,꿀딜,귀찮음에서 시작된 캠핑 발명품,376,0,2026-09-09T08:58:03.000270+00:00,2026-09-14T23:10:03.036703+00:00,2026-09-16T05:10:03.000270+00:00,제품정체형,썰쇼핑,235,2026-09-14 07:20:43
gAzwEekM18M,https://www.youtube.com/watch?v=gAzwEekM18M,uckec0idwzpe-sam6su0ztcg,실링홈,"침대와 한 몸 되는 방법, 이 거치대 하나면 끝 #꿀팁 #살림꿀템 #인테리어 #살림템",374,1,2026-09-13T11:10:03.000270+00:00,2026-09-13T23:10:02.300105+00:00,2026-09-16T05:10:03.000270+00:00,홈템,썰쇼핑,0,2026-08-19 05:56:25
lH5MWbJF3mo,https://www.youtube.com/watch?v=lH5MWbJF3mo,ucvaa_y8pn-ahgsjoqet6h9a,랜더쇼츠,6인승 비행 택시가 배터리만 안 쓰는 이유 #비행기,369,0,2026-09-04T06:46:03.000270+00:00,2026-09-14T23:10:03.036703+00:00,2026-09-16T05:10:03.000270+00:00,기타,썰쇼핑,1490,2026-09-14 07:04:05
bIWk3Ievgyc,https://www.youtube.com/watch?v=bIWk3Ievgyc,uccbu4mtnb9zci40hsckmcog,꿀생템,거치대 하나로 노트북까지? 이거 만든 사람 진짜 상 줘야 됨...(광고)👉제품보기는 프로필을 링크에서 97번 검색해 주세요👉,365,0,2026-09-10T22:52:03.000270+00:00,2026-09-11T23:10:02.319689+00:00,2026-09-16T05:10:03.000270+00:00,기타,썰쇼핑,95,2026-09-09 07:08:49
1wI-5Ipikgk,https://www.youtube.com/watch?v=1wI-5Ipikgk,ucvaa_y8pn-ahgsjoqet6h9a,랜더쇼츠,코일에 넣기만 했는데 쇠가 달아오르는 이유 #지식,356,0,2026-09-03T07:16:03.000270+00:00,2026-09-14T23:10:03.036703+00:00,2026-09-16T05:10:03.000270+00:00,기타,썰쇼핑,1490,2026-09-14 07:04:05
9qsN0q7n_t0,https://www.youtube.com/watch?v=9qsN0q7n_t0,ucqnbrrb-zbu_7o5ksr27l6g,리치쇼핑,주부들 서랍에 하나씩 있다는 제품의 정체,348,1,2026-09-08T08:00:44.178691+00:00,2026-09-08T10:27:51.412064+00:00,2026-09-08T12:30:44.178691+00:00,제품정체형,썰쇼핑,3050,2026-09-14 07:04:05
bg0FRlO3LVk,https://www.youtube.com/watch?v=bg0FRlO3LVk,uckec0idwzpe-sam6su0ztcg,실링홈,창문 청소한다고 아직도 걸레로 닦으세요? #살림 #주부꿀템 #주부꿀팁 #살림템 #셀프인테리어,344,0,2026-09-12T04:16:03.000270+00:00,2026-09-12T05:10:02.660921+00:00,2026-09-16T05:10:03.000270+00:00,홈템,썰쇼핑,0,2026-08-19 05:56:25
_x1Q_jZOZw0,https://www.youtube.com/watch?v=_x1Q_jZOZw0,uciyteuko_p950a7je7jpixa,루구나,향수제조사도 지금 최고로 치는 향기템🌸,343,0,2026-09-02T22:58:03.000270+00:00,2026-09-04T23:10:02.346310+00:00,2026-09-16T05:10:03.000270+00:00,뷰티,썰쇼핑,19600,2026-09-09 07:08:49
ymR-kPrZP2E,https://www.youtube.com/watch?v=ymR-kPrZP2E,ucu-hzvlc1tvab1lrp0cejtg,Retro log,Just playing Bomb Man on the K36S,343,0,2026-09-04T15:16:01.374377+00:00,2026-09-04T23:10:02.346310+00:00,2026-09-05T23:10:01.374377+00:00,기타,썰쇼핑,0,2026-08-19 05:56:25
a7MlHStCAY4,https://www.youtube.com/watch?v=a7MlHStCAY4,ucury26mdc8dmmsffuwlhzda,1분쇼핑,"말려 죽이는 화분, 이거 하나로 스트레스 끝 #돈들어오는화분 #수경화분",330,1,2026-09-01T14:10:02.238212+00:00,2026-09-14T23:10:03.036703+00:00,2026-09-15T05:10:02.238212+00:00,기타,썰쇼핑,32,2026-09-14 07:04:05
0oC4l9sjTB4,https://www.youtube.com/watch?v=0oC4l9sjTB4,uciyteuko_p950a7je7jpixa,루구나,제조사도 인정한  뜻밖의 천연방충템,328,0,2026-09-15T22:58:03.000270+00:00,2026-09-15T23:10:03.157352+00:00,2026-09-16T05:10:03.000270+00:00,제품정체형,썰쇼핑,19600,2026-09-09 07:08:49
YOoxaq0cYgY,https://www.youtube.com/watch?v=YOoxaq0cYgY,uc59ltli8hmrkc1xbgfyutoa,대박살림,세계보건기구도 인정한 천연발명품,326,0,2026-08-26T23:10:01.358608+00:00,2026-09-08T11:10:24.676804+00:00,2026-09-09T23:10:01.358608+00:00,제품정체형,썰쇼핑,20600,2026-09-09 07:08:49
WaNPHu9IJsE,https://www.youtube.com/watch?v=WaNPHu9IJsE,uccbu4mtnb9zci40hsckmcog,꿀생템,제조사도 놀란 주부들의 미친 활용법?!(광고)👉제품보기는 프로필을 링크에서 88번 검색해 주세요👉,308,0,2026-08-25T18:42:44.178691+00:00,2026-09-08T12:30:44.178691+00:00,2026-09-08T12:30:44.178691+00:00,오용형,썰쇼핑,95,2026-09-09 07:08:49
uvuZgqE1oA8,https://www.youtube.com/watch?v=uvuZgqE1oA8,ucz-slgdofm414lil2nz0qea,장바구니 털기,여사친이 직접 뽑아낸 환장한다는 생일선물,306,1,2026-09-08T10:58:03.000270+00:00,2026-09-14T23:10:03.036703+00:00,2026-09-16T05:10:03.000270+00:00,기타,썰쇼핑,1020,2026-09-14 07:04:05
1HuOjErOovQ,https://www.youtube.com/watch?v=1HuOjErOovQ,ucdzguqgjnb3fd6jgxvn-obq,오리핫템,깔끔함의 정석! 투명 칸막이 하나로 집안 정리 끝!,296,0,2026-09-02T11:34:03.000270+00:00,2026-09-08T11:10:24.676804+00:00,2026-09-16T05:10:03.000270+00:00,홈템,썰쇼핑,19900,2026-09-09 07:08:49
XktnvJgn3Tc,https://www.youtube.com/watch?v=XktnvJgn3Tc,ucksqwbppwreyk9sxnodup7w,꿀템튜브,너무 간단해서 한국 주부둘,294,2,2026-09-15T01:58:03.000270+00:00,2026-09-15T05:10:02.238212+00:00,2026-09-16T05:10:03.000270+00:00,기타,썰쇼핑,70,2026-09-09 07:08:49
T6aWANfFQLc,https://www.youtube.com/watch?v=T6aWANfFQLc,ucu-hzvlc1tvab1lrp0cejtg,Retro log,Found an awesome PC Engine game today,286,0,2026-09-04T19:28:01.374377+00:00,2026-09-04T23:10:02.346310+00:00,2026-09-05T23:10:01.374377+00:00,기타,썰쇼핑,0,2026-08-19 05:56:25
gm4_r5FuH3A,https://www.youtube.com/watch?v=gm4_r5FuH3A,ucubpeqak9dgcj93bilzcs-q,마케터의 시선,이케아 책장 이렇게 써보세요,284,0,2026-09-07T11:58:03.000270+00:00,2026-09-08T11:10:24.676804+00:00,2026-09-16T05:10:03.000270+00:00,기타,썰쇼핑,69,2026-09-09 07:08:49
Pkdt_ItShAo,https://www.youtube.com/watch?v=Pkdt_ItShAo,ucrbvn94qfocjbtkhepz7heg,전설의레전드,모자 좋아하는 여치니 이거 선물해주니 쓰러짐 ㅋㅋ,272,0,2026-09-05T22:58:03.000270+00:00,2026-09-08T11:10:24.676804+00:00,2026-09-16T05:10:03.000270+00:00,기타,썰쇼핑,10900,2026-09-09 07:08:49
cC3fuDpBGYU,https://www.youtube.com/watch?v=cC3fuDpBGYU,ucvaa_y8pn-ahgsjoqet6h9a,랜더쇼츠,130년 설계도가 완벽했던 이유 #비행기,260,0,2026-09-06T11:46:03.000270+00:00,2026-09-14T23:10:03.036703+00:00,2026-09-16T05:10:03.000270+00:00,기타,썰쇼핑,1490,2026-09-14 07:04:05
RjEMkMV8BzQ,https://www.youtube.com/watch?v=RjEMkMV8BzQ,ucvaa_y8pn-ahgsjoqet6h9a,랜더쇼츠,엔진 조종간도 없이 사람이 나는 방법 #비행기,248,0,2026-09-06T14:16:03.000270+00:00,2026-09-14T23:10:03.036703+00:00,2026-09-16T05:10:03.000270+00:00,기타,썰쇼핑,1490,2026-09-14 07:04:05
rNBzPfkq5ys,https://www.youtube.com/watch?v=rNBzPfkq5ys,ucbbwhlb1oqkgkzqllrsczva,아스토니쉬코리아,주방청소 만능템 #주방용품 #주방꿀템 #주방  #아스토니쉬,237,0,2026-09-10T23:58:03.000270+00:00,2026-09-11T02:10:02.367900+00:00,2026-09-16T05:10:03.000270+00:00,홈템,썰쇼핑,0,2026-08-19 05:56:25
jpIA2bzFNgY,https://www.youtube.com/watch?v=jpIA2bzFNgY,uc6cd2qevvm23b0xojjho50q,썰쇼템,용도외 사용금지라는 레전드 빨대,230,1,2026-09-09T02:58:03.000270+00:00,2026-09-09T04:37:54.503187+00:00,2026-09-16T05:10:03.000270+00:00,기타,썰쇼핑,13700,2026-09-09 07:08:49
CNPo27U67lg,https://www.youtube.com/watch?v=CNPo27U67lg,uccbu4mtnb9zci40hsckmcog,꿀생템,운전하는 사람들 90%가 몰라서 손해 보는 꿀템(광고)👉제품보기는 프로필을 링크에서 98번 검색해 주세요👉,230,0,2026-09-14T20:46:03.000270+00:00,2026-09-15T23:10:03.157352+00:00,2026-09-16T05:10:03.000270+00:00,홈템,썰쇼핑,95,2026-09-09 07:08:49
llZ49DycI0A,https://www.youtube.com/watch?v=llZ49DycI0A,uclxapdsavnfqbmbbzs1l_cg,살림덕템,"고급 한과 선물세트, 명절 선물 끝! #명절선물 #추석선물 #선물",213,0,2026-09-02T10:58:03.000270+00:00,2026-09-08T11:10:24.676804+00:00,2026-09-16T05:10:03.000270+00:00,홈템,썰쇼핑,22,2026-09-09 07:08:49
CZCCY4VpYEc,https://www.youtube.com/watch?v=CZCCY4VpYEc,ucftoksv4zeitypvhoilopjg,우리살림,지금 아니면 못먹는 푸룬,210,1,2026-09-12T13:58:03.000270+00:00,2026-09-12T23:10:03.131380+00:00,2026-09-16T05:10:03.000270+00:00,홈템,썰쇼핑,0,2026-08-19 05:56:25
HRasJVxfgN4,https://www.youtube.com/watch?v=HRasJVxfgN4,ucvaa_y8pn-ahgsjoqet6h9a,랜더쇼츠,요트에 싣고 다니는 60억짜리 잠수정 #비행기,210,0,2026-09-05T12:58:03.000270+00:00,2026-09-14T23:10:03.036703+00:00,2026-09-16T05:10:03.000270+00:00,기타,썰쇼핑,1490,2026-09-14 07:04:05
tafdnQXWYPk,https://www.youtube.com/watch?v=tafdnQXWYPk,uccc9zk2pbobvrzk8s7v7r1w,홈양품,"🍚 겨울철 쌀 씻기, 이제 손 시릴 걱정 끝",208,0,2026-09-15T08:58:03.000270+00:00,2026-09-15T23:10:03.157352+00:00,2026-09-16T05:10:03.000270+00:00,기타,썰쇼핑,8,2026-09-09 07:08:49
CRw4FaXA93w,https://www.youtube.com/watch?v=CRw4FaXA93w,ucbx5cgjqdhqxdk4fn6ltj3g,찐리뷰 클라쓰,"이번 할로윈, 아이들 파티템은 이거!🎃 이케아엔 없는 손가락 프로젝터 빔 조명",203,1,2026-09-13T09:16:03.000270+00:00,2026-09-13T23:10:02.300105+00:00,2026-09-16T05:10:03.000270+00:00,기타,썰쇼핑,23700,2026-09-09 07:08:49
I-j3Tc4io4c,https://www.youtube.com/watch?v=I-j3Tc4io4c,ucmlj9igwl-abyr83b7upqda,이슈 리뷰어,(ASMR 소곤소곤 썰) 내 돈으로 바람 핌 남친? 참교육 사이다 썰,199,0,2026-09-10T10:04:03.000270+00:00,2026-09-11T02:10:02.367900+00:00,2026-09-16T05:10:03.000270+00:00,기타,썰쇼핑,0,2026-08-19 05:56:25
fPFqOJE98zA,https://www.youtube.com/watch?v=fPFqOJE98zA,uc9xfth7mqhbdlju9qzpxiha,쿨냥냥,BTS 완전체인데 하이브 주가는 왜 제자리인가,194,0,2026-09-11T05:10:03.000270+00:00,2026-09-11T23:10:02.319689+00:00,2026-09-16T05:10:03.000270+00:00,기타,썰쇼핑,5630,2026-09-09 07:08:49
KvWSAu3TbWQ,https://www.youtube.com/watch?v=KvWSAu3TbWQ,uctitdnbvhe3k4eufjury8qg,꿀템연구소,이케아 고수 주방 추천템,191,1,2026-09-04T08:58:03.000270+00:00,2026-09-04T23:10:02.346310+00:00,2026-09-16T05:10:03.000270+00:00,홈템,썰쇼핑,10400,2026-09-09 07:08:49
-VoZWwCm-JE,https://www.youtube.com/watch?v=-VoZWwCm-JE,ucrbvn94qfocjbtkhepz7heg,전설의레전드,여자들이 극찬한남자 가을 필수템,178,0,2026-09-01T02:40:03.036703+00:00,2026-09-08T11:10:24.676804+00:00,2026-09-14T23:10:03.036703+00:00,기타,썰쇼핑,10900,2026-09-09 07:08:49
KKrUDn1Uy-Y,https://www.youtube.com/watch?v=KKrUDn1Uy-Y,uc59ltli8hmrkc1xbgfyutoa,대박살림,개발자도 예측 못한 한국 천재 활용법,176,0,2026-09-10T08:28:03.000270+00:00,2026-09-11T02:10:02.367900+00:00,2026-09-16T05:10:03.000270+00:00,오용형,썰쇼핑,20600,2026-09-09 07:08:49
HU5oOiIUdQE,https://www.youtube.com/watch?v=HU5oOiIUdQE,ucjiyb-pm9ltdsk4a4yw7oia,마미마루,어머니 대체 집에서 뭘로 놀아주세요? #대형자석블럭,173,0,2026-09-14T05:40:03.000270+00:00,2026-09-14T23:10:03.036703+00:00,2026-09-16T05:10:03.000270+00:00,기타,썰쇼핑,507,2026-09-09 07:08:49
xawZ3JEskro,https://www.youtube.com/watch?v=xawZ3JEskro,ucxirsjqetzz4ml6lc-uu5tq,이런호기심,맞추기 극악의 난이도라는 20만 원짜리 실전 사격 타겟 🎯,164,0,2026-09-04T09:58:02.238212+00:00,2026-09-14T23:10:03.036703+00:00,2026-09-15T05:10:02.238212+00:00,기타,썰쇼핑,14400,2026-09-14 07:04:05
1c9_2F-X_so,https://www.youtube.com/watch?v=1c9_2F-X_so,uctitdnbvhe3k4eufjury8qg,꿀템연구소,이케아 전등 내맘대로,158,1,2026-09-09T08:58:03.000270+00:00,2026-09-09T23:10:01.358608+00:00,2026-09-16T05:10:03.000270+00:00,홈템,썰쇼핑,10400,2026-09-09 07:08:49
pToiSB9y1TU,https://www.youtube.com/watch?v=pToiSB9y1TU,uc9xfth7mqhbdlju9qzpxiha,쿨냥냥,"파리서 온 미쉐린 별, 서울·부산 10년 만에 역대 최다",157,0,2026-08-28T05:22:02.666924+00:00,2026-09-08T12:30:44.178691+00:00,2026-09-11T05:10:02.666924+00:00,기타,썰쇼핑,5630,2026-09-09 07:08:49
xLvjgemY8HI,https://www.youtube.com/watch?v=xLvjgemY8HI,ucavc4gijcbwk1vj2acjvjvw,도잇도잇,아이폰 듀오 출시를 환영하는 삼성,128,0,2026-09-14T02:58:03.000270+00:00,2026-09-14T23:10:03.036703+00:00,2026-09-16T05:10:03.000270+00:00,기타,썰쇼핑,1250,2026-09-14 07:04:05
H9CDrL0IkxM,https://www.youtube.com/watch?v=H9CDrL0IkxM,ucw-vssbyj4pqqcvfzyqxp5q,쇼컷리뷰,초인종 고장 났다고 그냥 두고 사는 사람만 손해 보는 이유,127,1,2026-09-09T11:46:03.000270+00:00,2026-09-14T23:10:03.036703+00:00,2026-09-16T05:10:03.000270+00:00,기타,썰쇼핑,605,2026-09-14 07:06:10
S0NmTaxphtI,https://www.youtube.com/watch?v=S0NmTaxphtI,ucxirsjqetzz4ml6lc-uu5tq,이런호기심,물감 0%! 전기로 티타늄 귀걸이를 영구 염색하는 마법 같은 방법 ✨,113,0,2026-09-15T01:58:03.000270+00:00,2026-09-15T05:10:02.238212+00:00,2026-09-16T05:10:03.000270+00:00,기타,썰쇼핑,14400,2026-09-14 07:04:05
P0pf0mEn8ik,https://www.youtube.com/watch?v=P0pf0mEn8ik,ucxunuiivb1w3mchfbrzxy-a,도파민모음집,이웃집 담장 넘어가는 장외홈런 맞고 영혼이 나간 투수 ㅋㅋㅋ #야구,93,0,2026-09-14T09:28:02.238212+00:00,2026-09-14T23:10:03.036703+00:00,2026-09-15T05:10:02.238212+00:00,기타,썰쇼핑,78600,2026-09-14 07:04:05
X5RRsrwdqlw,https://www.youtube.com/watch?v=X5RRsrwdqlw,ucvaa_y8pn-ahgsjoqet6h9a,랜더쇼츠,시속 160km 차 안에서 드론을 띄우면 벌어지는 일,92,0,2026-09-10T18:46:03.000270+00:00,2026-09-14T23:10:03.036703+00:00,2026-09-16T05:10:03.000270+00:00,차량템,썰쇼핑,1490,2026-09-14 07:04:05
i_Zilq_bXyI,https://www.youtube.com/watch?v=i_Zilq_bXyI,ucsiilkcktabwbsotgdjddoa,이왜템,👻올해 할로윈은 사탕 대신 이걸로 끝내세요! #할로윈 #할로윈장식 #육아템,82,7,2026-09-08T08:22:03.000270+00:00,2026-09-08T10:27:51.412064+00:00,2026-09-16T05:10:03.000270+00:00,기타,썰쇼핑,1080,2026-09-09 07:08:49
20KMTBszNfU,https://www.youtube.com/watch?v=20KMTBszNfU,ucknyotic61bk0usui1ixavg,으니픽,미국에서 품절대란인 뜻밖의 제품ㄷㄷ; #생활용품,72,1,2026-08-24T09:58:01.282766+00:00,2026-09-04T23:10:02.346310+00:00,2026-09-06T23:10:01.282766+00:00,홈템,썰쇼핑,1300,2026-09-09 07:08:49
hfpQXUwhc_0,https://www.youtube.com/watch?v=hfpQXUwhc_0,ucz-slgdofm414lil2nz0qea,장바구니 털기,자취방 모니터를 게임기로 바꿔버린 친구,69,1,2026-09-04T08:58:03.000270+00:00,2026-09-14T23:10:03.036703+00:00,2026-09-16T05:10:03.000270+00:00,기타,썰쇼핑,1020,2026-09-14 07:04:05
DkHmXDGIhJs,https://www.youtube.com/watch?v=DkHmXDGIhJs,ucofzzqsp2bgezadzblfpi4q,헤븐쇼핑,창문필름시장 씹어먹은 한국천재의 활용법,64,1,2026-08-28T05:58:02.666924+00:00,2026-09-08T11:10:24.676804+00:00,2026-09-11T05:10:02.666924+00:00,제품정체형,썰쇼핑,1020,2026-09-09 07:08:49
BNK_B_prPjo,https://www.youtube.com/watch?v=BNK_B_prPjo,ucxeyhz8xitvlxhdduxy6zca,리뷰남 ,사무직들의 엉덩이를 구원한 천재적인 아이디어,60,1,2026-09-08T11:10:24.676804+00:00,2026-09-08T11:10:24.676804+00:00,2026-09-08T11:10:24.676804+00:00,제품정체형,썰쇼핑,16100,2026-09-09 07:08:49
QYXf6kWGHQQ,https://www.youtube.com/watch?v=QYXf6kWGHQQ,ucxeyhz8xitvlxhdduxy6zca,리뷰남 ,의지가 부족한 사람들을 구원한 일본 문구의 천재적인 전략,55,1,2026-09-09T08:58:01.358608+00:00,2026-09-09T23:10:01.358608+00:00,2026-09-09T23:10:01.358608+00:00,제품정체형,썰쇼핑,16100,2026-09-09 07:08:49
CFmyn7q4dYk,https://www.youtube.com/watch?v=CFmyn7q4dYk,uckkeqaxjmev8w7gd4h5kcaw,홈스터,빔프로젝트 천장등,50,1,,2026-09-04T23:10:02.346310+00:00,2026-09-05T04:42:28.257041+00:00,기타,썰쇼핑,0,2026-08-19 05:56:25
VP7wfc-mf1Y,https://www.youtube.com/watch?v=VP7wfc-mf1Y,uczsqdvebdhbskc3vnvwwbkg,살림치트키,영혼까지 시원해지는 미국 천재의 발명품,45,1,2026-08-31T22:16:02.569334+00:00,2026-09-04T23:10:02.346310+00:00,2026-09-14T05:10:02.569334+00:00,제품정체형,썰쇼핑,193,2026-09-14 07:04:05
XEe0zv1TNhE,https://www.youtube.com/watch?v=XEe0zv1TNhE,ucavc4gijcbwk1vj2acjvjvw,도잇도잇,아이폰 듀오 해외에서 난리 난 이유,44,2,2026-09-12T04:58:03.000270+00:00,2026-09-14T23:10:03.036703+00:00,2026-09-16T05:10:03.000270+00:00,기타,썰쇼핑,1250,2026-09-14 07:04:05
i4mH_1pGrGw,https://www.youtube.com/watch?v=i4mH_1pGrGw,ucvaa_y8pn-ahgsjoqet6h9a,랜더쇼츠,화난 친구를 안 말렸더니… 셋이 받은 청구서가 얼마?,42,0,2026-09-13T22:16:03.000270+00:00,2026-09-14T23:10:03.036703+00:00,2026-09-16T05:10:03.000270+00:00,기타,썰쇼핑,1490,2026-09-14 07:04:05
uYifACKIDeo,https://www.youtube.com/watch?v=uYifACKIDeo,ucxfcgk6imynzbexyly8mhiq,코어장바구니,특이점 왔다는 세상에서 가장 빠른 신발,37,1,2026-09-15T07:58:03.000270+00:00,2026-09-15T23:10:03.157352+00:00,2026-09-16T05:10:03.000270+00:00,기타,썰쇼핑,8610,2026-09-09 07:08:49
JMhGZhcbMU4,https://www.youtube.com/watch?v=JMhGZhcbMU4,ucbpaopjknymyrihzwt5c_mg,리빙플립,칫솔질로만 끝내지 말고 이거 무조건 쓰세요,33,0,2026-08-25T10:45:51.412064+00:00,2026-09-04T23:10:02.346310+00:00,2026-09-08T10:27:51.412064+00:00,기타,썰쇼핑,13100,2026-09-09 07:08:49
_Df4czRLt_A,https://www.youtube.com/watch?v=_Df4czRLt_A,uc9lbov0bom6xglwla14ovxg,부시리,똑똑한 상품하나로 매출 대박난 제조사,30,2,2026-09-04T10:16:03.000270+00:00,2026-09-08T12:30:44.178691+00:00,2026-09-16T05:10:03.000270+00:00,기타,썰쇼핑,1040,2026-09-09 07:08:49
J-oqHOczusI,https://www.youtube.com/watch?v=J-oqHOczusI,ucdvrwmwmqjhagagpphxzlda,살림라디오,다이소 3군데 돌아서 겨우 구했습니다 #shorts #다이소추천템 #주방꿀템,21,1,2026-09-07T15:04:03.000270+00:00,2026-09-08T10:27:51.412064+00:00,2026-09-16T05:10:03.000270+00:00,홈템,썰쇼핑,22,2026-09-09 07:08:49
NLh9PgdwMRg,https://www.youtube.com/watch?v=NLh9PgdwMRg,uctitdnbvhe3k4eufjury8qg,꿀템연구소,이케아 고수 액자 활용법,18,1,2026-09-15T08:58:03.000270+00:00,2026-09-15T23:10:03.157352+00:00,2026-09-16T05:10:03.000270+00:00,홈템,썰쇼핑,10400,2026-09-09 07:08:49
Ji9B-LOV-Nc,https://www.youtube.com/watch?v=Ji9B-LOV-Nc,uclxapdsavnfqbmbbzs1l_cg,살림덕템,락스 그만! 이거 하나면 곰팡이 싹 사라집니다 #살림템 #곰팡이제거 #쿠팡살림템,18,0,2026-09-04T11:58:03.000270+00:00,2026-09-08T11:10:24.676804+00:00,2026-09-16T05:10:03.000270+00:00,홈템,썰쇼핑,22,2026-09-09 07:08:49
7uKWKa_peKA,https://www.youtube.com/watch?v=7uKWKa_peKA,ucksqwbppwreyk9sxnodup7w,꿀템튜브,과일 제대로 안 씻으면 농약 그대로 먹는 거임,17,1,2026-09-01T01:58:03.036703+00:00,2026-09-08T11:10:24.676804+00:00,2026-09-14T23:10:03.036703+00:00,기타,썰쇼핑,70,2026-09-09 07:08:49
zjbcSnZzbVo,https://www.youtube.com/watch?v=zjbcSnZzbVo,ucjcbuxcvr7fojmnvzw3haua,상자쿤,이 자석 블록은 사람까지 붙잡아 둡니다,16,0,2026-09-12T22:46:02.819135+00:00,2026-09-12T23:10:03.131380+00:00,2026-09-13T05:10:02.819135+00:00,기타,썰쇼핑,5860,2026-09-09 07:08:49
sBnuFj2Be5U,https://www.youtube.com/watch?v=sBnuFj2Be5U,ucfixbi7x0-uwmanviy9f-jw,핫템 리뷰,모든 연기를 빨아들인다는 미친 발명품,14,0,2026-09-02T13:28:03.000270+00:00,2026-09-14T23:10:03.036703+00:00,2026-09-16T05:10:03.000270+00:00,제품정체형,썰쇼핑,11,2026-09-14 07:04:05
uxi3ZzYp6wY,https://www.youtube.com/watch?v=uxi3ZzYp6wY,ucztidnxqczedy2kiw43p81w,꿀발견,막대기 하나로 뽕뽑는 한국인들 특,9,1,2026-09-02T15:28:03.000270+00:00,2026-09-04T23:10:02.346310+00:00,2026-09-16T05:10:03.000270+00:00,기타,썰쇼핑,1040,2026-09-09 07:08:49
j5BN07HeCxM,https://www.youtube.com/watch?v=j5BN07HeCxM,uclxapdsavnfqbmbbzs1l_cg,살림덕템,업무 생산성 200% 로지텍 G502 X PLUS 이게 진짜 일잘러템;; #쿠팡꿀템 #로지텍마우스 #g502hero,9,0,2026-09-06T10:28:03.000270+00:00,2026-09-08T11:10:24.676804+00:00,2026-09-16T05:10:03.000270+00:00,홈템,썰쇼핑,22,2026-09-09 07:08:49
EIycQAR7ghY,https://www.youtube.com/watch?v=EIycQAR7ghY,ucztidnxqczedy2kiw43p81w,꿀발견,이케아선반 뇌절 활용법,8,1,2026-09-06T17:40:03.000270+00:00,2026-09-06T23:10:01.282766+00:00,2026-09-16T05:10:03.000270+00:00,제품정체형,썰쇼핑,1040,2026-09-09 07:08:49
dlPG5baZTyQ,https://www.youtube.com/watch?v=dlPG5baZTyQ,ucdrpxmsqn83qromdpq0ai6q,톡템,분리불안 강아지 혼자 두고 나가도 안심! 죄책감 덜어주는 역대급 노즈워크 장난감,8,1,2026-09-14T18:16:03.000270+00:00,2026-09-14T23:10:03.036703+00:00,2026-09-16T05:10:03.000270+00:00,기타,썰쇼핑,1090,2026-09-14 07:20:43
LwE-Q0umHD0,https://www.youtube.com/watch?v=LwE-Q0umHD0,uc4gpegusm1huqjwho9og8fa,와그라노TV,(속보)'구체적인 역할을 모르십니까' 대정부질문에서 오간 문답은,8,0,2026-09-12T09:22:03.131380+00:00,2026-09-12T23:10:03.131380+00:00,2026-09-12T23:10:03.131380+00:00,기타,썰쇼핑,0,2026-08-19 05:56:25
YOFWQbFdYxU,https://www.youtube.com/watch?v=YOFWQbFdYxU,ucemc0lajcxtnwftcao3awhq,꿀템,키미노 나마에와 오열한다는 팔찌,6,0,2026-09-15T09:58:03.157352+00:00,2026-09-15T23:10:03.157352+00:00,2026-09-15T23:10:03.157352+00:00,기타,썰쇼핑,1070,2026-09-14 07:04:05
RQ12arAU4Yc,https://www.youtube.com/watch?v=RQ12arAU4Yc,ucfixbi7x0-uwmanviy9f-jw,핫템 리뷰,기름 지옥에서 해방시켜준 발명품,5,0,2026-09-03T12:10:03.000270+00:00,2026-09-14T23:10:03.036703+00:00,2026-09-16T05:10:03.000270+00:00,제품정체형,썰쇼핑,11,2026-09-14 07:04:05
dnEfGwLQRQ0,https://www.youtube.com/watch?v=dnEfGwLQRQ0,uct_k9uncg3axxb8ujj9f2_g,속닥마켓,문 닫으면 감쪽같이 사라지는 비밀 카페의 정체,5,1,2026-09-08T11:04:24.676804+00:00,2026-09-08T11:10:24.676804+00:00,2026-09-08T11:10:24.676804+00:00,제품정체형,썰쇼핑,82,2026-09-09 07:08:49
XFh80w3A9lk,https://www.youtube.com/watch?v=XFh80w3A9lk,ucfixbi7x0-uwmanviy9f-jw,핫템 리뷰,이거 발명한 사람 상 줘야 함.. 대박 난 샌드위치 메이커,4,0,2026-09-02T11:16:03.000270+00:00,2026-09-14T23:10:03.036703+00:00,2026-09-16T05:10:03.000270+00:00,기타,썰쇼핑,11,2026-09-14 07:04:05
9qVeufisKH0,https://www.youtube.com/watch?v=9qVeufisKH0,uc3afdr5jbqxyqrnxarzywsg,elumiaa,"20만원대 TV가 주방, 거실, 방까지 따라다닙니다",4,0,2026-09-08T08:24:44.178691+00:00,2026-09-08T11:10:24.676804+00:00,2026-09-08T12:30:44.178691+00:00,홈템,썰쇼핑,158,2026-09-09 07:08:49
qofS-Uum5oA,https://www.youtube.com/watch?v=qofS-Uum5oA,uc3afdr5jbqxyqrnxarzywsg,elumiaa,주방 바닥 청소 지옥? 100만원 견적 대신 이거 깔았더니 끝,2,0,2026-09-15T10:52:03.000270+00:00,2026-09-15T23:10:03.157352+00:00,2026-09-16T05:10:03.000270+00:00,홈템,썰쇼핑,158,2026-09-09 07:08:49
_erlnicEcu4,https://www.youtube.com/watch?v=_erlnicEcu4,ucfixbi7x0-uwmanviy9f-jw,핫템 리뷰,급정거 지옥에서 탈출시켜 준 발명품,2,0,2026-09-03T12:40:03.000270+00:00,2026-09-14T23:10:03.036703+00:00,2026-09-16T05:10:03.000270+00:00,제품정체형,썰쇼핑,11,2026-09-14 07:04:05
NxXzDZZekLA,https://www.youtube.com/watch?v=NxXzDZZekLA,uclxapdsavnfqbmbbzs1l_cg,살림덕템,요즘 해외에서 공유되고 있는 미친 활용법,2,0,2026-09-01T10:58:02.238212+00:00,2026-09-08T11:10:24.676804+00:00,2026-09-15T05:10:02.238212+00:00,홈템,썰쇼핑,22,2026-09-09 07:08:49
P5B0OzP_IQ0,https://www.youtube.com/watch?v=P5B0OzP_IQ0,uc6cd2qevvm23b0xojjho50q,썰쇼템,일본 천재가 발견한 레전드 활용법,0,0,2026-09-08T02:58:03.000270+00:00,2026-09-08T10:27:51.412064+00:00,2026-09-16T05:10:03.000270+00:00,제품정체형,썰쇼핑,13700,2026-09-09 07:08:49
IjwfC5X8Gcc,https://www.youtube.com/watch?v=IjwfC5X8Gcc,uc7fjlnge2czyi2lppje9hxw,써니네,이 사람 배가 갑자기 나온 이유? #살림꿀팁 #꿀팁 #꿀팁 #꿀템 #생활꿀팁 #유머,0,0,2026-09-03T21:58:03.000270+00:00,2026-09-04T23:10:02.346310+00:00,2026-09-16T05:10:03.000270+00:00,홈템,썰쇼핑,0,2026-08-19 05:56:25
soILPAwGDBc,https://www.youtube.com/watch?v=soILPAwGDBc,ucftoksv4zeitypvhoilopjg,우리살림,이케아 가면 이거 꼭 집어오세요! 주방 수납 끝판왕,0,0,2026-09-08T08:28:03.000270+00:00,2026-09-08T10:27:51.412064+00:00,2026-09-16T05:10:03.000270+00:00,홈템,썰쇼핑,0,2026-08-19 05:56:25
vFSz3NBDYF8,https://www.youtube.com/watch?v=vFSz3NBDYF8,ucwomfgpbfxbehvdxb9j7rsa,살림템바이,이케아도 예상못한 레전드 아이디어 | 이케아 칼락스|집꾸미기|이케아 활용법,0,0,2026-09-02T08:58:03.000270+00:00,2026-09-04T23:10:02.346310+00:00,2026-09-16T05:10:03.000270+00:00,오용형,썰쇼핑,1090,2026-09-09 07:08:49
OiNZ_up8MZw,https://www.youtube.com/watch?v=OiNZ_up8MZw,ucwomfgpbfxbehvdxb9j7rsa,살림템바이,정리고수들만 쓴다는 이케아 수납함 |정리꿀템|집꾸미기,0,0,2026-09-08T10:58:03.000270+00:00,2026-09-08T11:10:24.676804+00:00,2026-09-16T05:10:03.000270+00:00,홈템,썰쇼핑,1090,2026-09-09 07:08:49
InlSBtnKmg4,https://www.youtube.com/watch?v=InlSBtnKmg4,uco9-zofurha9d1wwatfgzkg,땡스템,다이소 개발자도 놀란 미친 꼼수 #다이소꿀템 #다이소추천템 #다이소레일 #접착식레일 #수납꿀템,0,0,2026-09-03T10:04:03.000270+00:00,2026-09-04T23:10:02.346310+00:00,2026-09-16T05:10:03.000270+00:00,홈템,썰쇼핑,4210,2026-09-09 07:08:49
6KVipjTCLhY,https://www.youtube.com/watch?v=6KVipjTCLhY,ucm_du1kofq8nxfvmtm0xx2w,로디홈,이케아 디자이너도 인정한 수납판 활용법,0,0,2026-09-15T12:46:03.000270+00:00,2026-09-15T23:10:03.157352+00:00,2026-09-16T05:10:03.000270+00:00,홈템,썰쇼핑,5990,2026-09-09 07:08:49
eKUmtQFy5kI,https://www.youtube.com/watch?v=eKUmtQFy5kI,uckav5c_xgwtehpyk3i-zcfg,오늘꿀템,다이소 직원도 감탄한 커버 활용법,0,0,2026-09-02T08:28:03.000270+00:00,2026-09-04T23:10:02.346310+00:00,2026-09-16T05:10:03.000270+00:00,오용형,썰쇼핑,1380,2026-09-09 07:08:49
trvDtpcOy0o,https://www.youtube.com/watch?v=trvDtpcOy0o,ucs9rzo0w2sa-ik3w2j4mkzg,홈킥킥,대파 절대 그냥 얼리지 마세요,0,0,2026-09-11T07:58:03.000270+00:00,2026-09-11T23:10:02.319689+00:00,2026-09-16T05:10:03.000270+00:00,기타,썰쇼핑,15800,2026-09-09 07:08:49
0B00BCBLWO4,https://www.youtube.com/watch?v=0B00BCBLWO4,ucbx5cgjqdhqxdk4fn6ltj3g,찐리뷰 클라쓰,"집안 짐이 싹 들어가요! 👀 대용량 수납가방, 이사 정리도 딱!",0,0,2026-09-10T03:58:03.000270+00:00,2026-09-10T08:10:02.680133+00:00,2026-09-16T05:10:03.000270+00:00,홈템,썰쇼핑,23700,2026-09-09 07:08:49
SOmdTJ9Z5Zg,https://www.youtube.com/watch?v=SOmdTJ9Z5Zg,uc4iyryt1y1d5_cdjaocsk6q,설렘픽,"다이소 압축봉, 이렇게 쓰면 수납공간 2배 됩니다!",0,0,2026-09-05T07:40:03.000270+00:00,2026-09-05T23:10:01.374377+00:00,2026-09-16T05:10:03.000270+00:00,홈템,썰쇼핑,2580,2026-09-09 07:08:49
NDlSSm-QepY,https://www.youtube.com/watch?v=NDlSSm-QepY,uc4iyryt1y1d5_cdjaocsk6q,설렘픽,"다이소 책꽂이, 이렇게 쓰면 수납공간 2배!",0,0,2026-09-07T12:58:03.000270+00:00,2026-09-07T23:10:02.851021+00:00,2026-09-16T05:10:03.000270+00:00,홈템,썰쇼핑,2580,2026-09-09 07:08:49
KYaxP2cP_rw,https://www.youtube.com/watch?v=KYaxP2cP_rw,ucmbeuonh4nls9qryeeue_gg,쓸모있어,다이소에서 꼭 사야하는 BEST 😍😍,0,0,2026-09-11T09:58:03.000270+00:00,2026-09-11T23:10:02.319689+00:00,2026-09-16T05:10:03.000270+00:00,홈템,썰쇼핑,1240,2026-09-09 07:08:49
j_HU9Z3ohNQ,https://www.youtube.com/watch?v=j_HU9Z3ohNQ,uctd1t12z1qtvalhdd728tsg,우디홈템,"깊은 선반 수납, 이제 손 넣고 뒤적이지 마세요",0,0,2026-09-06T05:58:03.000270+00:00,2026-09-06T23:10:01.282766+00:00,2026-09-16T05:10:03.000270+00:00,홈템,썰쇼핑,3700,2026-09-09 07:08:49
Qy6p54KXti0,https://www.youtube.com/watch?v=Qy6p54KXti0,uctd1t12z1qtvalhdd728tsg,우디홈템,"싱크대 하부장 정리, 배수관 피해 수납하는 꿀템",0,0,2026-09-13T22:58:03.000270+00:00,2026-09-13T23:10:02.300105+00:00,2026-09-16T05:10:03.000270+00:00,홈템,썰쇼핑,3700,2026-09-09 07:08:49
dmGQl0KeXR8,https://www.youtube.com/watch?v=dmGQl0KeXR8,uctd1t12z1qtvalhdd728tsg,우디홈템,냉장고 문 선반 공간 200% 활용하는 아이디어,0,0,2026-09-15T22:58:03.000270+00:00,2026-09-15T23:10:03.157352+00:00,2026-09-16T05:10:03.000270+00:00,홈템,썰쇼핑,3700,2026-09-09 07:08:49
Q6itJKNQWv8,https://www.youtube.com/watch?v=Q6itJKNQWv8,uctmchwo4yehl0exsqp_apog,생활꿀템추천샵,"이거 하나로 상부장 정리 끝, 삶의 질 상승템 #주방정리 #살림꿀팁 #아이디어",0,0,2026-09-04T09:58:03.000270+00:00,2026-09-05T23:10:01.374377+00:00,2026-09-16T05:10:03.000270+00:00,홈템,썰쇼핑,6830,2026-09-09 07:08:49
dVEuH-0IiGs,https://www.youtube.com/watch?v=dVEuH-0IiGs,uctmchwo4yehl0exsqp_apog,생활꿀템추천샵,이거 모르면 설거지할 때마다 손해봅니다 #살림 #다이소추천 #주방용품,0,0,2026-09-11T10:28:03.000270+00:00,2026-09-11T23:10:02.319689+00:00,2026-09-16T05:10:03.000270+00:00,홈템,썰쇼핑,6830,2026-09-09 07:08:49
QKMcpobp2GM,https://www.youtube.com/watch?v=QKMcpobp2GM,uc-eolknnfvatrgueslppaow,필수 픽!,다이소 갔는데 이걸 안사왔다고? #쿠팡꿀템 #생활추천템 #다이소꿀템,0,0,2026-09-02T10:46:03.000270+00:00,2026-09-05T23:10:01.374377+00:00,2026-09-16T05:10:03.000270+00:00,홈템,썰쇼핑,13200,2026-09-09 02:35:38
whV4XpnOtHI,https://www.youtube.com/watch?v=whV4XpnOtHI,uc-eolknnfvatrgueslppaow,필수 픽!,다이소에 있었는데 왜 저만 몰랐죠? #쿠팡꿀템 #생활추천템 #다이소꿀템,0,0,2026-09-04T10:46:03.000270+00:00,2026-09-06T23:10:01.282766+00:00,2026-09-16T05:10:03.000270+00:00,제품정체형,썰쇼핑,13200,2026-09-09 02:35:38
bon4yK_F6xw,https://www.youtube.com/watch?v=bon4yK_F6xw,uc-eolknnfvatrgueslppaow,필수 픽!,서랍장 정리 끝판왕! 아무도 몰랐던 기발한 활용법 #쿠팡꿀템 #생활추천템 #다이소꿀템,0,0,2026-09-08T02:34:03.000270+00:00,2026-09-08T12:30:44.178691+00:00,2026-09-16T05:10:03.000270+00:00,오용형,썰쇼핑,13200,2026-09-09 02:35:38
UFTVHJAf3LM,https://www.youtube.com/watch?v=UFTVHJAf3LM,uc-eolknnfvatrgueslppaow,필수 픽!,안사면 손해보는 생활꿀템 #쿠팡꿀템 #생활추천템 #다이소꿀템,0,0,2026-09-07T10:46:03.000270+00:00,2026-09-08T23:10:01.332600+00:00,2026-09-16T05:10:03.000270+00:00,홈템,썰쇼핑,13200,2026-09-09 02:35:38
19BhaDKtDrU,https://www.youtube.com/watch?v=19BhaDKtDrU,uc-eolknnfvatrgueslppaow,필수 픽!,옷장 정리 스트레스? &#39;이걸로&#39; 끝! #쿠팡꿀템 #생활추천템 #다이소꿀템,0,0,2026-09-09T01:04:03.000270+00:00,2026-09-09T23:10:01.358608+00:00,2026-09-16T05:10:03.000270+00:00,홈템,썰쇼핑,13200,2026-09-09 02:35:38
C6qhKQ1raak,https://www.youtube.com/watch?v=C6qhKQ1raak,uc-eolknnfvatrgueslppaow,필수 픽!,다이소에서 보이면 무조건 집어오세요 #쿠팡꿀템 #생활추천템 #다이소꿀템,0,0,2026-09-11T00:04:03.000270+00:00,2026-09-11T05:10:02.666924+00:00,2026-09-16T05:10:03.000270+00:00,홈템,썰쇼핑,13200,2026-09-09 02:35:38
S4aUAmaHBS0,https://www.youtube.com/watch?v=S4aUAmaHBS0,uc-eolknnfvatrgueslppaow,필수 픽!,대파 냉동할때 이거 꼭 넣으세요 #살림꿀팁 #생활꿀템 #다이소꿀템,0,0,2026-09-10T00:16:03.000270+00:00,2026-09-15T23:10:03.157352+00:00,2026-09-16T05:10:03.000270+00:00,홈템,썰쇼핑,13200,2026-09-09 02:35:38
5jLafpRsRGw,https://www.youtube.com/watch?v=5jLafpRsRGw,ucg5hweos6pan5ibu5olvbiw,환상의콤비,"정재형 , 차예련도 지른 평생 쓰는 주방템",0,0,2026-09-04T08:28:03.000270+00:00,2026-09-08T10:27:51.412064+00:00,2026-09-16T05:10:03.000270+00:00,홈템,썰쇼핑,2910,2026-09-09 02:35:38
kbeaDpJsxwM,https://www.youtube.com/watch?v=kbeaDpJsxwM,uc8xd-qdceh3dtim7_ho4nsg,살림자매,드디어 나왔다! 9월1주 신상 할인정보 #코스트코 #코스트코추천템,0,0,2026-09-04T11:34:03.000270+00:00,2026-09-11T23:10:02.319689+00:00,2026-09-16T05:10:03.000270+00:00,제품정체형,썰쇼핑,17500,2026-09-09 02:35:38
mv6jG8g3fmQ,https://www.youtube.com/watch?v=mv6jG8g3fmQ,ucvq26myeojatrmce0pm0qsq,먹킷리스트,사실상 99%가 여기를 뜯어 버려서 손해 보고 있었습니다. 오직 1%만 알고 있다는 생활꿀팁!,0,0,2026-09-11T09:58:03.000270+00:00,2026-09-11T23:10:02.319689+00:00,2026-09-16T05:10:03.000270+00:00,기타,썰쇼핑,89600,2026-09-09 07:08:49
pET9iiG0Q5s,https://www.youtube.com/watch?v=pET9iiG0Q5s,ucfixbi7x0-uwmanviy9f-jw,핫템 리뷰,여자들이 피부에 신경써야 하는 이유,0,0,2026-09-03T22:58:03.000270+00:00,2026-09-14T23:10:03.036703+00:00,2026-09-16T05:10:03.000270+00:00,기타,썰쇼핑,11,2026-09-14 07:04:05
PkaJYij2nXY,https://www.youtube.com/watch?v=PkaJYij2nXY,ucfixbi7x0-uwmanviy9f-jw,핫템 리뷰,여자 피부가 무조건 좋아야하는 이유,0,0,2026-09-03T13:16:03.000270+00:00,2026-09-14T23:10:03.036703+00:00,2026-09-16T05:10:03.000270+00:00,기타,썰쇼핑,11,2026-09-14 07:04:05
qF7qmKVmczY,https://www.youtube.com/watch?v=qF7qmKVmczY,ucl12scb2y7j-kx0_ghaf-xq,썰풀다,냉장고에 은박 봉투 도배했더니 일어난 소름 돋는 반전#은박지퍼백 #냉장고정리 #주방꿀템 #식재료보관,0,0,2026-09-01T06:04:02.238212+00:00,2026-09-04T23:10:02.346310+00:00,2026-09-15T05:10:02.238212+00:00,홈템,썰쇼핑,0,2026-08-19 05:56:25
KCzY8N4LXFU,https://www.youtube.com/watch?v=KCzY8N4LXFU,uc0do9ivmcduowrrnlcg94hw,꿀템줍줍,"다이소도 탐내는 욕실 수납함, 빈 공간이 수납공간으로✨(0306번)",0,0,2026-09-01T10:58:02.238212+00:00,2026-09-04T23:10:02.346310+00:00,2026-09-15T05:10:02.238212+00:00,홈템,썰쇼핑,44400,2026-09-09 02:35:38
gVEscnmbEeM,https://www.youtube.com/watch?v=gVEscnmbEeM,uc-eolknnfvatrgueslppaow,필수 픽!,다이소에 있었는데 이걸 몰랐다고? #쿠팡꿀템 #생활추천템 #다이소꿀템,0,0,2026-09-01T10:46:02.238212+00:00,2026-09-04T23:10:02.346310+00:00,2026-09-15T05:10:02.238212+00:00,제품정체형,썰쇼핑,13200,2026-09-09 02:35:38
ULXwaoK9Iow,https://www.youtube.com/watch?v=ULXwaoK9Iow,uc-eolknnfvatrgueslppaow,필수 픽!,건조기 불나기 전에 무조건 이렇게 하세요 #쿠팡꿀템 #생활추천템 #다이소꿀템,0,0,2026-09-10T10:46:02.238212+00:00,2026-09-11T23:10:02.319689+00:00,2026-09-15T05:10:02.238212+00:00,홈템,썰쇼핑,13200,2026-09-09 02:35:38
vApUxz7r8i0,https://www.youtube.com/watch?v=vApUxz7r8i0,ucvq26myeojatrmce0pm0qsq,먹킷리스트,아직도 버젓이 팔고 있네요. 다이소에서 이런 수세미는 절대 사지 마세요. 인기 다이소 추천템의 숨겨진 진실!,0,0,2026-09-01T09:58:02.238212+00:00,2026-09-04T23:10:02.346310+00:00,2026-09-15T05:10:02.238212+00:00,제품정체형,썰쇼핑,89600,2026-09-09 07:08:49
UJO1UHtwSJw,https://www.youtube.com/watch?v=UJO1UHtwSJw,uctxuvpifjihgl8c8mfzqmoa,나를 위한 발견,청소할 곳 자체를 없애버리는 청소템의 정체,0,0,2026-08-31T23:16:03.036703+00:00,2026-09-04T23:10:02.346310+00:00,2026-09-14T23:10:03.036703+00:00,제품정체형,썰쇼핑,32,2026-09-14 07:04:05
SnxlOvSvXyk,https://www.youtube.com/watch?v=SnxlOvSvXyk,ucwwuxe1dfkgyhf5euhsitzw,살림장착,다이소도 경악한 정리천재의 꼼수,0,0,2026-08-27T05:52:01.358608+00:00,2026-09-04T23:10:02.346310+00:00,2026-09-09T23:10:01.358608+00:00,홈템,썰쇼핑,8850,2026-09-09 07:08:49
